ISO-10303-21;
HEADER;
FILE_DESCRIPTION (( 'STEP AP214' ),
    '1' );
FILE_NAME ('SML-LX0404SIUPGUSB.STEP',
    '2022-02-10T05:54:20',
    ( '' ),
    ( '' ),
    'SwSTEP 2.0',
    'SolidWorks 2018',
    '' );
FILE_SCHEMA (( 'AUTOMOTIVE_DESIGN' ));
ENDSEC;

DATA;
#1 = LINE ( 'NONE', #1512, #224 ) ;
#2 = DIRECTION ( 'NONE',  ( 0.0000000000000000000, 0.0000000000000000000, 1.000000000000000000 ) ) ;
#3 = PRESENTATION_LAYER_ASSIGNMENT (  '', '', ( #4533 ) ) ;
#4 = FILL_AREA_STYLE_COLOUR ( '', #1026 ) ;
#5 = CARTESIAN_POINT ( 'NONE',  ( -0.4988000000000001877, 0.1499999999999999944, 0.1050000000000000239 ) ) ;
#6 = SURFACE_STYLE_FILL_AREA ( #4262 ) ;
#7 = DIRECTION ( 'NONE',  ( -0.0000000000000000000, -0.0000000000000000000, 1.000000000000000000 ) ) ;
#8 = DIRECTION ( 'NONE',  ( 0.0000000000000000000, 0.0000000000000000000, 1.000000000000000000 ) ) ;
#9 = DIRECTION ( 'NONE',  ( 0.7071067811865475727, -0.7071067811865475727, 0.0000000000000000000 ) ) ;
#10 = DIRECTION ( 'NONE',  ( 0.0000000000000000000, 1.000000000000000000, 0.0000000000000000000 ) ) ;
#11 = CARTESIAN_POINT ( 'NONE',  ( -0.1998000000000001997, 0.1998000000000001997, 0.1100000000000000006 ) ) ;
#12 = CARTESIAN_POINT ( 'NONE',  ( 0.4497585786437626187, 0.4997000000000002551, -0.2479448892945115002 ) ) ;
#13 = ADVANCED_FACE ( 'NONE', ( #240, #2269 ), #2856, .T. ) ;
#14 = ORIENTED_EDGE ( 'NONE', *, *, #3817, .T. ) ;
#15 = PRESENTATION_STYLE_ASSIGNMENT (( #4543 ) ) ;
#16 = DIRECTION ( 'NONE',  ( 0.0000000000000000000, -0.0000000000000000000, 1.000000000000000000 ) ) ;
#17 = ORIENTED_EDGE ( 'NONE', *, *, #2151, .T. ) ;
#18 = EDGE_CURVE ( 'NONE', #1793, #145, #2384, .T. ) ;
#19 = CARTESIAN_POINT ( 'NONE',  ( 0.4998000000000002441, 0.1248000000000002163, 0.1100000000000000006 ) ) ;
#20 = VERTEX_POINT ( 'NONE', #2302 ) ;
#21 = AXIS2_PLACEMENT_3D ( 'NONE', #161, #4538, #491 ) ;
#22 = DIRECTION ( 'NONE',  ( 1.445602896647339163E-16, -1.000000000000000000, 0.0000000000000000000 ) ) ;
#23 = CARTESIAN_POINT ( 'NONE',  ( 0.1499999999999999944, -0.4988000000000001877, 0.1050000000000000239 ) ) ;
#24 = ORIENTED_EDGE ( 'NONE', *, *, #4018, .F. ) ;
#25 = VECTOR ( 'NONE', #2140, 1000.000000000000000 ) ;
#26 = EDGE_CURVE ( 'NONE', #4622, #134, #695, .T. ) ;
#27 = FACE_OUTER_BOUND ( 'NONE', #717, .T. ) ;
#28 = EDGE_CURVE ( 'NONE', #4727, #4054, #4667, .T. ) ;
#29 = ORIENTED_EDGE ( 'NONE', *, *, #2939, .F. ) ;
#30 = CARTESIAN_POINT ( 'NONE',  ( 0.1248000000000002163, 0.1248000000000002163, 0.1250000000000000000 ) ) ;
#31 = UNCERTAINTY_MEASURE_WITH_UNIT (LENGTH_MEASURE( 1.000000000000000082E-05 ), #3447, 'distance_accuracy_value', 'NONE');
#32 = VERTEX_POINT ( 'NONE', #2148 ) ;
#33 = ORIENTED_EDGE ( 'NONE', *, *, #2075, .F. ) ;
#34 = FILL_AREA_STYLE ('',( #4105 ) ) ;
#35 = CARTESIAN_POINT ( 'NONE',  ( -0.4998000000000000220, -0.4998000000000000220, 0.1250000000000000000 ) ) ;
#36 = ORIENTED_EDGE ( 'NONE', *, *, #4331, .T. ) ;
#37 = ORIENTED_EDGE ( 'NONE', *, *, #860, .T. ) ;
#38 = VECTOR ( 'NONE', #2795, 1000.000000000000000 ) ;
#39 = CARTESIAN_POINT ( 'NONE',  ( 0.4988000000000001877, -0.1499999999999999944, 0.1050000000000000239 ) ) ;
#40 = FACE_OUTER_BOUND ( 'NONE', #2029, .T. ) ;
#41 = ORIENTED_EDGE ( 'NONE', *, *, #1996, .T. ) ;
#42 = PRESENTATION_STYLE_ASSIGNMENT (( #3495 ) ) ;
#43 = AXIS2_PLACEMENT_3D ( 'NONE', #3263, #1062, #3638 ) ;
#44 = ADVANCED_FACE ( 'NONE', ( #4725 ), #2134, .F. ) ;
#45 = SURFACE_STYLE_FILL_AREA ( #334 ) ;
#46 = CARTESIAN_POINT ( 'NONE',  ( 0.4498000000000001997, 0.1998000000000001997, 0.1100000000000000006 ) ) ;
#47 = ORIENTED_EDGE ( 'NONE', *, *, #3124, .T. ) ;
#48 =( NAMED_UNIT ( * ) SI_UNIT ( $, .STERADIAN. ) SOLID_ANGLE_UNIT ( ) );
#49 = CARTESIAN_POINT ( 'NONE',  ( 0.3098000000000001863, -0.4998000000000002441, 0.1250000000000000000 ) ) ;
#51 = CARTESIAN_POINT ( 'NONE',  ( -0.4498000000000001997, 0.3248000000000001997, 0.1100000000000000006 ) ) ;
#50 = LINE ( 'NONE', #2760, #2979 ) ;
#52 = CARTESIAN_POINT ( 'NONE',  ( 0.3098000000000001863, 0.4997000000000002551, -0.2479448892945115002 ) ) ;
#53 = ORIENTED_EDGE ( 'NONE', *, *, #3486, .F. ) ;
#54 = ADVANCED_FACE ( 'NONE', ( #575 ), #1726, .F. ) ;
#55 =( LENGTH_UNIT ( ) NAMED_UNIT ( * ) SI_UNIT ( .MILLI., .METRE. ) );
#56 = EDGE_CURVE ( 'NONE', #3385, #2224, #1502, .T. ) ;
#57 =( GEOMETRIC_REPRESENTATION_CONTEXT ( 3 ) GLOBAL_UNCERTAINTY_ASSIGNED_CONTEXT ( ( #4233 ) ) GLOBAL_UNIT_ASSIGNED_CONTEXT ( ( #1570, #4138, #4177 ) ) REPRESENTATION_CONTEXT ( 'NONE', 'WORKASPACE' ) );
#58 = VECTOR ( 'NONE', #4656, 1000.000000000000000 ) ;
#59 = DIRECTION ( 'NONE',  ( -0.0000000000000000000, -0.0000000000000000000, 1.000000000000000000 ) ) ;
#60 = LINE ( 'NONE', #3780, #4607 ) ;
#61 = AXIS2_PLACEMENT_3D ( 'NONE', #2086, #583, #3926 ) ;
#62 = CARTESIAN_POINT ( 'NONE',  ( 0.3098300000000002163, 0.4997000000000002551, 0.1100000000000000144 ) ) ;
#63 = ORIENTED_EDGE ( 'NONE', *, *, #2807, .T. ) ;
#64 = STYLED_ITEM ( 'NONE', ( #3381 ), #4425 ) ;
#65 = DIRECTION ( 'NONE',  ( 1.000000000000000000, -0.0000000000000000000, -0.0000000000000000000 ) ) ;
#66 = PLANE ( 'NONE',  #3821 ) ;
#67 = ORIENTED_EDGE ( 'NONE', *, *, #3691, .T. ) ;
#68 = ADVANCED_FACE ( 'NONE', ( #4440 ), #2912, .T. ) ;
#69 = COLOUR_RGB ( '',0.6470588235294117974, 0.6196078431372549211, 0.5882352941176470784 ) ;
#70 = EDGE_LOOP ( 'NONE', ( #1873, #2454, #2938, #2243, #4142, #2293, #2644, #1576 ) ) ;
#71 = SURFACE_STYLE_USAGE ( .BOTH. , #1187 ) ;
#72 = DIRECTION ( 'NONE',  ( -0.0000000000000000000, 1.000000000000000000, -0.0000000000000000000 ) ) ;
#73 = VERTEX_POINT ( 'NONE', #2237 ) ;
#74 = CARTESIAN_POINT ( 'NONE',  ( 0.1499999999999999667, -0.04999999999999999584, -0.1150000000000000050 ) ) ;
#75 = VERTEX_POINT ( 'NONE', #389 ) ;
#76 = DIRECTION ( 'NONE',  ( 1.000000000000000000, -0.0000000000000000000, -0.0000000000000000000 ) ) ;
#77 = COLOUR_RGB ( '',0.3411764705882353033, 0.8392156862745098200, 0.4117647058823529216 ) ;
#78 = PRESENTATION_STYLE_ASSIGNMENT (( #1538 ) ) ;
#79 = EDGE_CURVE ( 'NONE', #3118, #4388, #3639, .T. ) ;
#80 = ORIENTED_EDGE ( 'NONE', *, *, #230, .F. ) ;
#81 = CARTESIAN_POINT ( 'NONE',  ( 0.4997000000000002551, -0.3098300000000002719, 0.1100000000000000144 ) ) ;
#82 = ORIENTED_EDGE ( 'NONE', *, *, #3388, .F. ) ;
#83 =( GEOMETRIC_REPRESENTATION_CONTEXT ( 3 ) GLOBAL_UNCERTAINTY_ASSIGNED_CONTEXT ( ( #818 ) ) GLOBAL_UNIT_ASSIGNED_CONTEXT ( ( #4495, #1549, #1921 ) ) REPRESENTATION_CONTEXT ( 'NONE', 'WORKASPACE' ) );
#84 = LINE ( 'NONE', #4419, #2091 ) ;
#85 = STYLED_ITEM ( 'NONE', ( #3183 ), #254 ) ;
#86 = ORIENTED_EDGE ( 'NONE', *, *, #418, .T. ) ;
#87 = FACE_OUTER_BOUND ( 'NONE', #2832, .T. ) ;
#88 = DIRECTION ( 'NONE',  ( -0.7071067811865474617, -0.7071067811865474617, 0.0000000000000000000 ) ) ;
#89 = EDGE_CURVE ( 'NONE', #1930, #614, #2828, .T. ) ;
#90 = AXIS2_PLACEMENT_3D ( 'NONE', #153, #3057, #2723 ) ;
#91 = ORIENTED_EDGE ( 'NONE', *, *, #4707, .T. ) ;
#92 = VERTEX_POINT ( 'NONE', #3685 ) ;
#93 = CARTESIAN_POINT ( 'NONE',  ( -0.4998000000000000220, -0.4998000000000000220, 0.005000000000000013115 ) ) ;
#94 = VECTOR ( 'NONE', #3828, 1000.000000000000000 ) ;
#95 =( GEOMETRIC_REPRESENTATION_CONTEXT ( 3 ) GLOBAL_UNCERTAINTY_ASSIGNED_CONTEXT ( ( #1586 ) ) GLOBAL_UNIT_ASSIGNED_CONTEXT ( ( #1757, #4695, #2127 ) ) REPRESENTATION_CONTEXT ( 'NONE', 'WORKASPACE' ) );
#96 = ORIENTED_EDGE ( 'NONE', *, *, #2318, .F. ) ;
#97 = ORIENTED_EDGE ( 'NONE', *, *, #3072, .T. ) ;
#98 =( LENGTH_UNIT ( ) NAMED_UNIT ( * ) SI_UNIT ( .MILLI., .METRE. ) );
#99 = ADVANCED_FACE ( 'NONE', ( #3281 ), #691, .F. ) ;
#100 = FILL_AREA_STYLE ('',( #4329 ) ) ;
#101 = LINE ( 'NONE', #1933, #3682 ) ;
#102 = VECTOR ( 'NONE', #973, 1000.000000000000000 ) ;
#103 = ORIENTED_EDGE ( 'NONE', *, *, #79, .F. ) ;
#104 =( GEOMETRIC_REPRESENTATION_CONTEXT ( 3 ) GLOBAL_UNCERTAINTY_ASSIGNED_CONTEXT ( ( #1662 ) ) GLOBAL_UNIT_ASSIGNED_CONTEXT ( ( #1046, #3274, #1390 ) ) REPRESENTATION_CONTEXT ( 'NONE', 'WORKASPACE' ) );
#105 = LINE ( 'NONE', #3863, #4599 ) ;
#106 = FILL_AREA_STYLE ('',( #4530 ) ) ;
#107 = EDGE_CURVE ( 'NONE', #73, #674, #4140, .T. ) ;
#108 = PLANE ( 'NONE',  #2894 ) ;
#109 = UNCERTAINTY_MEASURE_WITH_UNIT (LENGTH_MEASURE( 1.000000000000000082E-05 ), #4263, 'distance_accuracy_value', 'NONE');
#110 = CARTESIAN_POINT ( 'NONE',  ( 0.1998000000000001997, -0.1998000000000001997, 0.1250000000000000000 ) ) ;
#111 = CARTESIAN_POINT ( 'NONE',  ( 0.0000000000000000000, 0.0000000000000000000, -0.1150000000000000050 ) ) ;
#112 = CARTESIAN_POINT ( 'NONE',  ( 0.4998000000000002441, 0.4998000000000002441, 0.1250000000000000000 ) ) ;
#113 = VECTOR ( 'NONE', #8, 1000.000000000000000 ) ;
#114 = SURFACE_STYLE_USAGE ( .BOTH. , #4205 ) ;
#115 = EDGE_CURVE ( 'NONE', #558, #3781, #3160, .T. ) ;
#116 = AXIS2_PLACEMENT_3D ( 'NONE', #3827, #505, #4554 ) ;
#117 = EDGE_LOOP ( 'NONE', ( #1666, #4573, #4284, #1964 ) ) ;
#118 = PRESENTATION_LAYER_ASSIGNMENT (  '', '', ( #1749 ) ) ;
#119 = CARTESIAN_POINT ( 'NONE',  ( -0.4497999999999999776, -0.4998000000000002441, 0.1100000000000000144 ) ) ;
#120 = LINE ( 'NONE', #4153, #2202 ) ;
#121 = FILL_AREA_STYLE ('',( #3812 ) ) ;
#122 =( LENGTH_UNIT ( ) NAMED_UNIT ( * ) SI_UNIT ( .MILLI., .METRE. ) );
#123 = ORIENTED_EDGE ( 'NONE', *, *, #1432, .T. ) ;
#124 = CARTESIAN_POINT ( 'NONE',  ( 0.1248000000000002163, -0.1248000000000002163, 0.1250000000000000000 ) ) ;
#125 = ORIENTED_EDGE ( 'NONE', *, *, #2762, .T. ) ;
#126 = CARTESIAN_POINT ( 'NONE',  ( 0.4998000000000002441, -0.3098000000000002419, 0.1100000000000000006 ) ) ;
#127 = LINE ( 'NONE', #2425, #3645 ) ;
#128 =( NAMED_UNIT ( * ) SI_UNIT ( $, .STERADIAN. ) SOLID_ANGLE_UNIT ( ) );
#129 = STYLED_ITEM ( 'NONE', ( #2783 ), #1121 ) ;
#130 = DIRECTION ( 'NONE',  ( 0.0000000000000000000, -1.000000000000000000, -0.0000000000000000000 ) ) ;
#131 = ORIENTED_EDGE ( 'NONE', *, *, #2337, .F. ) ;
#132 = ORIENTED_EDGE ( 'NONE', *, *, #3634, .F. ) ;
#133 = CARTESIAN_POINT ( 'NONE',  ( -0.4498000000000001997, -0.3248000000000001997, 0.1250000000000000000 ) ) ;
#134 = VERTEX_POINT ( 'NONE', #2596 ) ;
#135 = LINE ( 'NONE', #3593, #1974 ) ;
#136 = COLOUR_RGB ( '',0.6470588235294117974, 0.6196078431372549211, 0.5882352941176470784 ) ;
#137 = CARTESIAN_POINT ( 'NONE',  ( 0.4999000000000001775, -0.4998999999999999555, 0.005000000000000013115 ) ) ;
#138 = ORIENTED_EDGE ( 'NONE', *, *, #1994, .F. ) ;
#139 = FILL_AREA_STYLE ('',( #3403 ) ) ;
#140 = ORIENTED_EDGE ( 'NONE', *, *, #2580, .T. ) ;
#141 = ORIENTED_EDGE ( 'NONE', *, *, #2115, .T. ) ;
#142 = EDGE_CURVE ( 'NONE', #3385, #2363, #1606, .T. ) ;
#143 = CARTESIAN_POINT ( 'NONE',  ( -0.1998000000000001997, -0.1998000000000001997, 0.1100000000000000006 ) ) ;
#144 = SURFACE_SIDE_STYLE ('',( #3859 ) ) ;
#145 = VERTEX_POINT ( 'NONE', #1457 ) ;
#146 = PRESENTATION_LAYER_ASSIGNMENT (  '', '', ( #2520 ) ) ;
#147 = ORIENTED_EDGE ( 'NONE', *, *, #1403, .T. ) ;
#148 = FACE_OUTER_BOUND ( 'NONE', #3178, .T. ) ;
#149 = COLOUR_RGB ( '',0.3411764705882353033, 0.8392156862745098200, 0.4117647058823529216 ) ;
#150 = DIRECTION ( 'NONE',  ( 0.0000000000000000000, 0.0000000000000000000, 1.000000000000000000 ) ) ;
#151 = PRESENTATION_LAYER_ASSIGNMENT (  '', '', ( #638 ) ) ;
#152 = LINE ( 'NONE', #1583, #2407 ) ;
#153 = CARTESIAN_POINT ( 'NONE',  ( 0.0000000000000000000, -0.4988000000000001877, 0.0000000000000000000 ) ) ;
#154 = ORIENTED_EDGE ( 'NONE', *, *, #4702, .T. ) ;
#155 = ORIENTED_EDGE ( 'NONE', *, *, #2915, .T. ) ;
#156 = MECHANICAL_DESIGN_GEOMETRIC_PRESENTATION_REPRESENTATION (  '', ( #1376 ), #2707 ) ;
#157 = VECTOR ( 'NONE', #546, 1000.000000000000000 ) ;
#158 =( LENGTH_UNIT ( ) NAMED_UNIT ( * ) SI_UNIT ( .MILLI., .METRE. ) );
#159 = VECTOR ( 'NONE', #450, 1000.000000000000000 ) ;
#160 = ORIENTED_EDGE ( 'NONE', *, *, #4729, .F. ) ;
#161 = CARTESIAN_POINT ( 'NONE',  ( -0.4997000000000000330, -0.4497585786437628408, -0.2479448892945115002 ) ) ;
#162 = SURFACE_SIDE_STYLE ('',( #4277 ) ) ;
#163 = COLOUR_RGB ( '',1.000000000000000000, 1.000000000000000000, 1.000000000000000000 ) ;
#164 = DIRECTION ( 'NONE',  ( 1.000000000000000000, -0.0000000000000000000, -0.0000000000000000000 ) ) ;
#165 = FACE_OUTER_BOUND ( 'NONE', #2805, .T. ) ;
#166 = DIRECTION ( 'NONE',  ( 0.9578262852211516520, 0.2873478855663441078, 0.0000000000000000000 ) ) ;
#167 = LINE ( 'NONE', #445, #2819 ) ;
#168 = EDGE_CURVE ( 'NONE', #20, #1535, #2771, .T. ) ;
#169 = DIRECTION ( 'NONE',  ( 0.0000000000000000000, 1.000000000000000000, 0.0000000000000000000 ) ) ;
#170 = SURFACE_STYLE_FILL_AREA ( #2410 ) ;
#171 = PRESENTATION_STYLE_ASSIGNMENT (( #178 ) ) ;
#172 = MECHANICAL_DESIGN_GEOMETRIC_PRESENTATION_REPRESENTATION (  '', ( #4704 ), #980 ) ;
#173 = DIRECTION ( 'NONE',  ( 1.000000000000000000, -0.0000000000000000000, -0.0000000000000000000 ) ) ;
#174 = PLANE ( 'NONE',  #1206 ) ;
#175 = ORIENTED_EDGE ( 'NONE', *, *, #2249, .F. ) ;
#176 = EDGE_CURVE ( 'NONE', #4173, #1104, #3761, .T. ) ;
#177 = EDGE_CURVE ( 'NONE', #2206, #248, #3467, .T. ) ;
#178 = SURFACE_STYLE_USAGE ( .BOTH. , #2213 ) ;
#179 = MECHANICAL_DESIGN_GEOMETRIC_PRESENTATION_REPRESENTATION (  '', ( #678 ), #2093 ) ;
#180 = DIRECTION ( 'NONE',  ( 0.9578262852211516520, 0.2873478855663441078, 0.0000000000000000000 ) ) ;
#181 = VERTEX_POINT ( 'NONE', #1134 ) ;
#182 = ORIENTED_EDGE ( 'NONE', *, *, #3759, .T. ) ;
#183 = AXIS2_PLACEMENT_3D ( 'NONE', #4359, #2546, #3287 ) ;
#184 = CARTESIAN_POINT ( 'NONE',  ( 0.1998000000000001997, 0.1998000000000001997, 0.1100000000000000006 ) ) ;
#185 = FILL_AREA_STYLE ('',( #4567 ) ) ;
#186 = ORIENTED_EDGE ( 'NONE', *, *, #2700, .T. ) ;
#187 = DIRECTION ( 'NONE',  ( -0.0000000000000000000, -0.0000000000000000000, 1.000000000000000000 ) ) ;
#188 = ORIENTED_EDGE ( 'NONE', *, *, #1929, .T. ) ;
#189 = CARTESIAN_POINT ( 'NONE',  ( -0.1248000000000001608, 0.4998000000000002441, 0.1100000000000000006 ) ) ;
#190 = VERTEX_POINT ( 'NONE', #2169 ) ;
#191 = PRESENTATION_LAYER_ASSIGNMENT (  '', '', ( #523 ) ) ;
#192 = LINE ( 'NONE', #1902, #588 ) ;
#193 = VECTOR ( 'NONE', #714, 1000.000000000000000 ) ;
#194 =( NAMED_UNIT ( * ) SI_UNIT ( $, .STERADIAN. ) SOLID_ANGLE_UNIT ( ) );
#195 = UNCERTAINTY_MEASURE_WITH_UNIT (LENGTH_MEASURE( 1.000000000000000082E-05 ), #219, 'distance_accuracy_value', 'NONE');
#196 = ORIENTED_EDGE ( 'NONE', *, *, #1491, .T. ) ;
#197 = ORIENTED_EDGE ( 'NONE', *, *, #4453, .F. ) ;
#198 = LINE ( 'NONE', #1039, #1120 ) ;
#199 = FILL_AREA_STYLE ('',( #3516 ) ) ;
#200 = VECTOR ( 'NONE', #1683, 1000.000000000000114 ) ;
#201 = VERTEX_POINT ( 'NONE', #2197 ) ;
#202 = ORIENTED_EDGE ( 'NONE', *, *, #3039, .F. ) ;
#203 = DIRECTION ( 'NONE',  ( 1.000000000000000000, -0.0000000000000000000, -0.0000000000000000000 ) ) ;
#204 = DIRECTION ( 'NONE',  ( -1.549318638402482068E-15, -1.000000000000000000, -0.0000000000000000000 ) ) ;
#205 =( NAMED_UNIT ( * ) SI_UNIT ( $, .STERADIAN. ) SOLID_ANGLE_UNIT ( ) );
#206 = EDGE_CURVE ( 'NONE', #1676, #4283, #1774, .T. ) ;
#207 = LINE ( 'NONE', #456, #1988 ) ;
#208 = ORIENTED_EDGE ( 'NONE', *, *, #2547, .F. ) ;
#209 = PLANE ( 'NONE',  #2064 ) ;
#210 = DIRECTION ( 'NONE',  ( 0.0000000000000000000, 0.0000000000000000000, -1.000000000000000000 ) ) ;
#211 =( GEOMETRIC_REPRESENTATION_CONTEXT ( 3 ) GLOBAL_UNCERTAINTY_ASSIGNED_CONTEXT ( ( #1657 ) ) GLOBAL_UNIT_ASSIGNED_CONTEXT ( ( #2890, #2924, #3264 ) ) REPRESENTATION_CONTEXT ( 'NONE', 'WORKASPACE' ) );
#212 = EDGE_LOOP ( 'NONE', ( #3644, #824, #947, #1748 ) ) ;
#213 = FILL_AREA_STYLE_COLOUR ( '', #1052 ) ;
#214 = ORIENTED_EDGE ( 'NONE', *, *, #3628, .F. ) ;
#215 = CARTESIAN_POINT ( 'NONE',  ( 0.0000000000000000000, 0.0000000000000000000, 0.0000000000000000000 ) ) ;
#216 = AXIS2_PLACEMENT_3D ( 'NONE', #702, #1438, #16 ) ;
#217 = VECTOR ( 'NONE', #3306, 1000.000000000000000 ) ;
#218 =( NAMED_UNIT ( * ) PLANE_ANGLE_UNIT ( ) SI_UNIT ( $, .RADIAN. ) );
#219 =( LENGTH_UNIT ( ) NAMED_UNIT ( * ) SI_UNIT ( .MILLI., .METRE. ) );
#220 = STYLED_ITEM ( 'NONE', ( #1912 ), #728 ) ;
#221 = CARTESIAN_POINT ( 'NONE',  ( -0.1248000000000002163, 0.1248000000000002163, 0.1250000000000000000 ) ) ;
#222 =( NAMED_UNIT ( * ) SI_UNIT ( $, .STERADIAN. ) SOLID_ANGLE_UNIT ( ) );
#223 = CARTESIAN_POINT ( 'NONE',  ( -0.4998000000000000220, 0.4998000000000002441, 0.005000000000000013115 ) ) ;
#224 = VECTOR ( 'NONE', #3775, 1000.000000000000114 ) ;
#226 = DIRECTION ( 'NONE',  ( -1.000000000000000000, 0.0000000000000000000, 0.0000000000000000000 ) ) ;
#225 = SURFACE_STYLE_FILL_AREA ( #4439 ) ;
#227 = FACE_OUTER_BOUND ( 'NONE', #1759, .T. ) ;
#228 = LINE ( 'NONE', #1819, #113 ) ;
#229 = ADVANCED_FACE ( 'NONE', ( #636 ), #706, .F. ) ;
#230 = EDGE_CURVE ( 'NONE', #861, #1093, #2602, .T. ) ;
#231 = CARTESIAN_POINT ( 'NONE',  ( 0.4747999999999990561, -0.4748000000000011100, -0.1248999999999999971 ) ) ;
#232 = CARTESIAN_POINT ( 'NONE',  ( 0.1998000000000001997, 0.4498000000000001997, 0.1100000000000000006 ) ) ;
#233 = CARTESIAN_POINT ( 'NONE',  ( 0.1248000000000002163, -0.1248000000000002163, 0.1100000000000000006 ) ) ;
#234 = SURFACE_STYLE_FILL_AREA ( #4744 ) ;
#235 = CARTESIAN_POINT ( 'NONE',  ( -0.4998000000000000220, 0.4998000000000002441, 0.005000000000000013115 ) ) ;
#236 = VECTOR ( 'NONE', #3329, 1000.000000000000000 ) ;
#237 = DIRECTION ( 'NONE',  ( 0.7071067811865474617, -0.7071067811865474617, 0.0000000000000000000 ) ) ;
#238 = AXIS2_PLACEMENT_3D ( 'NONE', #52, #1905, #3360 ) ;
#239 = SURFACE_SIDE_STYLE ('',( #3864 ) ) ;
#240 = FACE_BOUND ( 'NONE', #1842, .T. ) ;
#241 =( GEOMETRIC_REPRESENTATION_CONTEXT ( 3 ) GLOBAL_UNCERTAINTY_ASSIGNED_CONTEXT ( ( #4596 ) ) GLOBAL_UNIT_ASSIGNED_CONTEXT ( ( #912, #3470, #1348 ) ) REPRESENTATION_CONTEXT ( 'NONE', 'WORKASPACE' ) );
#242 = LINE ( 'NONE', #2097, #2541 ) ;
#243 = AXIS2_PLACEMENT_3D ( 'NONE', #1447, #4013, #765 ) ;
#244 = EDGE_LOOP ( 'NONE', ( #2676, #2019, #2731, #3930, #598, #3895, #4593, #53, #955, #1355, #1235, #1325 ) ) ;
#245 =( GEOMETRIC_REPRESENTATION_CONTEXT ( 3 ) GLOBAL_UNCERTAINTY_ASSIGNED_CONTEXT ( ( #4021 ) ) GLOBAL_UNIT_ASSIGNED_CONTEXT ( ( #1841, #2640, #48 ) ) REPRESENTATION_CONTEXT ( 'NONE', 'WORKASPACE' ) );
#246 = SURFACE_SIDE_STYLE ('',( #1856 ) ) ;
#247 = SURFACE_SIDE_STYLE ('',( #2063 ) ) ;
#248 = VERTEX_POINT ( 'NONE', #1552 ) ;
#249 = COLOUR_RGB ( '',0.03921568627450980338, 0.4901960784313725283, 0.7098039215686274828 ) ;
#250 = VECTOR ( 'NONE', #4353, 1000.000000000000000 ) ;
#251 = UNCERTAINTY_MEASURE_WITH_UNIT (LENGTH_MEASURE( 1.000000000000000082E-05 ), #1954, 'distance_accuracy_value', 'NONE');
#252 = CARTESIAN_POINT ( 'NONE',  ( -0.4498000000000001997, 0.1998000000000001997, 0.1250000000000000000 ) ) ;
#253 = ORIENTED_EDGE ( 'NONE', *, *, #3900, .F. ) ;
#255 = ORIENTED_EDGE ( 'NONE', *, *, #4301, .F. ) ;
#254 = ADVANCED_FACE ( 'NONE', ( #1839 ), #3661, .F. ) ;
#256 = VECTOR ( 'NONE', #4115, 1000.000000000000000 ) ;
#257 = LINE ( 'NONE', #4698, #4638 ) ;
#258 = SURFACE_STYLE_USAGE ( .BOTH. , #4279 ) ;
#259 = ORIENTED_EDGE ( 'NONE', *, *, #2970, .T. ) ;
#260 = COLOUR_RGB ( '',0.6470588235294117974, 0.6196078431372549211, 0.5882352941176470784 ) ;
#261 = DIRECTION ( 'NONE',  ( 1.000000000000000000, 0.0000000000000000000, 0.0000000000000000000 ) ) ;
#262 = ORIENTED_EDGE ( 'NONE', *, *, #1764, .T. ) ;
#263 = PRESENTATION_STYLE_ASSIGNMENT (( #1361 ) ) ;
#264 = EDGE_CURVE ( 'NONE', #3607, #190, #1853, .T. ) ;
#265 = LINE ( 'NONE', #3572, #1408 ) ;
#266 = CARTESIAN_POINT ( 'NONE',  ( 0.0000000000000000000, 0.0000000000000000000, -0.1248999999999999971 ) ) ;
#267 = ORIENTED_EDGE ( 'NONE', *, *, #4584, .T. ) ;
#268 = CARTESIAN_POINT ( 'NONE',  ( 0.0000000000000000000, 0.0000000000000000000, -0.1248999999999999971 ) ) ;
#269 =( LENGTH_UNIT ( ) NAMED_UNIT ( * ) SI_UNIT ( .MILLI., .METRE. ) );
#270 = EDGE_CURVE ( 'NONE', #1989, #366, #844, .T. ) ;
#271 = VECTOR ( 'NONE', #3369, 1000.000000000000114 ) ;
#272 = EDGE_CURVE ( 'NONE', #1166, #1686, #1980, .T. ) ;
#273 = VECTOR ( 'NONE', #3346, 1000.000000000000000 ) ;
#274 = DIRECTION ( 'NONE',  ( 0.7071067811865474617, 0.7071067811865474617, 0.0000000000000000000 ) ) ;
#275 = DIRECTION ( 'NONE',  ( -0.7071067811865474617, -0.7071067811865474617, 0.0000000000000000000 ) ) ;
#276 = ORIENTED_EDGE ( 'NONE', *, *, #3634, .T. ) ;
#277 = PRESENTATION_LAYER_ASSIGNMENT (  '', '', ( #3578 ) ) ;
#278 = PLANE ( 'NONE',  #4565 ) ;
#279 = DIRECTION ( 'NONE',  ( 1.000000000000000000, -0.0000000000000000000, -0.0000000000000000000 ) ) ;
#280 = PRESENTATION_LAYER_ASSIGNMENT (  '', '', ( #4407 ) ) ;
#281 = ADVANCED_FACE ( 'NONE', ( #87 ), #4085, .F. ) ;
#282 = ORIENTED_EDGE ( 'NONE', *, *, #2057, .F. ) ;
#283 = ADVANCED_FACE ( 'NONE', ( #4517 ), #1542, .F. ) ;
#284 = DIRECTION ( 'NONE',  ( 0.0000000000000000000, -1.000000000000000000, 0.0000000000000000000 ) ) ;
#285 = VECTOR ( 'NONE', #4485, 1000.000000000000000 ) ;
#286 = MECHANICAL_DESIGN_GEOMETRIC_PRESENTATION_REPRESENTATION (  '', ( #1119 ), #783 ) ;
#287 = FILL_AREA_STYLE_COLOUR ( '', #77 ) ;
#288 = CARTESIAN_POINT ( 'NONE',  ( -0.1998000000000001997, 0.1998000000000001997, 0.1100000000000000006 ) ) ;
#289 = FACE_OUTER_BOUND ( 'NONE', #640, .T. ) ;
#290 = CARTESIAN_POINT ( 'NONE',  ( -0.4497585786437626187, -0.4997000000000002551, -0.2479448892945115002 ) ) ;
#291 = CARTESIAN_POINT ( 'NONE',  ( 0.1000000000000001582, -0.1749999999999999334, -0.1250000000000000000 ) ) ;
#292 = ORIENTED_EDGE ( 'NONE', *, *, #2618, .F. ) ;
#293 = EDGE_CURVE ( 'NONE', #2443, #2914, #1794, .T. ) ;
#294 = ORIENTED_EDGE ( 'NONE', *, *, #2818, .T. ) ;
#295 =( NAMED_UNIT ( * ) PLANE_ANGLE_UNIT ( ) SI_UNIT ( $, .RADIAN. ) );
#296 = VERTEX_POINT ( 'NONE', #3777 ) ;
#297 = FILL_AREA_STYLE ('',( #1385 ) ) ;
#298 = VERTEX_POINT ( 'NONE', #1928 ) ;
#299 = CARTESIAN_POINT ( 'NONE',  ( 0.1998000000000001997, -0.1998000000000001997, 0.1250000000000000000 ) ) ;
#300 =( LENGTH_UNIT ( ) NAMED_UNIT ( * ) SI_UNIT ( .MILLI., .METRE. ) );
#301 = CARTESIAN_POINT ( 'NONE',  ( -0.4998999999999999555, -0.4998999999999999555, 0.005000000000000013115 ) ) ;
#302 = MECHANICAL_DESIGN_GEOMETRIC_PRESENTATION_REPRESENTATION (  '', ( #64 ), #4346 ) ;
#303 = ORIENTED_EDGE ( 'NONE', *, *, #3039, .T. ) ;
#304 = LINE ( 'NONE', #967, #3009 ) ;
#305 = ORIENTED_EDGE ( 'NONE', *, *, #4242, .F. ) ;
#306 = VECTOR ( 'NONE', #2702, 1000.000000000000000 ) ;
#307 = COLOUR_RGB ( '',0.6470588235294117974, 0.6196078431372549211, 0.5882352941176470784 ) ;
#308 = UNCERTAINTY_MEASURE_WITH_UNIT (LENGTH_MEASURE( 1.000000000000000082E-05 ), #1780, 'distance_accuracy_value', 'NONE');
#309 = FILL_AREA_STYLE ('',( #1055 ) ) ;
#310 = VECTOR ( 'NONE', #3861, 1000.000000000000000 ) ;
#311 = VERTEX_POINT ( 'NONE', #459 ) ;
#312 = VECTOR ( 'NONE', #3443, 1000.000000000000000 ) ;
#313 = CARTESIAN_POINT ( 'NONE',  ( 0.4498000000000001997, -0.3248000000000001997, 0.1100000000000000006 ) ) ;
#314 = DIRECTION ( 'NONE',  ( -0.0000000000000000000, -0.0000000000000000000, 1.000000000000000000 ) ) ;
#315 = CARTESIAN_POINT ( 'NONE',  ( -0.1499999999999999944, 0.4998000000000002441, 0.1050000000000000239 ) ) ;
#316 = UNCERTAINTY_MEASURE_WITH_UNIT (LENGTH_MEASURE( 1.000000000000000082E-05 ), #1474, 'distance_accuracy_value', 'NONE');
#317 = CARTESIAN_POINT ( 'NONE',  ( -0.3098000000000001863, 0.4998000000000002441, 0.1100000000000000006 ) ) ;
#318 = LINE ( 'NONE', #1947, #2742 ) ;
#319 = VERTEX_POINT ( 'NONE', #81 ) ;
#320 = SURFACE_STYLE_USAGE ( .BOTH. , #3242 ) ;
#321 = DIRECTION ( 'NONE',  ( 1.000000000000000000, 0.0000000000000000000, 0.0000000000000000000 ) ) ;
#322 =( NAMED_UNIT ( * ) PLANE_ANGLE_UNIT ( ) SI_UNIT ( $, .RADIAN. ) );
#323 = COLOUR_RGB ( '',0.6470588235294117974, 0.6196078431372549211, 0.5882352941176470784 ) ;
#324 = EDGE_CURVE ( 'NONE', #4341, #861, #3602, .T. ) ;
#325 = VECTOR ( 'NONE', #1796, 1000.000000000000000 ) ;
#326 = EDGE_LOOP ( 'NONE', ( #3862, #2203, #648, #1763 ) ) ;
#327 = ORIENTED_EDGE ( 'NONE', *, *, #1366, .T. ) ;
#328 = MECHANICAL_DESIGN_GEOMETRIC_PRESENTATION_REPRESENTATION (  '', ( #1889 ), #2645 ) ;
#329 = ORIENTED_EDGE ( 'NONE', *, *, #2351, .T. ) ;
#330 = MECHANICAL_DESIGN_GEOMETRIC_PRESENTATION_REPRESENTATION (  '', ( #85 ), #3610 ) ;
#331 = PRESENTATION_STYLE_ASSIGNMENT (( #2441 ) ) ;
#332 = CARTESIAN_POINT ( 'NONE',  ( 0.1998000000000001997, 0.1998000000000001997, 0.1250000000000000000 ) ) ;
#333 = PLANE ( 'NONE',  #2988 ) ;
#334 = FILL_AREA_STYLE ('',( #4 ) ) ;
#335 = DIRECTION ( 'NONE',  ( 1.000000000000000000, 0.0000000000000000000, -0.0000000000000000000 ) ) ;
#337 = CARTESIAN_POINT ( 'NONE',  ( -0.1248000000000001608, 0.4998000000000002441, 0.1100000000000000006 ) ) ;
#336 = PRESENTATION_STYLE_ASSIGNMENT (( #2004 ) ) ;
#338 = CARTESIAN_POINT ( 'NONE',  ( 0.4747999999999992227, 0.4748000000000012766, -0.1248999999999999971 ) ) ;
#339 = MECHANICAL_DESIGN_GEOMETRIC_PRESENTATION_REPRESENTATION (  '', ( #3051 ), #4536 ) ;
#340 = CARTESIAN_POINT ( 'NONE',  ( 0.1000000000000001443, -0.07499999999999996947, -0.1150000000000000050 ) ) ;
#341 = CARTESIAN_POINT ( 'NONE',  ( 0.1499999999999999944, 0.4988000000000001877, 0.005000000000000013115 ) ) ;
#342 = CARTESIAN_POINT ( 'NONE',  ( -0.4999999999999998890, 0.0000000000000000000, -0.1248999999999999971 ) ) ;
#343 = STYLED_ITEM ( 'NONE', ( #3728 ), #2350 ) ;
#344 = VECTOR ( 'NONE', #2593, 1000.000000000000000 ) ;
#345 = DIRECTION ( 'NONE',  ( -0.0000000000000000000, -1.000000000000000000, -0.0000000000000000000 ) ) ;
#346 = COLOUR_RGB ( '',1.000000000000000000, 0.1686274509803921684, 0.1686274509803921684 ) ;
#347 = PLANE ( 'NONE',  #3202 ) ;
#348 = STYLED_ITEM ( 'NONE', ( #4214 ), #1225 ) ;
#349 = SURFACE_SIDE_STYLE ('',( #3173 ) ) ;
#350 = EDGE_CURVE ( 'NONE', #1989, #1384, #1745, .T. ) ;
#351 = EDGE_LOOP ( 'NONE', ( #4728, #3437, #2414, #2437 ) ) ;
#352 = DIRECTION ( 'NONE',  ( -1.000000000000000000, 0.0000000000000000000, -0.0000000000000000000 ) ) ;
#353 = DIRECTION ( 'NONE',  ( 0.0000000000000000000, 0.0000000000000000000, -1.000000000000000000 ) ) ;
#354 = CARTESIAN_POINT ( 'NONE',  ( 0.4988000000000001877, -0.1499999999999999944, 0.1050000000000000239 ) ) ;
#355 = COLOUR_RGB ( '',0.3411764705882353033, 0.8392156862745098200, 0.4117647058823529216 ) ;
#356 = ORIENTED_EDGE ( 'NONE', *, *, #4395, .F. ) ;
#357 = EDGE_LOOP ( 'NONE', ( #1575, #4645, #2844, #3021 ) ) ;
#358 = EDGE_CURVE ( 'NONE', #2239, #311, #4579, .T. ) ;
#359 = VERTEX_POINT ( 'NONE', #3804 ) ;
#360 = DIRECTION ( 'NONE',  ( 0.0000000000000000000, -1.000000000000000000, 0.0000000000000000000 ) ) ;
#361 = FILL_AREA_STYLE_COLOUR ( '', #2639 ) ;
#362 = VERTEX_POINT ( 'NONE', #4193 ) ;
#363 = COLOUR_RGB ( '',0.6470588235294117974, 0.6196078431372549211, 0.5882352941176470784 ) ;
#364 = STYLED_ITEM ( 'NONE', ( #336 ), #3997 ) ;
#365 = PRESENTATION_STYLE_ASSIGNMENT (( #524 ) ) ;
#366 = VERTEX_POINT ( 'NONE', #4587 ) ;
#367 = CARTESIAN_POINT ( 'NONE',  ( -0.1998000000000001997, -0.1998000000000001997, 0.1100000000000000006 ) ) ;
#368 = FILL_AREA_STYLE ('',( #1827 ) ) ;
#369 = DIRECTION ( 'NONE',  ( 0.0000000000000000000, -0.0000000000000000000, 1.000000000000000000 ) ) ;
#370 = ORIENTED_EDGE ( 'NONE', *, *, #1002, .F. ) ;
#371 = LINE ( 'NONE', #3122, #2033 ) ;
#372 = LINE ( 'NONE', #3620, #2220 ) ;
#373 = DIRECTION ( 'NONE',  ( 0.0000000000000000000, -1.000000000000000000, 0.0000000000000000000 ) ) ;
#374 = FILL_AREA_STYLE_COLOUR ( '', #1548 ) ;
#375 = ORIENTED_EDGE ( 'NONE', *, *, #2880, .F. ) ;
#376 = PRESENTATION_STYLE_ASSIGNMENT (( #1181 ) ) ;
#377 = ORIENTED_EDGE ( 'NONE', *, *, #3222, .T. ) ;
#378 = PLANE ( 'NONE',  #4746 ) ;
#379 = VERTEX_POINT ( 'NONE', #3853 ) ;
#380 =( NAMED_UNIT ( * ) SI_UNIT ( $, .STERADIAN. ) SOLID_ANGLE_UNIT ( ) );
#381 = UNCERTAINTY_MEASURE_WITH_UNIT (LENGTH_MEASURE( 1.000000000000000082E-05 ), #752, 'distance_accuracy_value', 'NONE');
#382 = EDGE_CURVE ( 'NONE', #1104, #2146, #2793, .T. ) ;
#383 = PLANE ( 'NONE',  #3557 ) ;
#384 = ORIENTED_EDGE ( 'NONE', *, *, #4210, .T. ) ;
#385 = ORIENTED_EDGE ( 'NONE', *, *, #2848, .F. ) ;
#386 = PRESENTATION_STYLE_ASSIGNMENT (( #2980 ) ) ;
#387 = CARTESIAN_POINT ( 'NONE',  ( 0.1998000000000001997, 0.1998000000000001997, 0.1100000000000000006 ) ) ;
#388 = DIRECTION ( 'NONE',  ( -0.0000000000000000000, -1.000000000000000000, -0.0000000000000000000 ) ) ;
#389 = CARTESIAN_POINT ( 'NONE',  ( 0.07500000000000002498, -0.07500000000000001110, 0.1100000000000000006 ) ) ;
#390 = PLANE ( 'NONE',  #698 ) ;
#391 =( NAMED_UNIT ( * ) PLANE_ANGLE_UNIT ( ) SI_UNIT ( $, .RADIAN. ) );
#392 = EDGE_CURVE ( 'NONE', #3822, #3367, #1190, .T. ) ;
#393 = VECTOR ( 'NONE', #1719, 1000.000000000000000 ) ;
#394 = CARTESIAN_POINT ( 'NONE',  ( 0.1499999999999999667, -0.04999999999999999584, -0.1150000000000000050 ) ) ;
#395 = MECHANICAL_DESIGN_GEOMETRIC_PRESENTATION_REPRESENTATION (  '', ( #4735 ), #4247 ) ;
#396 = PLANE ( 'NONE',  #2061 ) ;
#397 = STYLED_ITEM ( 'NONE', ( #3875 ), #517 ) ;
#398 = ORIENTED_EDGE ( 'NONE', *, *, #4652, .T. ) ;
#399 = CARTESIAN_POINT ( 'NONE',  ( -0.4498000000000001997, -0.1998000000000001997, 0.1250000000000000000 ) ) ;
#400 = AXIS2_PLACEMENT_3D ( 'NONE', #215, #2042, #261 ) ;
#401 =( NAMED_UNIT ( * ) PLANE_ANGLE_UNIT ( ) SI_UNIT ( $, .RADIAN. ) );
#402 = SURFACE_SIDE_STYLE ('',( #45 ) ) ;
#403 = UNCERTAINTY_MEASURE_WITH_UNIT (LENGTH_MEASURE( 1.000000000000000082E-05 ), #2106, 'distance_accuracy_value', 'NONE');
#404 = LINE ( 'NONE', #3377, #3217 ) ;
#405 = EDGE_CURVE ( 'NONE', #4099, #4745, #3301, .T. ) ;
#406 = DIRECTION ( 'NONE',  ( -0.0000000000000000000, -1.000000000000000000, -0.0000000000000000000 ) ) ;
#407 = CARTESIAN_POINT ( 'NONE',  ( -0.1248000000000001608, 0.4998000000000002441, 0.1100000000000000006 ) ) ;
#408 = EDGE_LOOP ( 'NONE', ( #953, #3929, #1320, #3165, #4749, #879, #3380, #1906, #3501 ) ) ;
#409 = SURFACE_SIDE_STYLE ('',( #225 ) ) ;
#410 = SURFACE_SIDE_STYLE ('',( #3724 ) ) ;
#411 = ORIENTED_EDGE ( 'NONE', *, *, #1167, .T. ) ;
#412 = EDGE_CURVE ( 'NONE', #853, #1463, #4342, .T. ) ;
#413 = CARTESIAN_POINT ( 'NONE',  ( 0.1499999999999999667, 0.4998000000000002441, 0.005000000000000013115 ) ) ;
#414 =( NAMED_UNIT ( * ) SI_UNIT ( $, .STERADIAN. ) SOLID_ANGLE_UNIT ( ) );
#415 = EDGE_LOOP ( 'NONE', ( #1563, #2854, #4546, #703, #3252, #539, #1983, #2965, #3616 ) ) ;
#416 = VERTEX_POINT ( 'NONE', #3814 ) ;
#417 = LINE ( 'NONE', #1074, #2673 ) ;
#418 = EDGE_CURVE ( 'NONE', #3677, #2501, #1118, .T. ) ;
#419 = LINE ( 'NONE', #2404, #2439 ) ;
#420 = DIRECTION ( 'NONE',  ( -0.0000000000000000000, -0.0000000000000000000, 1.000000000000000000 ) ) ;
#421 = VERTEX_POINT ( 'NONE', #1992 ) ;
#422 = DIRECTION ( 'NONE',  ( -0.7071067811865475727, 0.7071067811865475727, 0.0000000000000000000 ) ) ;
#423 = EDGE_LOOP ( 'NONE', ( #1130, #2909, #3526, #842 ) ) ;
#424 = AXIS2_PLACEMENT_3D ( 'NONE', #1735, #4355, #4733 ) ;
#425 = ORIENTED_EDGE ( 'NONE', *, *, #270, .F. ) ;
#426 = FACE_OUTER_BOUND ( 'NONE', #3679, .T. ) ;
#427 = VECTOR ( 'NONE', #4680, 1000.000000000000000 ) ;
#428 = FILL_AREA_STYLE ('',( #1938 ) ) ;
#429 = FILL_AREA_STYLE_COLOUR ( '', #1881 ) ;
#430 = EDGE_LOOP ( 'NONE', ( #3077, #4097, #4145, #3983 ) ) ;
#431 = ORIENTED_EDGE ( 'NONE', *, *, #1491, .F. ) ;
#432 = PRESENTATION_STYLE_ASSIGNMENT (( #3913 ) ) ;
#433 = CARTESIAN_POINT ( 'NONE',  ( 0.5000000000000001110, 0.0000000000000000000, -0.1248999999999999971 ) ) ;
#434 = DIRECTION ( 'NONE',  ( -1.355252715606880543E-16, -1.000000000000000000, 0.0000000000000000000 ) ) ;
#435 = ORIENTED_EDGE ( 'NONE', *, *, #4674, .F. ) ;
#436 = VECTOR ( 'NONE', #2696, 1000.000000000000000 ) ;
#437 = ORIENTED_EDGE ( 'NONE', *, *, #1892, .F. ) ;
#438 =( GEOMETRIC_REPRESENTATION_CONTEXT ( 3 ) GLOBAL_UNCERTAINTY_ASSIGNED_CONTEXT ( ( #2092 ) ) GLOBAL_UNIT_ASSIGNED_CONTEXT ( ( #3435, #3450, #4592 ) ) REPRESENTATION_CONTEXT ( 'NONE', 'WORKASPACE' ) );
#439 = VECTOR ( 'NONE', #2227, 1000.000000000000000 ) ;
#440 = CARTESIAN_POINT ( 'NONE',  ( -0.4999999999999998890, 0.0000000000000000000, -0.1248999999999999971 ) ) ;
#441 = VERTEX_POINT ( 'NONE', #4152 ) ;
#442 = FACE_OUTER_BOUND ( 'NONE', #1444, .T. ) ;
#443 = VERTEX_POINT ( 'NONE', #1645 ) ;
#444 = DIRECTION ( 'NONE',  ( -1.000000000000000000, 0.0000000000000000000, 0.0000000000000000000 ) ) ;
#445 = CARTESIAN_POINT ( 'NONE',  ( 0.07500000000000002498, -0.07500000000000001110, 0.1100000000000000006 ) ) ;
#446 =( NAMED_UNIT ( * ) SI_UNIT ( $, .STERADIAN. ) SOLID_ANGLE_UNIT ( ) );
#447 = PLANE ( 'NONE',  #1465 ) ;
#448 = EDGE_CURVE ( 'NONE', #4206, #3361, #2551, .T. ) ;
#449 = COLOUR_RGB ( '',0.6470588235294117974, 0.6196078431372549211, 0.5882352941176470784 ) ;
#450 = DIRECTION ( 'NONE',  ( -0.0000000000000000000, -0.0000000000000000000, 1.000000000000000000 ) ) ;
#451 = STYLED_ITEM ( 'NONE', ( #4016 ), #3594 ) ;
#452 = FACE_OUTER_BOUND ( 'NONE', #4481, .T. ) ;
#453 =( NAMED_UNIT ( * ) SI_UNIT ( $, .STERADIAN. ) SOLID_ANGLE_UNIT ( ) );
#454 = VECTOR ( 'NONE', #4496, 1000.000000000000000 ) ;
#455 = ADVANCED_FACE ( 'NONE', ( #3657 ), #3482, .F. ) ;
#456 = CARTESIAN_POINT ( 'NONE',  ( -0.09999999999999985290, 0.1749999999999999889, -0.1150000000000000050 ) ) ;
#457 = UNCERTAINTY_MEASURE_WITH_UNIT (LENGTH_MEASURE( 1.000000000000000082E-05 ), #1712, 'distance_accuracy_value', 'NONE');
#458 = CARTESIAN_POINT ( 'NONE',  ( -0.4497999999999999776, -0.4998000000000002441, -0.06571067811865477504 ) ) ;
#459 = CARTESIAN_POINT ( 'NONE',  ( -0.4997000000000000330, 0.4497585786437628408, 0.1250000000000000000 ) ) ;
#460 = UNCERTAINTY_MEASURE_WITH_UNIT (LENGTH_MEASURE( 1.000000000000000082E-05 ), #1241, 'distance_accuracy_value', 'NONE');
#461 = SURFACE_SIDE_STYLE ('',( #2375 ) ) ;
#462 = AXIS2_PLACEMENT_3D ( 'NONE', #1371, #3258, #3608 ) ;
#463 = VECTOR ( 'NONE', #3310, 1000.000000000000000 ) ;
#464 = ORIENTED_EDGE ( 'NONE', *, *, #2320, .F. ) ;
#465 = FILL_AREA_STYLE_COLOUR ( '', #3944 ) ;
#466 = CARTESIAN_POINT ( 'NONE',  ( 0.4999000000000001775, -0.4998999999999999555, -0.02499999999999998404 ) ) ;
#467 = ORIENTED_EDGE ( 'NONE', *, *, #176, .T. ) ;
#468 = SURFACE_STYLE_USAGE ( .BOTH. , #3401 ) ;
#469 = LINE ( 'NONE', #367, #713 ) ;
#470 = VECTOR ( 'NONE', #3061, 1000.000000000000000 ) ;
#471 = COLOUR_RGB ( '',0.6470588235294117974, 0.6196078431372549211, 0.5882352941176470784 ) ;
#472 = EDGE_CURVE ( 'NONE', #2501, #3361, #2788, .T. ) ;
#473 = CARTESIAN_POINT ( 'NONE',  ( 0.1000000000000001443, 0.07499999999999999722, -0.1250000000000000000 ) ) ;
#474 =( NAMED_UNIT ( * ) PLANE_ANGLE_UNIT ( ) SI_UNIT ( $, .RADIAN. ) );
#475 = VERTEX_POINT ( 'NONE', #1941 ) ;
#476 = LINE ( 'NONE', #2445, #3297 ) ;
#477 = VECTOR ( 'NONE', #444, 1000.000000000000000 ) ;
#478 = STYLED_ITEM ( 'NONE', ( #2764 ), #3144 ) ;
#479 = EDGE_CURVE ( 'NONE', #4745, #3885, #2397, .T. ) ;
#480 = VERTEX_POINT ( 'NONE', #4175 ) ;
#481 = EDGE_LOOP ( 'NONE', ( #1688, #1308, #4160, #495 ) ) ;
#482 = ORIENTED_EDGE ( 'NONE', *, *, #852, .F. ) ;
#483 = COLOUR_RGB ( '',0.6470588235294117974, 0.6196078431372549211, 0.5882352941176470784 ) ;
#484 = CARTESIAN_POINT ( 'NONE',  ( 0.4498000000000001997, -0.3248000000000001997, 0.1100000000000000006 ) ) ;
#485 = ORIENTED_EDGE ( 'NONE', *, *, #4301, .T. ) ;
#486 = ORIENTED_EDGE ( 'NONE', *, *, #4549, .T. ) ;
#487 = ORIENTED_EDGE ( 'NONE', *, *, #1731, .F. ) ;
#488 = VECTOR ( 'NONE', #164, 1000.000000000000000 ) ;
#489 = VECTOR ( 'NONE', #4711, 1000.000000000000000 ) ;
#490 = PRESENTATION_LAYER_ASSIGNMENT (  '', '', ( #964 ) ) ;
#491 = DIRECTION ( 'NONE',  ( -1.549318638402482068E-15, 1.000000000000000000, 0.0000000000000000000 ) ) ;
#492 =( NAMED_UNIT ( * ) SI_UNIT ( $, .STERADIAN. ) SOLID_ANGLE_UNIT ( ) );
#493 = LINE ( 'NONE', #2383, #2515 ) ;
#494 = PRESENTATION_LAYER_ASSIGNMENT (  '', '', ( #1086 ) ) ;
#495 = ORIENTED_EDGE ( 'NONE', *, *, #1394, .T. ) ;
#496 = EDGE_LOOP ( 'NONE', ( #4096, #3665, #1339 ) ) ;
#497 = CARTESIAN_POINT ( 'NONE',  ( -0.4997000000000000330, 0.4497585786437628408, -0.2479448892945115002 ) ) ;
#498 = CARTESIAN_POINT ( 'NONE',  ( 0.1499999999999999944, -0.4998000000000002441, 0.005000000000000013115 ) ) ;
#499 = SURFACE_STYLE_FILL_AREA ( #106 ) ;
#500 = DIRECTION ( 'NONE',  ( -1.000000000000000000, 2.710505431213761578E-16, 0.0000000000000000000 ) ) ;
#501 = FACE_OUTER_BOUND ( 'NONE', #1414, .T. ) ;
#502 = EDGE_CURVE ( 'NONE', #2353, #443, #2099, .T. ) ;
#503 = CARTESIAN_POINT ( 'NONE',  ( -0.09999999999999988065, 0.07499999999999999722, -0.1250000000000000000 ) ) ;
#504 = CARTESIAN_POINT ( 'NONE',  ( 0.3248000000000000886, 0.4498000000000001997, 0.1100000000000000006 ) ) ;
#505 = DIRECTION ( 'NONE',  ( 0.0000000000000000000, -1.000000000000000000, -0.0000000000000000000 ) ) ;
#506 = FILL_AREA_STYLE_COLOUR ( '', #3134 ) ;
#507 = ORIENTED_EDGE ( 'NONE', *, *, #663, .T. ) ;
#508 = AXIS2_PLACEMENT_3D ( 'NONE', #2011, #4600, #1624 ) ;
#509 = LINE ( 'NONE', #793, #2926 ) ;
#510 = CARTESIAN_POINT ( 'NONE',  ( -0.1499999999999999944, 0.4988000000000001877, 0.1050000000000000239 ) ) ;
#511 = DIRECTION ( 'NONE',  ( -1.445602896647339163E-16, 1.000000000000000000, 0.0000000000000000000 ) ) ;
#512 = EDGE_CURVE ( 'NONE', #2149, #3491, #2502, .T. ) ;
#513 = EDGE_CURVE ( 'NONE', #4563, #1452, #4631, .T. ) ;
#514 = CARTESIAN_POINT ( 'NONE',  ( -0.07499999999999996947, -0.07500000000000001110, 0.1100000000000000006 ) ) ;
#515 = CARTESIAN_POINT ( 'NONE',  ( -0.4498000000000001997, 0.1998000000000001997, 0.1100000000000000006 ) ) ;
#516 = PRESENTATION_STYLE_ASSIGNMENT (( #2717 ) ) ;
#517 = ADVANCED_FACE ( 'NONE', ( #3362 ), #1276, .F. ) ;
#518 = AXIS2_PLACEMENT_3D ( 'NONE', #602, #3923, #623 ) ;
#519 =( LENGTH_UNIT ( ) NAMED_UNIT ( * ) SI_UNIT ( .MILLI., .METRE. ) );
#520 = DIRECTION ( 'NONE',  ( 0.0000000000000000000, 1.000000000000000000, 0.0000000000000000000 ) ) ;
#521 = VERTEX_POINT ( 'NONE', #1264 ) ;
#522 = CARTESIAN_POINT ( 'NONE',  ( 0.5000000000000002220, -0.4496000000000001107, -0.1250000000000000000 ) ) ;
#523 = STYLED_ITEM ( 'NONE', ( #3227 ), #1580 ) ;
#524 = SURFACE_STYLE_USAGE ( .BOTH. , #876 ) ;
#525 = VERTEX_POINT ( 'NONE', #4272 ) ;
#526 = LINE ( 'NONE', #1633, #1388 ) ;
#527 = ORIENTED_EDGE ( 'NONE', *, *, #1703, .F. ) ;
#528 = PRESENTATION_STYLE_ASSIGNMENT (( #71 ) ) ;
#529 =( NAMED_UNIT ( * ) SI_UNIT ( $, .STERADIAN. ) SOLID_ANGLE_UNIT ( ) );
#530 = CARTESIAN_POINT ( 'NONE',  ( -0.1248000000000001608, 0.4998000000000002441, 0.1250000000000000000 ) ) ;
#531 =( LENGTH_UNIT ( ) NAMED_UNIT ( * ) SI_UNIT ( .MILLI., .METRE. ) );
#532 = ORIENTED_EDGE ( 'NONE', *, *, #405, .F. ) ;
#533 = VECTOR ( 'NONE', #3831, 1000.000000000000000 ) ;
#534 = EDGE_CURVE ( 'NONE', #3398, #3338, #371, .T. ) ;
#535 = LINE ( 'NONE', #223, #427 ) ;
#536 = DIRECTION ( 'NONE',  ( 0.0000000000000000000, 0.0000000000000000000, 1.000000000000000000 ) ) ;
#537 =( LENGTH_UNIT ( ) NAMED_UNIT ( * ) SI_UNIT ( .MILLI., .METRE. ) );
#538 = ORIENTED_EDGE ( 'NONE', *, *, #2539, .T. ) ;
#539 = ORIENTED_EDGE ( 'NONE', *, *, #1822, .F. ) ;
#540 = SURFACE_STYLE_FILL_AREA ( #1247 ) ;
#541 =( LENGTH_UNIT ( ) NAMED_UNIT ( * ) SI_UNIT ( .MILLI., .METRE. ) );
#543 = LINE ( 'NONE', #2164, #1632 ) ;
#542 = UNCERTAINTY_MEASURE_WITH_UNIT (LENGTH_MEASURE( 1.000000000000000082E-05 ), #2248, 'distance_accuracy_value', 'NONE');
#544 = DIRECTION ( 'NONE',  ( -0.7071067811865475727, 0.7071067811865475727, 0.0000000000000000000 ) ) ;
#545 = LINE ( 'NONE', #407, #1530 ) ;
#546 = DIRECTION ( 'NONE',  ( 0.0000000000000000000, -1.000000000000000000, 0.0000000000000000000 ) ) ;
#547 = VERTEX_POINT ( 'NONE', #2070 ) ;
#548 = VECTOR ( 'NONE', #2009, 1000.000000000000114 ) ;
#549 = CARTESIAN_POINT ( 'NONE',  ( -0.3098000000000001863, 0.4997000000000002551, 0.1100000000000000144 ) ) ;
#550 = LINE ( 'NONE', #4384, #439 ) ;
#551 = CARTESIAN_POINT ( 'NONE',  ( -0.3098000000000001863, -0.4998000000000002441, 0.1250000000000000000 ) ) ;
#552 = CARTESIAN_POINT ( 'NONE',  ( -0.1499999999999999944, -0.4988000000000001877, 0.1050000000000000239 ) ) ;
#553 = ADVANCED_FACE ( 'NONE', ( #426 ), #209, .F. ) ;
#554 = SURFACE_STYLE_USAGE ( .BOTH. , #3901 ) ;
#555 =( NAMED_UNIT ( * ) SI_UNIT ( $, .STERADIAN. ) SOLID_ANGLE_UNIT ( ) );
#556 = CARTESIAN_POINT ( 'NONE',  ( -0.1998000000000001997, 0.1998000000000001997, 0.1100000000000000006 ) ) ;
#557 = CARTESIAN_POINT ( 'NONE',  ( 0.4999000000000001775, 0.4999000000000001775, 0.005000000000000013115 ) ) ;
#558 = VERTEX_POINT ( 'NONE', #1691 ) ;
#559 = VECTOR ( 'NONE', #187, 1000.000000000000000 ) ;
#560 = EDGE_CURVE ( 'NONE', #2139, #2146, #948, .T. ) ;
#561 = LINE ( 'NONE', #2815, #3805 ) ;
#562 = FACE_OUTER_BOUND ( 'NONE', #2720, .T. ) ;
#563 = CARTESIAN_POINT ( 'NONE',  ( 0.3248000000000000886, -0.4498000000000001997, 0.1100000000000000006 ) ) ;
#564 = DIRECTION ( 'NONE',  ( -1.000000000000000000, -0.0000000000000000000, -0.0000000000000000000 ) ) ;
#565 = PRESENTATION_LAYER_ASSIGNMENT (  '', '', ( #3631 ) ) ;
#566 = CARTESIAN_POINT ( 'NONE',  ( -0.1499999999999999944, -0.4988000000000001877, 0.1050000000000000239 ) ) ;
#567 = CARTESIAN_POINT ( 'NONE',  ( -0.1998000000000001997, 0.1998000000000001997, 0.1100000000000000006 ) ) ;
#568 = PRESENTATION_LAYER_ASSIGNMENT (  '', '', ( #2056 ) ) ;
#569 = CARTESIAN_POINT ( 'NONE',  ( -0.1248000000000001608, -0.4998000000000002441, 0.1100000000000000006 ) ) ;
#570 = DIRECTION ( 'NONE',  ( 1.000000000000000000, 0.0000000000000000000, 0.0000000000000000000 ) ) ;
#571 = EDGE_CURVE ( 'NONE', #1520, #3108, #1572, .T. ) ;
#572 = PRODUCT_DEFINITION_SHAPE ( 'NONE', 'NONE',  #3456 ) ;
#573 = MECHANICAL_DESIGN_GEOMETRIC_PRESENTATION_REPRESENTATION (  '', ( #4533 ), #241 ) ;
#574 = CARTESIAN_POINT ( 'NONE',  ( 0.1000000000000001582, -0.1749999999999999334, -0.1150000000000000050 ) ) ;
#575 = FACE_OUTER_BOUND ( 'NONE', #2275, .T. ) ;
#576 = PRESENTATION_LAYER_ASSIGNMENT (  '', '', ( #3051 ) ) ;
#577 = VECTOR ( 'NONE', #1455, 1000.000000000000000 ) ;
#578 = ORIENTED_EDGE ( 'NONE', *, *, #350, .F. ) ;
#579 = AXIS2_PLACEMENT_3D ( 'NONE', #2773, #169, #4647 ) ;
#580 =( NAMED_UNIT ( * ) PLANE_ANGLE_UNIT ( ) SI_UNIT ( $, .RADIAN. ) );
#581 = VERTEX_POINT ( 'NONE', #1343 ) ;
#582 = CARTESIAN_POINT ( 'NONE',  ( 0.4998000000000002441, -0.1248000000000002163, 0.1250000000000000000 ) ) ;
#583 = DIRECTION ( 'NONE',  ( 1.000000000000000000, -0.0000000000000000000, 0.0000000000000000000 ) ) ;
#584 = CARTESIAN_POINT ( 'NONE',  ( 0.4498000000000001997, 0.3248000000000001997, 0.1100000000000000006 ) ) ;
#585 = ORIENTED_EDGE ( 'NONE', *, *, #3700, .F. ) ;
#586 = LINE ( 'NONE', #1720, #2781 ) ;
#587 = PRESENTATION_LAYER_ASSIGNMENT (  '', '', ( #348 ) ) ;
#588 = VECTOR ( 'NONE', #2666, 1000.000000000000000 ) ;
#589 = FACE_OUTER_BOUND ( 'NONE', #2326, .T. ) ;
#590 = CARTESIAN_POINT ( 'NONE',  ( -0.1998000000000001997, -0.1998000000000001997, 0.1100000000000000006 ) ) ;
#591 = VERTEX_POINT ( 'NONE', #951 ) ;
#592 = EDGE_CURVE ( 'NONE', #75, #1520, #836, .T. ) ;
#593 = ORIENTED_EDGE ( 'NONE', *, *, #1893, .T. ) ;
#594 = FACE_OUTER_BOUND ( 'NONE', #1631, .T. ) ;
#595 = LINE ( 'NONE', #2265, #2553 ) ;
#596 = LINE ( 'NONE', #684, #4396 ) ;
#597 = CARTESIAN_POINT ( 'NONE',  ( 0.4997000000000000330, 0.4497585786437628408, 0.1250000000000000000 ) ) ;
#598 = ORIENTED_EDGE ( 'NONE', *, *, #3873, .T. ) ;
#599 = ORIENTED_EDGE ( 'NONE', *, *, #788, .F. ) ;
#600 = FILL_AREA_STYLE_COLOUR ( '', #1690 ) ;
#601 = DIRECTION ( 'NONE',  ( 0.0000000000000000000, 1.000000000000000000, -0.0000000000000000000 ) ) ;
#602 = CARTESIAN_POINT ( 'NONE',  ( 0.07500000000000002498, 0.07499999999999998335, 0.1100000000000000006 ) ) ;
#603 = EDGE_CURVE ( 'NONE', #1431, #2117, #476, .T. ) ;
#604 = ORIENTED_EDGE ( 'NONE', *, *, #1202, .T. ) ;
#605 = ORIENTED_EDGE ( 'NONE', *, *, #1002, .T. ) ;
#606 = LINE ( 'NONE', #2814, #4293 ) ;
#607 = VECTOR ( 'NONE', #1413, 1000.000000000000000 ) ;
#608 = CARTESIAN_POINT ( 'NONE',  ( -0.4748000000000002774, -0.4747999999999998333, -0.1248999999999999971 ) ) ;
#609 = LINE ( 'NONE', #2359, #3375 ) ;
#610 = AXIS2_PLACEMENT_3D ( 'NONE', #3359, #4473, #3420 ) ;
#611 = LINE ( 'NONE', #1451, #2358 ) ;
#612 = VERTEX_POINT ( 'NONE', #2827 ) ;
#613 = CARTESIAN_POINT ( 'NONE',  ( 0.3098000000000001863, -0.4997000000000002551, -0.2479448892945115002 ) ) ;
#614 = VERTEX_POINT ( 'NONE', #1305 ) ;
#615 = UNCERTAINTY_MEASURE_WITH_UNIT (LENGTH_MEASURE( 1.000000000000000082E-05 ), #2562, 'distance_accuracy_value', 'NONE');
#616 = FILL_AREA_STYLE ('',( #4683 ) ) ;
#617 = CARTESIAN_POINT ( 'NONE',  ( -0.5000000000000000000, 0.4496000000000001107, -0.1250000000000000000 ) ) ;
#618 = PRESENTATION_STYLE_ASSIGNMENT (( #4758 ) ) ;
#619 = EDGE_LOOP ( 'NONE', ( #276, #3389, #3582, #1961, #3484 ) ) ;
#620 = CARTESIAN_POINT ( 'NONE',  ( -0.1998000000000001997, -0.1998000000000001997, 0.1250000000000000000 ) ) ;
#621 = VECTOR ( 'NONE', #4690, 1000.000000000000000 ) ;
#622 = CARTESIAN_POINT ( 'NONE',  ( -0.4998000000000002441, -0.1499999999999999944, 0.1050000000000000239 ) ) ;
#623 = DIRECTION ( 'NONE',  ( 0.0000000000000000000, 0.0000000000000000000, -1.000000000000000000 ) ) ;
#624 = CARTESIAN_POINT ( 'NONE',  ( -0.3248000000000000886, 0.4498000000000001997, 0.1100000000000000006 ) ) ;
#625 = CARTESIAN_POINT ( 'NONE',  ( 0.0000000000000000000, 0.0000000000000000000, 0.1100000000000000006 ) ) ;
#626 = ORIENTED_EDGE ( 'NONE', *, *, #534, .F. ) ;
#627 = DIRECTION ( 'NONE',  ( 0.0000000000000000000, -1.000000000000000000, 0.0000000000000000000 ) ) ;
#628 = CARTESIAN_POINT ( 'NONE',  ( 0.4497585786437626187, -0.4997000000000002551, 0.1250000000000000000 ) ) ;
#629 = VECTOR ( 'NONE', #1664, 1000.000000000000000 ) ;
#630 = LINE ( 'NONE', #433, #2868 ) ;
#631 = EDGE_CURVE ( 'NONE', #2417, #2026, #3540, .T. ) ;
#632 = CARTESIAN_POINT ( 'NONE',  ( 0.4498000000000001997, 0.3248000000000001997, 0.1250000000000000000 ) ) ;
#633 = CARTESIAN_POINT ( 'NONE',  ( 0.4497585786437626187, -0.4997000000000002551, -0.2479448892945115002 ) ) ;
#634 = AXIS2_PLACEMENT_3D ( 'NONE', #1201, #2332, #3430 ) ;
#635 = CARTESIAN_POINT ( 'NONE',  ( -0.3248000000000000886, -0.4498000000000001997, 0.1250000000000000000 ) ) ;
#636 = FACE_OUTER_BOUND ( 'NONE', #683, .T. ) ;
#637 =( NAMED_UNIT ( * ) PLANE_ANGLE_UNIT ( ) SI_UNIT ( $, .RADIAN. ) );
#638 = STYLED_ITEM ( 'NONE', ( #2286 ), #553 ) ;
#639 = FILL_AREA_STYLE ('',( #2841 ) ) ;
#640 = EDGE_LOOP ( 'NONE', ( #1174, #80, #4581, #2498 ) ) ;
#641 = ADVANCED_FACE ( 'NONE', ( #594 ), #2409, .F. ) ;
#642 = DIRECTION ( 'NONE',  ( -1.000000000000000000, -0.0000000000000000000, -0.0000000000000000000 ) ) ;
#643 = PLANE ( 'NONE',  #2899 ) ;
#644 = ORIENTED_EDGE ( 'NONE', *, *, #4702, .F. ) ;
#645 = PRODUCT_DEFINITION_FORMATION_WITH_SPECIFIED_SOURCE ( 'ANY', '', #1213, .NOT_KNOWN. ) ;
#646 = COLOUR_RGB ( '',0.6470588235294117974, 0.6196078431372549211, 0.5882352941176470784 ) ;
#647 = CARTESIAN_POINT ( 'NONE',  ( -0.4498000000000001997, 0.1998000000000001997, 0.1100000000000000006 ) ) ;
#648 = ORIENTED_EDGE ( 'NONE', *, *, #852, .T. ) ;
#649 = PLANE ( 'NONE',  #4597 ) ;
#650 = ORIENTED_EDGE ( 'NONE', *, *, #56, .F. ) ;
#651 = VECTOR ( 'NONE', #1043, 1000.000000000000000 ) ;
#652 = LINE ( 'NONE', #340, #3773 ) ;
#653 = SURFACE_SIDE_STYLE ('',( #942 ) ) ;
#654 = CARTESIAN_POINT ( 'NONE',  ( -0.1998000000000001997, -0.4498000000000001997, 0.1250000000000000000 ) ) ;
#655 = ORIENTED_EDGE ( 'NONE', *, *, #2160, .T. ) ;
#656 = VECTOR ( 'NONE', #3107, 1000.000000000000000 ) ;
#657 = LINE ( 'NONE', #2589, #4689 ) ;
#658 =( LENGTH_UNIT ( ) NAMED_UNIT ( * ) SI_UNIT ( .MILLI., .METRE. ) );
#659 = EDGE_LOOP ( 'NONE', ( #2032, #1931, #86, #938 ) ) ;
#660 = VECTOR ( 'NONE', #203, 1000.000000000000000 ) ;
#661 = CARTESIAN_POINT ( 'NONE',  ( -0.4998999999999999555, 0.4999000000000001775, 0.005000000000000013115 ) ) ;
#662 = ORIENTED_EDGE ( 'NONE', *, *, #1731, .T. ) ;
#663 = EDGE_CURVE ( 'NONE', #2680, #2900, #2219, .T. ) ;
#664 = VECTOR ( 'NONE', #4539, 1000.000000000000000 ) ;
#665 = VECTOR ( 'NONE', #4061, 1000.000000000000000 ) ;
#666 = PRESENTATION_LAYER_ASSIGNMENT (  '', '', ( #1734 ) ) ;
#667 = ADVANCED_FACE ( 'NONE', ( #1340 ), #933, .T. ) ;
#668 = ORIENTED_EDGE ( 'NONE', *, *, #4435, .T. ) ;
#669 = SURFACE_STYLE_USAGE ( .BOTH. , #2824 ) ;
#670 = EDGE_CURVE ( 'NONE', #1681, #4745, #4685, .T. ) ;
#671 = SURFACE_STYLE_FILL_AREA ( #878 ) ;
#672 = CARTESIAN_POINT ( 'NONE',  ( 0.1499999999999999667, 0.05000000000000000971, -0.1150000000000000050 ) ) ;
#673 = CARTESIAN_POINT ( 'NONE',  ( -0.4998000000000000220, -0.4498000000000001997, 0.005000000000000013115 ) ) ;
#674 = VERTEX_POINT ( 'NONE', #221 ) ;
#675 = EDGE_CURVE ( 'NONE', #612, #2796, #2614, .T. ) ;
#676 = UNCERTAINTY_MEASURE_WITH_UNIT (LENGTH_MEASURE( 1.000000000000000082E-05 ), #2527, 'distance_accuracy_value', 'NONE');
#677 =( NAMED_UNIT ( * ) PLANE_ANGLE_UNIT ( ) SI_UNIT ( $, .RADIAN. ) );
#678 = STYLED_ITEM ( 'NONE', ( #331 ), #4235 ) ;
#679 = SURFACE_SIDE_STYLE ('',( #4740 ) ) ;
#680 = SURFACE_STYLE_FILL_AREA ( #2504 ) ;
#681 = CARTESIAN_POINT ( 'NONE',  ( 0.3098000000000001863, 0.4997000000000002551, 0.1100000000000000144 ) ) ;
#682 = STYLED_ITEM ( 'NONE', ( #2568 ), #2065 ) ;
#683 = EDGE_LOOP ( 'NONE', ( #411, #4360, #4108, #3584 ) ) ;
#684 = CARTESIAN_POINT ( 'NONE',  ( 0.4998000000000002441, -0.1499999999999999944, 0.1050000000000000239 ) ) ;
#685 = AXIS2_PLACEMENT_3D ( 'NONE', #3596, #3291, #3732 ) ;
#686 = VECTOR ( 'NONE', #2933, 1000.000000000000000 ) ;
#687 = DIRECTION ( 'NONE',  ( 1.000000000000000000, 0.0000000000000000000, 0.0000000000000000000 ) ) ;
#688 = PRESENTATION_STYLE_ASSIGNMENT (( #794 ) ) ;
#689 = FILL_AREA_STYLE_COLOUR ( '', #3102 ) ;
#690 = DIRECTION ( 'NONE',  ( 0.0000000000000000000, -0.0000000000000000000, 1.000000000000000000 ) ) ;
#691 = PLANE ( 'NONE',  #4594 ) ;
#692 = ORIENTED_EDGE ( 'NONE', *, *, #1077, .F. ) ;
#693 = EDGE_CURVE ( 'NONE', #1787, #3433, #304, .T. ) ;
#694 = CARTESIAN_POINT ( 'NONE',  ( 0.1000000000000001582, 0.1749999999999999889, -0.1250000000000000000 ) ) ;
#695 = LINE ( 'NONE', #3004, #3522 ) ;
#696 = CARTESIAN_POINT ( 'NONE',  ( -0.4748000000000000553, 0.4748000000000000553, -0.1248999999999999971 ) ) ;
#697 = SURFACE_STYLE_FILL_AREA ( #2035 ) ;
#698 = AXIS2_PLACEMENT_3D ( 'NONE', #982, #210, #3521 ) ;
#699 = CARTESIAN_POINT ( 'NONE',  ( 0.4997000000000000330, -0.4497585786437628408, 0.1100000000000000144 ) ) ;
#700 = ORIENTED_EDGE ( 'NONE', *, *, #2803, .F. ) ;
#701 = DIRECTION ( 'NONE',  ( -0.7071067811865474617, 0.7071067811865474617, 0.0000000000000000000 ) ) ;
#702 = CARTESIAN_POINT ( 'NONE',  ( 0.1998000000000001997, -0.4498000000000001997, 0.1100000000000000006 ) ) ;
#703 = ORIENTED_EDGE ( 'NONE', *, *, #1550, .F. ) ;
#704 = PRESENTATION_LAYER_ASSIGNMENT (  '', '', ( #1536 ) ) ;
#705 = DIRECTION ( 'NONE',  ( -0.0000000000000000000, -0.0000000000000000000, -1.000000000000000000 ) ) ;
#706 = PLANE ( 'NONE',  #3870 ) ;
#707 = EDGE_LOOP ( 'NONE', ( #3234, #3012, #2104, #4516 ) ) ;
#708 = FACE_OUTER_BOUND ( 'NONE', #4578, .T. ) ;
#709 = EDGE_LOOP ( 'NONE', ( #1349, #2689, #821, #1802 ) ) ;
#710 = ORIENTED_EDGE ( 'NONE', *, *, #884, .F. ) ;
#711 = ORIENTED_EDGE ( 'NONE', *, *, #3473, .T. ) ;
#712 = PRESENTATION_LAYER_ASSIGNMENT (  '', '', ( #129 ) ) ;
#713 = VECTOR ( 'NONE', #1840, 1000.000000000000000 ) ;
#714 = DIRECTION ( 'NONE',  ( -0.0000000000000000000, -0.0000000000000000000, -1.000000000000000000 ) ) ;
#715 = DIRECTION ( 'NONE',  ( -1.445602896647339163E-16, 1.000000000000000000, 0.0000000000000000000 ) ) ;
#716 = ORIENTED_EDGE ( 'NONE', *, *, #1461, .T. ) ;
#717 = EDGE_LOOP ( 'NONE', ( #2748, #1294, #1927, #3062 ) ) ;
#718 = VECTOR ( 'NONE', #434, 1000.000000000000000 ) ;
#719 = DIRECTION ( 'NONE',  ( 1.000000000000000000, 0.0000000000000000000, 0.0000000000000000000 ) ) ;
#720 = ADVANCED_FACE ( 'NONE', ( #1672 ), #1030, .F. ) ;
#721 = ORIENTED_EDGE ( 'NONE', *, *, #2415, .F. ) ;
#722 = ORIENTED_EDGE ( 'NONE', *, *, #358, .F. ) ;
#723 = VECTOR ( 'NONE', #4303, 1000.000000000000114 ) ;
#724 = DIRECTION ( 'NONE',  ( 0.0000000000000000000, 1.000000000000000000, 0.0000000000000000000 ) ) ;
#725 = DIRECTION ( 'NONE',  ( 0.7071067811865489050, -0.7071067811865460184, 0.0000000000000000000 ) ) ;
#726 = CARTESIAN_POINT ( 'NONE',  ( 0.4496000000000002217, 0.5000000000000002220, -0.1248999999999999971 ) ) ;
#727 = LINE ( 'NONE', #4184, #4646 ) ;
#728 = ADVANCED_FACE ( 'NONE', ( #4507, #2392 ), #3958, .F. ) ;
#729 = EDGE_CURVE ( 'NONE', #3005, #2613, #1057, .T. ) ;
#730 = LINE ( 'NONE', #1521, #4529 ) ;
#731 = ORIENTED_EDGE ( 'NONE', *, *, #3957, .T. ) ;
#732 = VERTEX_POINT ( 'NONE', #313 ) ;
#733 = PRESENTATION_LAYER_ASSIGNMENT (  '', '', ( #478 ) ) ;
#734 = CARTESIAN_POINT ( 'NONE',  ( -0.4998999999999999555, -0.4998999999999999555, -0.02499999999999998404 ) ) ;
#735 = VECTOR ( 'NONE', #2612, 1000.000000000000000 ) ;
#736 = FILL_AREA_STYLE_COLOUR ( '', #163 ) ;
#737 =( GEOMETRIC_REPRESENTATION_CONTEXT ( 3 ) GLOBAL_UNCERTAINTY_ASSIGNED_CONTEXT ( ( #1182 ) ) GLOBAL_UNIT_ASSIGNED_CONTEXT ( ( #3177, #3951, #4714 ) ) REPRESENTATION_CONTEXT ( 'NONE', 'WORKASPACE' ) );
#738 = MANIFOLD_SOLID_BREP ( 'Mirror2', #1864 ) ;
#739 = LINE ( 'NONE', #1791, #1482 ) ;
#740 = AXIS2_PLACEMENT_3D ( 'NONE', #2791, #1334, #4250 ) ;
#742 = SURFACE_STYLE_USAGE ( .BOTH. , #3343 ) ;
#741 = COLOUR_RGB ( '',0.3411764705882353033, 0.8392156862745098200, 0.4117647058823529216 ) ;
#743 = CARTESIAN_POINT ( 'NONE',  ( -0.3098000000000001863, 0.4997000000000002551, 0.1250000000000000000 ) ) ;
#744 = STYLED_ITEM ( 'NONE', ( #4045 ), #806 ) ;
#745 = ORIENTED_EDGE ( 'NONE', *, *, #3444, .T. ) ;
#746 = AXIS2_PLACEMENT_3D ( 'NONE', #4449, #2264, #2622 ) ;
#747 = FACE_OUTER_BOUND ( 'NONE', #2462, .T. ) ;
#748 = CARTESIAN_POINT ( 'NONE',  ( 0.1499999999999999667, 0.05000000000000000971, -0.1250000000000000000 ) ) ;
#749 = ORIENTED_EDGE ( 'NONE', *, *, #1728, .F. ) ;
#750 = LINE ( 'NONE', #3171, #809 ) ;
#751 = DIRECTION ( 'NONE',  ( -1.549318638402482068E-15, 1.000000000000000000, 0.0000000000000000000 ) ) ;
#752 =( LENGTH_UNIT ( ) NAMED_UNIT ( * ) SI_UNIT ( .MILLI., .METRE. ) );
#753 = EDGE_CURVE ( 'NONE', #4265, #4443, #586, .T. ) ;
#754 = FILL_AREA_STYLE ('',( #3962 ) ) ;
#755 =( LENGTH_UNIT ( ) NAMED_UNIT ( * ) SI_UNIT ( .MILLI., .METRE. ) );
#756 = EDGE_CURVE ( 'NONE', #3424, #3308, #3355, .T. ) ;
#757 = UNCERTAINTY_MEASURE_WITH_UNIT (LENGTH_MEASURE( 1.000000000000000082E-05 ), #767, 'distance_accuracy_value', 'NONE');
#758 = SURFACE_SIDE_STYLE ('',( #3766 ) ) ;
#759 = FACE_OUTER_BOUND ( 'NONE', #3114, .T. ) ;
#760 = VERTEX_POINT ( 'NONE', #3624 ) ;
#761 = MECHANICAL_DESIGN_GEOMETRIC_PRESENTATION_REPRESENTATION (  '', ( #3908 ), #2256 ) ;
#762 = COLOUR_RGB ( '',0.3411764705882353033, 0.8392156862745098200, 0.4117647058823529216 ) ;
#763 = EDGE_CURVE ( 'NONE', #1304, #4388, #3235, .T. ) ;
#764 = EDGE_LOOP ( 'NONE', ( #91, #4155, #2785, #1879 ) ) ;
#765 = DIRECTION ( 'NONE',  ( 0.7071067811865474617, 0.7071067811865474617, 0.0000000000000000000 ) ) ;
#766 = EDGE_CURVE ( 'NONE', #614, #2772, #3770, .T. ) ;
#767 =( LENGTH_UNIT ( ) NAMED_UNIT ( * ) SI_UNIT ( .MILLI., .METRE. ) );
#768 = ORIENTED_EDGE ( 'NONE', *, *, #3738, .T. ) ;
#769 = MECHANICAL_DESIGN_GEOMETRIC_PRESENTATION_REPRESENTATION (  '', ( #3390 ), #1619 ) ;
#770 = VECTOR ( 'NONE', #2705, 1000.000000000000000 ) ;
#771 = PLANE ( 'NONE',  #2853 ) ;
#772 =( NAMED_UNIT ( * ) SI_UNIT ( $, .STERADIAN. ) SOLID_ANGLE_UNIT ( ) );
#773 = VERTEX_POINT ( 'NONE', #672 ) ;
#774 =( NAMED_UNIT ( * ) SI_UNIT ( $, .STERADIAN. ) SOLID_ANGLE_UNIT ( ) );
#775 = VECTOR ( 'NONE', #2903, 1000.000000000000000 ) ;
#776 = SURFACE_STYLE_FILL_AREA ( #1196 ) ;
#777 =( NAMED_UNIT ( * ) PLANE_ANGLE_UNIT ( ) SI_UNIT ( $, .RADIAN. ) );
#778 = COLOUR_RGB ( '',0.6470588235294117974, 0.6196078431372549211, 0.5882352941176470784 ) ;
#779 = MECHANICAL_DESIGN_GEOMETRIC_PRESENTATION_REPRESENTATION (  '', ( #4492 ), #4742 ) ;
#780 = CARTESIAN_POINT ( 'NONE',  ( -0.4998000000000000220, 0.1499999999999999667, 0.005000000000000013115 ) ) ;
#781 = ORIENTED_EDGE ( 'NONE', *, *, #921, .T. ) ;
#782 = DIRECTION ( 'NONE',  ( 1.445602896647339163E-16, 1.000000000000000000, -0.0000000000000000000 ) ) ;
#783 =( GEOMETRIC_REPRESENTATION_CONTEXT ( 3 ) GLOBAL_UNCERTAINTY_ASSIGNED_CONTEXT ( ( #2825 ) ) GLOBAL_UNIT_ASSIGNED_CONTEXT ( ( #1630, #637, #222 ) ) REPRESENTATION_CONTEXT ( 'NONE', 'WORKASPACE' ) );
#784 = CARTESIAN_POINT ( 'NONE',  ( 0.3248000000000000886, -0.4498000000000001997, 0.1250000000000000000 ) ) ;
#785 = ORIENTED_EDGE ( 'NONE', *, *, #2481, .T. ) ;
#786 = ORIENTED_EDGE ( 'NONE', *, *, #3533, .T. ) ;
#787 = PLANE ( 'NONE',  #2862 ) ;
#788 = EDGE_CURVE ( 'NONE', #2162, #2718, #417, .T. ) ;
#789 = COLOUR_RGB ( '',0.6470588235294117974, 0.6196078431372549211, 0.5882352941176470784 ) ;
#790 = ORIENTED_EDGE ( 'NONE', *, *, #1221, .F. ) ;
#791 = CARTESIAN_POINT ( 'NONE',  ( -0.4998000000000002441, -0.1248000000000002163, 0.1250000000000000000 ) ) ;
#792 = DIRECTION ( 'NONE',  ( 0.0000000000000000000, -0.0000000000000000000, 1.000000000000000000 ) ) ;
#793 = CARTESIAN_POINT ( 'NONE',  ( 0.4998000000000000220, 0.4498000000000001997, -0.06571067811865477504 ) ) ;
#794 = SURFACE_STYLE_USAGE ( .BOTH. , #3038 ) ;
#795 = DIRECTION ( 'NONE',  ( 0.0000000000000000000, 0.0000000000000000000, -1.000000000000000000 ) ) ;
#796 = ORIENTED_EDGE ( 'NONE', *, *, #2287, .T. ) ;
#797 =( NAMED_UNIT ( * ) SI_UNIT ( $, .STERADIAN. ) SOLID_ANGLE_UNIT ( ) );
#798 = EDGE_CURVE ( 'NONE', #3249, #521, #1454, .T. ) ;
#799 = DIRECTION ( 'NONE',  ( -0.0000000000000000000, -0.0000000000000000000, 1.000000000000000000 ) ) ;
#800 = CARTESIAN_POINT ( 'NONE',  ( -0.07499999999999996947, -0.07500000000000001110, 0.1100000000000000006 ) ) ;
#801 = EDGE_LOOP ( 'NONE', ( #4031, #1810, #3953 ) ) ;
#802 =( GEOMETRIC_REPRESENTATION_CONTEXT ( 3 ) GLOBAL_UNCERTAINTY_ASSIGNED_CONTEXT ( ( #251 ) ) GLOBAL_UNIT_ASSIGNED_CONTEXT ( ( #1954, #3396, #128 ) ) REPRESENTATION_CONTEXT ( 'NONE', 'WORKASPACE' ) );
#803 = CARTESIAN_POINT ( 'NONE',  ( 0.5000000000000001110, -0.4999999999999998890, 0.1250000000000000000 ) ) ;
#804 = DIRECTION ( 'NONE',  ( -1.549318638402482068E-15, -1.000000000000000000, 0.0000000000000000000 ) ) ;
#805 = VERTEX_POINT ( 'NONE', #635 ) ;
#806 = ADVANCED_FACE ( 'NONE', ( #2438 ), #383, .F. ) ;
#807 = CARTESIAN_POINT ( 'NONE',  ( 0.4497999999999999776, 0.4998000000000002441, 0.1100000000000000144 ) ) ;
#808 = LINE ( 'NONE', #3788, #1426 ) ;
#809 = VECTOR ( 'NONE', #237, 1000.000000000000114 ) ;
#810 = VECTOR ( 'NONE', #989, 1000.000000000000000 ) ;
#811 = CARTESIAN_POINT ( 'NONE',  ( -0.1998000000000001997, 0.4498000000000001997, 0.1100000000000000006 ) ) ;
#812 = LINE ( 'NONE', #1872, #3275 ) ;
#813 = ORIENTED_EDGE ( 'NONE', *, *, #3345, .F. ) ;
#814 = FILL_AREA_STYLE_COLOUR ( '', #3721 ) ;
#815 = CARTESIAN_POINT ( 'NONE',  ( -0.4497585786437626187, 0.4997000000000002551, 0.1100000000000000144 ) ) ;
#816 = VERTEX_POINT ( 'NONE', #2204 ) ;
#817 = CARTESIAN_POINT ( 'NONE',  ( 0.4999000000000001775, -0.4998999999999999555, -0.02499999999999998404 ) ) ;
#818 = UNCERTAINTY_MEASURE_WITH_UNIT (LENGTH_MEASURE( 1.000000000000000082E-05 ), #4495, 'distance_accuracy_value', 'NONE');
#819 = DIRECTION ( 'NONE',  ( 0.7071067811865474617, 0.7071067811865474617, -0.0000000000000000000 ) ) ;
#820 = CARTESIAN_POINT ( 'NONE',  ( -0.4497585786437626187, -0.4997000000000002551, -0.2479448892945115002 ) ) ;
#821 = ORIENTED_EDGE ( 'NONE', *, *, #4428, .F. ) ;
#822 = EDGE_CURVE ( 'NONE', #2353, #1588, #469, .T. ) ;
#823 = CARTESIAN_POINT ( 'NONE',  ( -0.09999999999999985290, -0.1749999999999999334, -0.1150000000000000050 ) ) ;
#824 = ORIENTED_EDGE ( 'NONE', *, *, #3408, .F. ) ;
#825 = UNCERTAINTY_MEASURE_WITH_UNIT (LENGTH_MEASURE( 1.000000000000000082E-05 ), #1832, 'distance_accuracy_value', 'NONE');
#826 = ORIENTED_EDGE ( 'NONE', *, *, #206, .F. ) ;
#827 = MECHANICAL_DESIGN_GEOMETRIC_PRESENTATION_REPRESENTATION (  '', ( #3631 ), #4012 ) ;
#828 = CARTESIAN_POINT ( 'NONE',  ( 0.1000000000000001443, 0.07499999999999999722, -0.1250000000000000000 ) ) ;
#829 = ORIENTED_EDGE ( 'NONE', *, *, #2794, .T. ) ;
#830 = VECTOR ( 'NONE', #3352, 1000.000000000000227 ) ;
#831 = VECTOR ( 'NONE', #4731, 1000.000000000000000 ) ;
#832 = ORIENTED_EDGE ( 'NONE', *, *, #4182, .T. ) ;
#833 = EDGE_CURVE ( 'NONE', #3031, #3026, #4037, .T. ) ;
#834 = STYLED_ITEM ( 'NONE', ( #4243 ), #4404 ) ;
#835 = ORIENTED_EDGE ( 'NONE', *, *, #1256, .F. ) ;
#836 = LINE ( 'NONE', #3566, #4281 ) ;
#837 = SURFACE_STYLE_FILL_AREA ( #428 ) ;
#838 = DIRECTION ( 'NONE',  ( -0.0000000000000000000, 1.000000000000000000, -0.0000000000000000000 ) ) ;
#839 =( GEOMETRIC_REPRESENTATION_CONTEXT ( 3 ) GLOBAL_UNCERTAINTY_ASSIGNED_CONTEXT ( ( #4662 ) ) GLOBAL_UNIT_ASSIGNED_CONTEXT ( ( #4072, #2290, #3764 ) ) REPRESENTATION_CONTEXT ( 'NONE', 'WORKASPACE' ) );
#840 = CARTESIAN_POINT ( 'NONE',  ( 0.07500000000000002498, -0.07500000000000001110, 0.1100000000000000006 ) ) ;
#841 =( NAMED_UNIT ( * ) PLANE_ANGLE_UNIT ( ) SI_UNIT ( $, .RADIAN. ) );
#842 = ORIENTED_EDGE ( 'NONE', *, *, #798, .F. ) ;
#843 = ORIENTED_EDGE ( 'NONE', *, *, #1984, .T. ) ;
#844 = LINE ( 'NONE', #2609, #718 ) ;
#845 = MECHANICAL_DESIGN_GEOMETRIC_PRESENTATION_REPRESENTATION (  '', ( #343 ), #2238 ) ;
#846 = FACE_BOUND ( 'NONE', #1051, .T. ) ;
#847 = SURFACE_STYLE_USAGE ( .BOTH. , #2643 ) ;
#848 = ORIENTED_EDGE ( 'NONE', *, *, #1136, .T. ) ;
#849 =( GEOMETRIC_REPRESENTATION_CONTEXT ( 3 ) GLOBAL_UNCERTAINTY_ASSIGNED_CONTEXT ( ( #2740 ) ) GLOBAL_UNIT_ASSIGNED_CONTEXT ( ( #537, #1993, #871 ) ) REPRESENTATION_CONTEXT ( 'NONE', 'WORKASPACE' ) );
#850 = VECTOR ( 'NONE', #2205, 1000.000000000000000 ) ;
#851 = ORIENTED_EDGE ( 'NONE', *, *, #3573, .T. ) ;
#852 = EDGE_CURVE ( 'NONE', #3008, #3031, #84, .T. ) ;
#853 = VERTEX_POINT ( 'NONE', #1106 ) ;
#854 = COLOUR_RGB ( '',0.6470588235294117974, 0.6196078431372549211, 0.5882352941176470784 ) ;
#855 = CARTESIAN_POINT ( 'NONE',  ( -0.4497999999999999776, 0.4998000000000002441, 0.005000000000000013115 ) ) ;
#856 = CARTESIAN_POINT ( 'NONE',  ( -0.3098300000000002163, -0.4997000000000002551, 0.1250000000000000000 ) ) ;
#857 = CARTESIAN_POINT ( 'NONE',  ( -0.4748000000000000553, 0.4748000000000000553, -0.1248999999999999971 ) ) ;
#858 = DIRECTION ( 'NONE',  ( -2.710505431213761578E-16, 1.000000000000000000, 0.0000000000000000000 ) ) ;
#859 = FACE_OUTER_BOUND ( 'NONE', #707, .T. ) ;
#860 = EDGE_CURVE ( 'NONE', #547, #3230, #4157, .T. ) ;
#861 = VERTEX_POINT ( 'NONE', #4059 ) ;
#862 = STYLED_ITEM ( 'NONE', ( #972 ), #4056 ) ;
#863 = DIRECTION ( 'NONE',  ( 0.0000000000000000000, 0.0000000000000000000, -1.000000000000000000 ) ) ;
#864 = PRESENTATION_LAYER_ASSIGNMENT (  '', '', ( #2770 ) ) ;
#865 = DIRECTION ( 'NONE',  ( 1.000000000000000000, -0.0000000000000000000, 0.0000000000000000000 ) ) ;
#866 = VECTOR ( 'NONE', #3342, 1000.000000000000000 ) ;
#867 = VECTOR ( 'NONE', #2247, 1000.000000000000000 ) ;
#868 = FILL_AREA_STYLE ('',( #506 ) ) ;
#869 =( NAMED_UNIT ( * ) SI_UNIT ( $, .STERADIAN. ) SOLID_ANGLE_UNIT ( ) );
#870 = DIRECTION ( 'NONE',  ( -0.0000000000000000000, -0.0000000000000000000, 1.000000000000000000 ) ) ;
#871 =( NAMED_UNIT ( * ) SI_UNIT ( $, .STERADIAN. ) SOLID_ANGLE_UNIT ( ) );
#872 = DIRECTION ( 'NONE',  ( 1.000000000000000000, 0.0000000000000000000, 0.0000000000000000000 ) ) ;
#873 = PRESENTATION_LAYER_ASSIGNMENT (  '', '', ( #220 ) ) ;
#874 = EDGE_CURVE ( 'NONE', #311, #1452, #4276, .T. ) ;
#875 = VECTOR ( 'NONE', #2212, 1000.000000000000000 ) ;
#876 = SURFACE_SIDE_STYLE ('',( #4151 ) ) ;
#877 = LINE ( 'NONE', #4588, #2711 ) ;
#878 = FILL_AREA_STYLE ('',( #4608 ) ) ;
#879 = ORIENTED_EDGE ( 'NONE', *, *, #1650, .T. ) ;
#880 = ORIENTED_EDGE ( 'NONE', *, *, #3984, .F. ) ;
#881 = CARTESIAN_POINT ( 'NONE',  ( -0.3098000000000001863, -0.4998000000000002441, 0.1100000000000000006 ) ) ;
#882 = ORIENTED_EDGE ( 'NONE', *, *, #571, .T. ) ;
#883 = DIRECTION ( 'NONE',  ( 0.0000000000000000000, 1.000000000000000000, 0.0000000000000000000 ) ) ;
#884 = EDGE_CURVE ( 'NONE', #2279, #248, #4512, .T. ) ;
#885 = CARTESIAN_POINT ( 'NONE',  ( -0.1499999999999999944, -0.4988000000000001877, 0.1050000000000000239 ) ) ;
#886 = CARTESIAN_POINT ( 'NONE',  ( 0.4497585786437625632, 0.4997000000000002551, 0.1100000000000000144 ) ) ;
#887 = CARTESIAN_POINT ( 'NONE',  ( -0.1998000000000001997, 0.1998000000000001997, 0.1250000000000000000 ) ) ;
#888 = ORIENTED_EDGE ( 'NONE', *, *, #631, .F. ) ;
#889 = PRESENTATION_LAYER_ASSIGNMENT (  '', '', ( #1955 ) ) ;
#890 = LINE ( 'NONE', #2636, #4100 ) ;
#891 = DIRECTION ( 'NONE',  ( -0.0000000000000000000, -0.0000000000000000000, -1.000000000000000000 ) ) ;
#892 = AXIS2_PLACEMENT_3D ( 'NONE', #4339, #2245, #2684 ) ;
#893 = ORIENTED_EDGE ( 'NONE', *, *, #1797, .T. ) ;
#894 = SURFACE_STYLE_FILL_AREA ( #4095 ) ;
#895 = DIRECTION ( 'NONE',  ( -0.0000000000000000000, -0.0000000000000000000, 1.000000000000000000 ) ) ;
#896 = PRODUCT_RELATED_PRODUCT_CATEGORY ( 'part', '', ( #1213 ) ) ;
#897 = ORIENTED_EDGE ( 'NONE', *, *, #2320, .T. ) ;
#898 = PRESENTATION_STYLE_ASSIGNMENT (( #2836 ) ) ;
#899 = ORIENTED_EDGE ( 'NONE', *, *, #1411, .F. ) ;
#900 = SURFACE_SIDE_STYLE ('',( #3244 ) ) ;
#901 =( NAMED_UNIT ( * ) PLANE_ANGLE_UNIT ( ) SI_UNIT ( $, .RADIAN. ) );
#902 = FACE_OUTER_BOUND ( 'NONE', #1022, .T. ) ;
#903 = ORIENTED_EDGE ( 'NONE', *, *, #4266, .F. ) ;
#904 = DIRECTION ( 'NONE',  ( 1.000000000000000000, -0.0000000000000000000, -0.0000000000000000000 ) ) ;
#905 = PLANE ( 'NONE',  #4219 ) ;
#906 = UNCERTAINTY_MEASURE_WITH_UNIT (LENGTH_MEASURE( 1.000000000000000082E-05 ), #1211, 'distance_accuracy_value', 'NONE');
#907 = LINE ( 'NONE', #394, #2577 ) ;
#908 =( LENGTH_UNIT ( ) NAMED_UNIT ( * ) SI_UNIT ( .MILLI., .METRE. ) );
#909 = ORIENTED_EDGE ( 'NONE', *, *, #2873, .T. ) ;
#910 = CARTESIAN_POINT ( 'NONE',  ( 0.4497585786437626187, -0.4997000000000002551, -0.2479448892945115002 ) ) ;
#911 = COLOUR_RGB ( '',0.3411764705882353033, 0.8392156862745098200, 0.4117647058823529216 ) ;
#912 =( LENGTH_UNIT ( ) NAMED_UNIT ( * ) SI_UNIT ( .MILLI., .METRE. ) );
#913 = EDGE_CURVE ( 'NONE', #1729, #853, #1342, .T. ) ;
#914 = SURFACE_STYLE_FILL_AREA ( #2463 ) ;
#915 =( NAMED_UNIT ( * ) PLANE_ANGLE_UNIT ( ) SI_UNIT ( $, .RADIAN. ) );
#916 = ORIENTED_EDGE ( 'NONE', *, *, #350, .T. ) ;
#917 = AXIS2_PLACEMENT_3D ( 'NONE', #4629, #3558, #3617 ) ;
#918 = SURFACE_STYLE_USAGE ( .BOTH. , #144 ) ;
#919 = ADVANCED_FACE ( 'NONE', ( #1919 ), #4019, .F. ) ;
#920 = EDGE_CURVE ( 'NONE', #201, #1959, #2554, .T. ) ;
#921 = EDGE_CURVE ( 'NONE', #3727, #2182, #2215, .T. ) ;
#922 = DIRECTION ( 'NONE',  ( -0.0000000000000000000, 0.0000000000000000000, 1.000000000000000000 ) ) ;
#923 = VECTOR ( 'NONE', #2591, 1000.000000000000000 ) ;
#924 = DIRECTION ( 'NONE',  ( 0.0000000000000000000, 0.0000000000000000000, -1.000000000000000000 ) ) ;
#925 = EDGE_CURVE ( 'NONE', #958, #3729, #372, .T. ) ;
#926 = AXIS2_PLACEMENT_3D ( 'NONE', #840, #1240, #1595 ) ;
#927 = CARTESIAN_POINT ( 'NONE',  ( -0.09999999999999985290, -0.1749999999999999334, -0.1150000000000000050 ) ) ;
#928 = LINE ( 'NONE', #743, #2196 ) ;
#929 = AXIS2_PLACEMENT_3D ( 'NONE', #3269, #2867, #2 ) ;
#930 = CARTESIAN_POINT ( 'NONE',  ( -0.4497999999999999776, -0.4998000000000002441, 0.005000000000000013115 ) ) ;
#931 = CARTESIAN_POINT ( 'NONE',  ( -0.1248000000000001608, 0.4998000000000002441, 0.1250000000000000000 ) ) ;
#932 = ORIENTED_EDGE ( 'NONE', *, *, #4557, .F. ) ;
#933 = PLANE ( 'NONE',  #3686 ) ;
#934 = DIRECTION ( 'NONE',  ( 1.445602896647339163E-16, 1.000000000000000000, 0.0000000000000000000 ) ) ;
#935 = PRESENTATION_LAYER_ASSIGNMENT (  '', '', ( #2996 ) ) ;
#936 = ORIENTED_EDGE ( 'NONE', *, *, #4018, .T. ) ;
#937 = FILL_AREA_STYLE ('',( #213 ) ) ;
#938 = ORIENTED_EDGE ( 'NONE', *, *, #472, .T. ) ;
#939 = DIRECTION ( 'NONE',  ( -0.7071067811865474617, -0.7071067811865474617, 0.0000000000000000000 ) ) ;
#940 = SURFACE_STYLE_USAGE ( .BOTH. , #1713 ) ;
#941 = ORIENTED_EDGE ( 'NONE', *, *, #1091, .T. ) ;
#942 = SURFACE_STYLE_FILL_AREA ( #297 ) ;
#943 = SURFACE_STYLE_FILL_AREA ( #3453 ) ;
#944 = FILL_AREA_STYLE ('',( #3504 ) ) ;
#945 = DIRECTION ( 'NONE',  ( -0.0000000000000000000, -0.0000000000000000000, 1.000000000000000000 ) ) ;
#946 = ORIENTED_EDGE ( 'NONE', *, *, #1380, .F. ) ;
#947 = ORIENTED_EDGE ( 'NONE', *, *, #3278, .F. ) ;
#948 = LINE ( 'NONE', #1658, #4739 ) ;
#949 = EDGE_CURVE ( 'NONE', #1923, #92, #1573, .T. ) ;
#950 = VECTOR ( 'NONE', #1743, 1000.000000000000000 ) ;
#951 = CARTESIAN_POINT ( 'NONE',  ( -0.1499999999999999944, 0.4998000000000002441, 0.1050000000000000239 ) ) ;
#952 = STYLED_ITEM ( 'NONE', ( #171 ), #3619 ) ;
#953 = ORIENTED_EDGE ( 'NONE', *, *, #1591, .T. ) ;
#954 = CARTESIAN_POINT ( 'NONE',  ( 0.1998000000000001997, -0.1998000000000001997, 0.1100000000000000006 ) ) ;
#955 = ORIENTED_EDGE ( 'NONE', *, *, #2672, .F. ) ;
#956 = LINE ( 'NONE', #4482, #665 ) ;
#957 =( LENGTH_UNIT ( ) NAMED_UNIT ( * ) SI_UNIT ( .MILLI., .METRE. ) );
#958 = VERTEX_POINT ( 'NONE', #1401 ) ;
#959 = MECHANICAL_DESIGN_GEOMETRIC_PRESENTATION_REPRESENTATION (  '', ( #1209 ), #1510 ) ;
#960 = CARTESIAN_POINT ( 'NONE',  ( -0.4998000000000002441, -0.1248000000000002163, 0.1100000000000000006 ) ) ;
#961 = LINE ( 'NONE', #1157, #3791 ) ;
#962 = ORIENTED_EDGE ( 'NONE', *, *, #2244, .F. ) ;
#963 = PLANE ( 'NONE',  #3323 ) ;
#964 = STYLED_ITEM ( 'NONE', ( #528 ), #1053 ) ;
#965 = UNCERTAINTY_MEASURE_WITH_UNIT (LENGTH_MEASURE( 1.000000000000000082E-05 ), #1265, 'distance_accuracy_value', 'NONE');
#966 = PRESENTATION_STYLE_ASSIGNMENT (( #2152 ) ) ;
#967 = CARTESIAN_POINT ( 'NONE',  ( 0.4497999999999999776, 0.4998000000000002441, 0.005000000000000013115 ) ) ;
#968 =( NAMED_UNIT ( * ) PLANE_ANGLE_UNIT ( ) SI_UNIT ( $, .RADIAN. ) );
#969 = LINE ( 'NONE', #563, #3208 ) ;
#970 = DIRECTION ( 'NONE',  ( -1.000000000000000000, -0.0000000000000000000, -0.0000000000000000000 ) ) ;
#971 = PRODUCT_DEFINITION_CONTEXT ( 'detailed design', #2077, 'design' ) ;
#972 = PRESENTATION_STYLE_ASSIGNMENT (( #2342 ) ) ;
#973 = DIRECTION ( 'NONE',  ( 1.549318638402482068E-15, -1.000000000000000000, 0.0000000000000000000 ) ) ;
#974 = EDGE_CURVE ( 'NONE', #3886, #1485, #1449, .T. ) ;
#975 = DIRECTION ( 'NONE',  ( -0.0000000000000000000, -1.000000000000000000, -0.0000000000000000000 ) ) ;
#976 = FACE_OUTER_BOUND ( 'NONE', #3918, .T. ) ;
#977 = LINE ( 'NONE', #3000, #454 ) ;
#978 =( NAMED_UNIT ( * ) PLANE_ANGLE_UNIT ( ) SI_UNIT ( $, .RADIAN. ) );
#979 = FILL_AREA_STYLE ('',( #1656 ) ) ;
#980 =( GEOMETRIC_REPRESENTATION_CONTEXT ( 3 ) GLOBAL_UNCERTAINTY_ASSIGNED_CONTEXT ( ( #1110 ) ) GLOBAL_UNIT_ASSIGNED_CONTEXT ( ( #3843, #1594, #4553 ) ) REPRESENTATION_CONTEXT ( 'NONE', 'WORKASPACE' ) );
#981 = FILL_AREA_STYLE ('',( #1360 ) ) ;
#982 = CARTESIAN_POINT ( 'NONE',  ( 0.0000000000000000000, 0.0000000000000000000, 0.1250000000000000000 ) ) ;
#983 = VECTOR ( 'NONE', #4759, 1000.000000000000000 ) ;
#984 =( NAMED_UNIT ( * ) PLANE_ANGLE_UNIT ( ) SI_UNIT ( $, .RADIAN. ) );
#985 = VECTOR ( 'NONE', #782, 1000.000000000000000 ) ;
#986 = DIRECTION ( 'NONE',  ( 0.7071067811865479058, 0.7071067811865472397, -0.0000000000000000000 ) ) ;
#987 = ADVANCED_FACE ( 'NONE', ( #1114 ), #1790, .T. ) ;
#988 = AXIS2_PLACEMENT_3D ( 'NONE', #3937, #2426, #2416 ) ;
#989 = DIRECTION ( 'NONE',  ( 0.0000000000000000000, -1.000000000000000000, 0.0000000000000000000 ) ) ;
#990 = LINE ( 'NONE', #39, #577 ) ;
#991 = FILL_AREA_STYLE_COLOUR ( '', #2845 ) ;
#992 = DIRECTION ( 'NONE',  ( 0.0000000000000000000, 0.0000000000000000000, -1.000000000000000000 ) ) ;
#993 = LINE ( 'NONE', #2168, #2083 ) ;
#994 = DIRECTION ( 'NONE',  ( 1.355252715606880789E-16, 1.000000000000000000, 0.0000000000000000000 ) ) ;
#995 =( LENGTH_UNIT ( ) NAMED_UNIT ( * ) SI_UNIT ( .MILLI., .METRE. ) );
#996 = ORIENTED_EDGE ( 'NONE', *, *, #1432, .F. ) ;
#997 = CARTESIAN_POINT ( 'NONE',  ( -0.1500000000000000222, -0.04999999999999999584, -0.1250000000000000000 ) ) ;
#998 = ORIENTED_EDGE ( 'NONE', *, *, #3731, .T. ) ;
#999 = SURFACE_STYLE_FILL_AREA ( #1421 ) ;
#1000 = EDGE_CURVE ( 'NONE', #2900, #1365, #596, .T. ) ;
#1001 = ORIENTED_EDGE ( 'NONE', *, *, #1929, .F. ) ;
#1002 = EDGE_CURVE ( 'NONE', #2774, #2941, #198, .T. ) ;
#1003 = ORIENTED_EDGE ( 'NONE', *, *, #2642, .F. ) ;
#1005 = VERTEX_POINT ( 'NONE', #1101 ) ;
#1004 = ADVANCED_FACE ( 'NONE', ( #4150 ), #4034, .T. ) ;
#1006 = ADVANCED_FACE ( 'NONE', ( #3410 ), #2199, .T. ) ;
#1007 = PLANE ( 'NONE',  #1679 ) ;
#1008 = LINE ( 'NONE', #1845, #2621 ) ;
#1009 = PRESENTATION_LAYER_ASSIGNMENT (  '', '', ( #1889 ) ) ;
#1010 = ADVANCED_FACE ( 'NONE', ( #3015 ), #1418, .F. ) ;
#1011 = CARTESIAN_POINT ( 'NONE',  ( -0.1998000000000001997, 0.4498000000000001997, 0.1250000000000000000 ) ) ;
#1012 = EDGE_CURVE ( 'NONE', #1384, #3379, #3651, .T. ) ;
#1013 = VERTEX_POINT ( 'NONE', #3647 ) ;
#1014 = EDGE_CURVE ( 'NONE', #134, #3404, #1975, .T. ) ;
#1015 = ORIENTED_EDGE ( 'NONE', *, *, #822, .F. ) ;
#1016 = FILL_AREA_STYLE ('',( #287 ) ) ;
#1017 = CARTESIAN_POINT ( 'NONE',  ( -0.4999999999999998890, 0.5000000000000001110, -0.1250000000000000000 ) ) ;
#1018 =( NAMED_UNIT ( * ) SI_UNIT ( $, .STERADIAN. ) SOLID_ANGLE_UNIT ( ) );
#1019 =( GEOMETRIC_REPRESENTATION_CONTEXT ( 3 ) GLOBAL_UNCERTAINTY_ASSIGNED_CONTEXT ( ( #2472 ) ) GLOBAL_UNIT_ASSIGNED_CONTEXT ( ( #3233, #3571, #4705 ) ) REPRESENTATION_CONTEXT ( 'NONE', 'WORKASPACE' ) );
#1020 = DIRECTION ( 'NONE',  ( -1.445602896647339163E-16, 1.000000000000000000, 0.0000000000000000000 ) ) ;
#1021 = LINE ( 'NONE', #3017, #436 ) ;
#1022 = EDGE_LOOP ( 'NONE', ( #467, #3792, #1047, #2540 ) ) ;
#1023 = EDGE_LOOP ( 'NONE', ( #604, #4399, #3142, #3168, #4603, #4687, #1269, #662, #3399 ) ) ;
#1024 = DIRECTION ( 'NONE',  ( 0.0000000000000000000, 1.000000000000000000, 0.0000000000000000000 ) ) ;
#1025 = MECHANICAL_DESIGN_GEOMETRIC_PRESENTATION_REPRESENTATION (  '', ( #4407 ), #1351 ) ;
#1026 = COLOUR_RGB ( '',1.000000000000000000, 1.000000000000000000, 1.000000000000000000 ) ;
#1027 = ORIENTED_EDGE ( 'NONE', *, *, #2157, .F. ) ;
#1028 = ORIENTED_EDGE ( 'NONE', *, *, #1579, .T. ) ;
#1029 =( LENGTH_UNIT ( ) NAMED_UNIT ( * ) SI_UNIT ( .MILLI., .METRE. ) );
#1030 = PLANE ( 'NONE',  #1685 ) ;
#1031 = CARTESIAN_POINT ( 'NONE',  ( -0.1499999999999999944, 0.4998000000000002441, 0.1050000000000000239 ) ) ;
#1032 = UNCERTAINTY_MEASURE_WITH_UNIT (LENGTH_MEASURE( 1.000000000000000082E-05 ), #1978, 'distance_accuracy_value', 'NONE');
#1033 = DIRECTION ( 'NONE',  ( -1.000000000000000000, 0.0000000000000000000, 0.0000000000000000000 ) ) ;
#1034 = ADVANCED_FACE ( 'NONE', ( #589 ), #4366, .F. ) ;
#1035 = DIRECTION ( 'NONE',  ( -1.000000000000000000, 0.0000000000000000000, 0.0000000000000000000 ) ) ;
#1036 =( NAMED_UNIT ( * ) PLANE_ANGLE_UNIT ( ) SI_UNIT ( $, .RADIAN. ) );
#1037 = PLANE ( 'NONE',  #634 ) ;
#1038 = EDGE_CURVE ( 'NONE', #2864, #4619, #4335, .T. ) ;
#1039 = CARTESIAN_POINT ( 'NONE',  ( 0.4497999999999999776, -0.4998000000000002441, 0.005000000000000013115 ) ) ;
#1040 = FACE_OUTER_BOUND ( 'NONE', #3182, .T. ) ;
#1041 = CARTESIAN_POINT ( 'NONE',  ( -0.09999999999999985290, 0.1749999999999999889, -0.1150000000000000050 ) ) ;
#1042 = MECHANICAL_DESIGN_GEOMETRIC_PRESENTATION_REPRESENTATION (  '', ( #2520 ), #4676 ) ;
#1043 = DIRECTION ( 'NONE',  ( -0.0000000000000000000, -0.0000000000000000000, -1.000000000000000000 ) ) ;
#1044 = DIRECTION ( 'NONE',  ( -0.0000000000000000000, -0.0000000000000000000, -1.000000000000000000 ) ) ;
#1045 = DIRECTION ( 'NONE',  ( 0.0000000000000000000, 0.0000000000000000000, 1.000000000000000000 ) ) ;
#1046 =( LENGTH_UNIT ( ) NAMED_UNIT ( * ) SI_UNIT ( .MILLI., .METRE. ) );
#1047 = ORIENTED_EDGE ( 'NONE', *, *, #560, .F. ) ;
#1048 = LINE ( 'NONE', #51, #236 ) ;
#1049 = ORIENTED_EDGE ( 'NONE', *, *, #2187, .F. ) ;
#1050 = CARTESIAN_POINT ( 'NONE',  ( 0.0000000000000000000, 0.0000000000000000000, 0.1100000000000000006 ) ) ;
#1051 = EDGE_LOOP ( 'NONE', ( #3307, #2550, #813, #946 ) ) ;
#1052 = COLOUR_RGB ( '',0.6470588235294117974, 0.6196078431372549211, 0.5882352941176470784 ) ;
#1053 = ADVANCED_FACE ( 'NONE', ( #2158 ), #1545, .F. ) ;
#1054 = DIRECTION ( 'NONE',  ( 0.0000000000000000000, -0.0000000000000000000, 1.000000000000000000 ) ) ;
#1055 = FILL_AREA_STYLE_COLOUR ( '', #4187 ) ;
#1056 = ORIENTED_EDGE ( 'NONE', *, *, #177, .F. ) ;
#1057 = LINE ( 'NONE', #2476, #651 ) ;
#1058 = CARTESIAN_POINT ( 'NONE',  ( -0.07499999999999996947, -0.07500000000000001110, 0.1250000000000000000 ) ) ;
#1059 = VERTEX_POINT ( 'NONE', #784 ) ;
#1060 = DIRECTION ( 'NONE',  ( 0.0000000000000000000, 0.0000000000000000000, -1.000000000000000000 ) ) ;
#1061 =( NAMED_UNIT ( * ) PLANE_ANGLE_UNIT ( ) SI_UNIT ( $, .RADIAN. ) );
#1062 = DIRECTION ( 'NONE',  ( -0.7071067811865475727, 0.7071067811865475727, 0.0000000000000000000 ) ) ;
#1063 = DIRECTION ( 'NONE',  ( -0.7071067811865461294, -0.7071067811865490160, 0.0000000000000000000 ) ) ;
#1064 = CARTESIAN_POINT ( 'NONE',  ( 0.1998000000000001997, 0.1998000000000001997, 0.1100000000000000006 ) ) ;
#1065 = ORIENTED_EDGE ( 'NONE', *, *, #2547, .T. ) ;
#1066 = ORIENTED_EDGE ( 'NONE', *, *, #3703, .F. ) ;
#1067 = EDGE_CURVE ( 'NONE', #1075, #2162, #890, .T. ) ;
#1068 = PRESENTATION_STYLE_ASSIGNMENT (( #1508 ) ) ;
#1069 = DIRECTION ( 'NONE',  ( 0.0000000000000000000, 0.0000000000000000000, 1.000000000000000000 ) ) ;
#1070 = STYLED_ITEM ( 'NONE', ( #1788 ), #2817 ) ;
#1071 = ORIENTED_EDGE ( 'NONE', *, *, #1267, .T. ) ;
#1072 = DIRECTION ( 'NONE',  ( -0.0000000000000000000, 0.0000000000000000000, 1.000000000000000000 ) ) ;
#1073 = LINE ( 'NONE', #927, #3084 ) ;
#1074 = CARTESIAN_POINT ( 'NONE',  ( -0.1248000000000001608, -0.4998000000000002441, 0.1100000000000000006 ) ) ;
#1075 = VERTEX_POINT ( 'NONE', #2272 ) ;
#1076 = CARTESIAN_POINT ( 'NONE',  ( -0.1500000000000000222, -0.04999999999999999584, -0.1150000000000000050 ) ) ;
#1077 = EDGE_CURVE ( 'NONE', #1257, #4524, #1739, .T. ) ;
#1078 = AXIS2_PLACEMENT_3D ( 'NONE', #696, #9, #2581 ) ;
#1079 = DIRECTION ( 'NONE',  ( -0.0000000000000000000, -1.000000000000000000, -0.0000000000000000000 ) ) ;
#1080 = FACE_OUTER_BOUND ( 'NONE', #1330, .T. ) ;
#1081 = SURFACE_STYLE_USAGE ( .BOTH. , #1847 ) ;
#1082 = SURFACE_STYLE_FILL_AREA ( #2561 ) ;
#1083 = MECHANICAL_DESIGN_GEOMETRIC_PRESENTATION_REPRESENTATION (  '', ( #220 ), #95 ) ;
#1084 = DIRECTION ( 'NONE',  ( 0.0000000000000000000, 0.0000000000000000000, -1.000000000000000000 ) ) ;
#1085 = CARTESIAN_POINT ( 'NONE',  ( 0.1248000000000001608, 0.4998000000000002441, 0.1100000000000000006 ) ) ;
#1086 = STYLED_ITEM ( 'NONE', ( #2964 ), #2095 ) ;
#1087 = DIRECTION ( 'NONE',  ( 0.0000000000000000000, 1.000000000000000000, 0.0000000000000000000 ) ) ;
#1088 = CARTESIAN_POINT ( 'NONE',  ( 0.4497585786437626187, 0.4997000000000002551, 0.1250000000000000000 ) ) ;
#1089 = ADVANCED_FACE ( 'NONE', ( #3532 ), #378, .F. ) ;
#1090 = FACE_OUTER_BOUND ( 'NONE', #3711, .T. ) ;
#1091 = EDGE_CURVE ( 'NONE', #475, #296, #652, .T. ) ;
#1092 = SURFACE_STYLE_FILL_AREA ( #1939 ) ;
#1093 = VERTEX_POINT ( 'NONE', #3157 ) ;
#1094 = CARTESIAN_POINT ( 'NONE',  ( 0.4497999999999999776, -0.4998000000000000220, 0.005000000000000013115 ) ) ;
#1095 = CARTESIAN_POINT ( 'NONE',  ( 0.4998000000000002441, -0.1248000000000002163, 0.1100000000000000006 ) ) ;
#1096 =( NAMED_UNIT ( * ) PLANE_ANGLE_UNIT ( ) SI_UNIT ( $, .RADIAN. ) );
#1097 = PRESENTATION_STYLE_ASSIGNMENT (( #2535 ) ) ;
#1098 = DIRECTION ( 'NONE',  ( -0.0000000000000000000, -0.0000000000000000000, 1.000000000000000000 ) ) ;
#1099 = EDGE_CURVE ( 'NONE', #4755, #1809, #3871, .T. ) ;
#1100 = ADVANCED_FACE ( 'NONE', ( #1178 ), #1268, .F. ) ;
#1101 = CARTESIAN_POINT ( 'NONE',  ( 0.4498000000000001997, -0.1998000000000001997, 0.1250000000000000000 ) ) ;
#1102 =( NAMED_UNIT ( * ) SI_UNIT ( $, .STERADIAN. ) SOLID_ANGLE_UNIT ( ) );
#1103 = VECTOR ( 'NONE', #2972, 1000.000000000000000 ) ;
#1104 = VERTEX_POINT ( 'NONE', #557 ) ;
#1105 = PRESENTATION_LAYER_ASSIGNMENT (  '', '', ( #862 ) ) ;
#1106 = CARTESIAN_POINT ( 'NONE',  ( 0.1000000000000001443, -0.07499999999999996947, -0.1250000000000000000 ) ) ;
#1107 = SURFACE_SIDE_STYLE ('',( #3561 ) ) ;
#1108 = ORIENTED_EDGE ( 'NONE', *, *, #1893, .F. ) ;
#1109 = FACE_OUTER_BOUND ( 'NONE', #3776, .T. ) ;
#1110 = UNCERTAINTY_MEASURE_WITH_UNIT (LENGTH_MEASURE( 1.000000000000000082E-05 ), #3843, 'distance_accuracy_value', 'NONE');
#1111 = FILL_AREA_STYLE ('',( #4082 ) ) ;
#1112 = CARTESIAN_POINT ( 'NONE',  ( 0.4497999999999999776, 0.4998000000000002441, 0.005000000000000013115 ) ) ;
#1113 = EDGE_LOOP ( 'NONE', ( #2078, #82, #3785, #2330 ) ) ;
#1114 = FACE_OUTER_BOUND ( 'NONE', #1184, .T. ) ;
#1115 = VECTOR ( 'NONE', #2719, 1000.000000000000114 ) ;
#1116 = DIRECTION ( 'NONE',  ( -1.445602896647339163E-16, -1.000000000000000000, -0.0000000000000000000 ) ) ;
#1117 = EDGE_LOOP ( 'NONE', ( #4703, #3347, #4413, #182 ) ) ;
#1118 = LINE ( 'NONE', #885, #1453 ) ;
#1119 = STYLED_ITEM ( 'NONE', ( #3434 ), #1694 ) ;
#1120 = VECTOR ( 'NONE', #2916, 1000.000000000000114 ) ;
#1121 = ADVANCED_FACE ( 'NONE', ( #1848, #3599 ), #3468, .T. ) ;
#1122 = EDGE_CURVE ( 'NONE', #3924, #4385, #2335, .T. ) ;
#1123 = VERTEX_POINT ( 'NONE', #2755 ) ;
#1124 = DIRECTION ( 'NONE',  ( -0.0000000000000000000, -0.0000000000000000000, -1.000000000000000000 ) ) ;
#1125 = DIRECTION ( 'NONE',  ( 0.0000000000000000000, 1.000000000000000000, 0.0000000000000000000 ) ) ;
#1126 =( NAMED_UNIT ( * ) SI_UNIT ( $, .STERADIAN. ) SOLID_ANGLE_UNIT ( ) );
#1127 = SURFACE_SIDE_STYLE ('',( #3148 ) ) ;
#1128 = ORIENTED_EDGE ( 'NONE', *, *, #3345, .T. ) ;
#1129 = PLANE ( 'NONE',  #3382 ) ;
#1130 = ORIENTED_EDGE ( 'NONE', *, *, #3072, .F. ) ;
#1131 = LINE ( 'NONE', #2406, #312 ) ;
#1132 = DIRECTION ( 'NONE',  ( 0.0000000000000000000, 1.000000000000000000, 0.0000000000000000000 ) ) ;
#1133 = PLANE ( 'NONE',  #1756 ) ;
#1134 = CARTESIAN_POINT ( 'NONE',  ( -0.1248000000000002163, -0.4998000000000000220, 0.1250000000000000000 ) ) ;
#1135 = SURFACE_STYLE_USAGE ( .BOTH. , #2975 ) ;
#1136 = EDGE_CURVE ( 'NONE', #443, #4062, #2276, .T. ) ;
#1137 = VECTOR ( 'NONE', #2362, 1000.000000000000000 ) ;
#1138 = ORIENTED_EDGE ( 'NONE', *, *, #324, .T. ) ;
#1139 = LINE ( 'NONE', #1337, #1754 ) ;
#1140 = ORIENTED_EDGE ( 'NONE', *, *, #1312, .F. ) ;
#1141 = LINE ( 'NONE', #2024, #157 ) ;
#1142 = MECHANICAL_DESIGN_GEOMETRIC_PRESENTATION_REPRESENTATION (  '', ( #451 ), #1370 ) ;
#1143 = PRESENTATION_LAYER_ASSIGNMENT (  '', '', ( #4121 ) ) ;
#1144 = ADVANCED_FACE ( 'NONE', ( #3824 ), #2768, .F. ) ;
#1145 = SURFACE_SIDE_STYLE ('',( #2632 ) ) ;
#1146 = STYLED_ITEM ( 'NONE', ( #3319 ), #4510 ) ;
#1147 = PLANE ( 'NONE',  #1898 ) ;
#1148 = FILL_AREA_STYLE_COLOUR ( '', #3667 ) ;
#1150 = FILL_AREA_STYLE ('',( #2250 ) ) ;
#1149 = FACE_OUTER_BOUND ( 'NONE', #3601, .T. ) ;
#1151 = DIRECTION ( 'NONE',  ( 0.0000000000000000000, 1.000000000000000000, 0.0000000000000000000 ) ) ;
#1152 = DIRECTION ( 'NONE',  ( -1.000000000000000000, 0.0000000000000000000, 0.0000000000000000000 ) ) ;
#1153 = ORIENTED_EDGE ( 'NONE', *, *, #2123, .F. ) ;
#1154 = FILL_AREA_STYLE ('',( #814 ) ) ;
#1155 = VECTOR ( 'NONE', #2328, 1000.000000000000000 ) ;
#1156 = DIRECTION ( 'NONE',  ( 0.0000000000000000000, 0.0000000000000000000, -1.000000000000000000 ) ) ;
#1157 = CARTESIAN_POINT ( 'NONE',  ( 0.4998000000000002441, -0.4998000000000000220, 0.005000000000000013115 ) ) ;
#1158 = CARTESIAN_POINT ( 'NONE',  ( 0.4988000000000001877, -0.1499999999999999944, 0.1050000000000000239 ) ) ;
#1159 = CARTESIAN_POINT ( 'NONE',  ( 0.4988000000000001877, -0.1499999999999999944, 0.005000000000000013115 ) ) ;
#1160 = EDGE_CURVE ( 'NONE', #1485, #2447, #3717, .T. ) ;
#1161 = DIRECTION ( 'NONE',  ( -0.0000000000000000000, -0.0000000000000000000, -1.000000000000000000 ) ) ;
#1162 = CARTESIAN_POINT ( 'NONE',  ( 0.1998000000000001997, -0.1998000000000001997, 0.1250000000000000000 ) ) ;
#1163 = SURFACE_STYLE_USAGE ( .BOTH. , #1569 ) ;
#1164 = VERTEX_POINT ( 'NONE', #2379 ) ;
#1165 =( GEOMETRIC_REPRESENTATION_CONTEXT ( 3 ) GLOBAL_UNCERTAINTY_ASSIGNED_CONTEXT ( ( #2870 ) ) GLOBAL_UNIT_ASSIGNED_CONTEXT ( ( #4364, #2940, #2175 ) ) REPRESENTATION_CONTEXT ( 'NONE', 'WORKASPACE' ) );
#1166 = VERTEX_POINT ( 'NONE', #1998 ) ;
#1167 = EDGE_CURVE ( 'NONE', #3308, #674, #2494, .T. ) ;
#1168 = ORIENTED_EDGE ( 'NONE', *, *, #2255, .F. ) ;
#1169 = EDGE_CURVE ( 'NONE', #1005, #32, #1515, .T. ) ;
#1170 = DIRECTION ( 'NONE',  ( -0.0000000000000000000, -0.0000000000000000000, 1.000000000000000000 ) ) ;
#1171 = EDGE_CURVE ( 'NONE', #1299, #1809, #526, .T. ) ;
#1172 = ORIENTED_EDGE ( 'NONE', *, *, #2312, .F. ) ;
#1173 =( GEOMETRIC_REPRESENTATION_CONTEXT ( 3 ) GLOBAL_UNCERTAINTY_ASSIGNED_CONTEXT ( ( #4378 ) ) GLOBAL_UNIT_ASSIGNED_CONTEXT ( ( #2605, #401, #774 ) ) REPRESENTATION_CONTEXT ( 'NONE', 'WORKASPACE' ) );
#1174 = ORIENTED_EDGE ( 'NONE', *, *, #1380, .T. ) ;
#1175 = ORIENTED_EDGE ( 'NONE', *, *, #4609, .F. ) ;
#1176 = FILL_AREA_STYLE ('',( #3681 ) ) ;
#1177 = FACE_OUTER_BOUND ( 'NONE', #2381, .T. ) ;
#1178 = FACE_OUTER_BOUND ( 'NONE', #4292, .T. ) ;
#1179 = MECHANICAL_DESIGN_GEOMETRIC_PRESENTATION_REPRESENTATION (  '', ( #682 ), #1416 ) ;
#1180 = EDGE_LOOP ( 'NONE', ( #932, #2214, #4461, #700, #2688, #3472, #1592, #131, #2452 ) ) ;
#1181 = SURFACE_STYLE_USAGE ( .BOTH. , #2630 ) ;
#1182 = UNCERTAINTY_MEASURE_WITH_UNIT (LENGTH_MEASURE( 1.000000000000000082E-05 ), #3177, 'distance_accuracy_value', 'NONE');
#1183 = CARTESIAN_POINT ( 'NONE',  ( -0.4988000000000001877, -0.1499999999999999944, 0.1050000000000000239 ) ) ;
#1184 = EDGE_LOOP ( 'NONE', ( #1611, #2664, #1448, #1406 ) ) ;
#1185 = LINE ( 'NONE', #1424, #477 ) ;
#1186 = AXIS2_PLACEMENT_3D ( 'NONE', #2194, #3225, #4701 ) ;
#1187 = SURFACE_SIDE_STYLE ('',( #4218 ) ) ;
#1188 = EDGE_LOOP ( 'NONE', ( #2945, #197, #3782, #3508 ) ) ;
#1189 = ORIENTED_EDGE ( 'NONE', *, *, #4373, .T. ) ;
#1190 = LINE ( 'NONE', #1599, #3426 ) ;
#1191 = LINE ( 'NONE', #290, #607 ) ;
#1192 = ADVANCED_FACE ( 'NONE', ( #1838 ), #643, .F. ) ;
#1193 = ORIENTED_EDGE ( 'NONE', *, *, #2648, .T. ) ;
#1194 = EDGE_LOOP ( 'NONE', ( #668, #437, #4761, #4362 ) ) ;
#1195 = CARTESIAN_POINT ( 'NONE',  ( 0.1499999999999999944, 0.4998000000000002441, 0.1050000000000000239 ) ) ;
#1196 = FILL_AREA_STYLE ('',( #3755 ) ) ;
#1197 = SURFACE_STYLE_USAGE ( .BOTH. , #409 ) ;
#1198 = VECTOR ( 'NONE', #3636, 1000.000000000000000 ) ;
#1199 = ORIENTED_EDGE ( 'NONE', *, *, #833, .F. ) ;
#1200 = FILL_AREA_STYLE_COLOUR ( '', #483 ) ;
#1201 = CARTESIAN_POINT ( 'NONE',  ( -0.3098000000000001863, -0.4997000000000002551, -0.2479448892945115002 ) ) ;
#1202 = EDGE_CURVE ( 'NONE', #3729, #2090, #2094, .T. ) ;
#1203 = VECTOR ( 'NONE', #4562, 1000.000000000000000 ) ;
#1204 = DIRECTION ( 'NONE',  ( -1.000000000000000000, 0.0000000000000000000, 0.0000000000000000000 ) ) ;
#1205 = ORIENTED_EDGE ( 'NONE', *, *, #2725, .F. ) ;
#1206 = AXIS2_PLACEMENT_3D ( 'NONE', #338, #1063, #725 ) ;
#1207 = VECTOR ( 'NONE', #1684, 1000.000000000000000 ) ;
#1208 = CARTESIAN_POINT ( 'NONE',  ( 0.4998000000000002441, -0.4998000000000000220, 0.005000000000000013115 ) ) ;
#1209 = STYLED_ITEM ( 'NONE', ( #42 ), #2457 ) ;
#1210 = DIRECTION ( 'NONE',  ( 2.710505431213761085E-16, 1.000000000000000000, -0.0000000000000000000 ) ) ;
#1211 =( LENGTH_UNIT ( ) NAMED_UNIT ( * ) SI_UNIT ( .MILLI., .METRE. ) );
#1212 = DIRECTION ( 'NONE',  ( -1.000000000000000000, 0.0000000000000000000, 0.0000000000000000000 ) ) ;
#1213 = PRODUCT ( 'SML-LX0404SIUPGUSB', 'SML-LX0404SIUPGUSB', '', ( #3146 ) ) ;
#1214 = AXIS2_PLACEMENT_3D ( 'NONE', #4230, #500, #1603 ) ;
#1215 = PLANE ( 'NONE',  #4374 ) ;
#1216 = DIRECTION ( 'NONE',  ( 1.445602896647339163E-16, 1.000000000000000000, -0.0000000000000000000 ) ) ;
#1217 = VECTOR ( 'NONE', #7, 1000.000000000000000 ) ;
#1218 = LINE ( 'NONE', #4047, #3970 ) ;
#1219 = CARTESIAN_POINT ( 'NONE',  ( 0.4497585786437626187, 0.4997000000000002551, -0.2479448892945115002 ) ) ;
#1220 = ORIENTED_EDGE ( 'NONE', *, *, #670, .F. ) ;
#1221 = EDGE_CURVE ( 'NONE', #3625, #3111, #2022, .T. ) ;
#1222 = CARTESIAN_POINT ( 'NONE',  ( 0.4496000000000002217, 0.5000000000000002220, -0.1248999999999999971 ) ) ;
#1223 = ORIENTED_EDGE ( 'NONE', *, *, #3873, .F. ) ;
#1224 = VECTOR ( 'NONE', #2911, 1000.000000000000000 ) ;
#1225 = ADVANCED_FACE ( 'NONE', ( #3919 ), #4261, .F. ) ;
#1226 = DIRECTION ( 'NONE',  ( 0.0000000000000000000, 0.0000000000000000000, -1.000000000000000000 ) ) ;
#1227 = ORIENTED_EDGE ( 'NONE', *, *, #1884, .T. ) ;
#1228 = AXIS2_PLACEMENT_3D ( 'NONE', #567, #3143, #3524 ) ;
#1229 = CARTESIAN_POINT ( 'NONE',  ( -0.3098000000000001863, 0.4997000000000002551, -0.2479448892945115002 ) ) ;
#1230 = ORIENTED_EDGE ( 'NONE', *, *, #2260, .T. ) ;
#1231 = VECTOR ( 'NONE', #2177, 1000.000000000000000 ) ;
#1232 = STYLED_ITEM ( 'NONE', ( #376 ), #281 ) ;
#1233 = SURFACE_STYLE_FILL_AREA ( #2470 ) ;
#1234 = CARTESIAN_POINT ( 'NONE',  ( -0.3098300000000002163, -0.4997000000000002551, 0.1100000000000000144 ) ) ;
#1235 = ORIENTED_EDGE ( 'NONE', *, *, #4156, .F. ) ;
#1236 = VECTOR ( 'NONE', #3446, 1000.000000000000000 ) ;
#1237 = SURFACE_STYLE_FILL_AREA ( #4767 ) ;
#1238 = DIRECTION ( 'NONE',  ( 0.2873478855663431086, -0.9578262852211520961, -0.0000000000000000000 ) ) ;
#1239 = SURFACE_SIDE_STYLE ('',( #2893 ) ) ;
#1240 = DIRECTION ( 'NONE',  ( 0.0000000000000000000, -1.000000000000000000, -0.0000000000000000000 ) ) ;
#1241 =( LENGTH_UNIT ( ) NAMED_UNIT ( * ) SI_UNIT ( .MILLI., .METRE. ) );
#1242 = ORIENTED_EDGE ( 'NONE', *, *, #2807, .F. ) ;
#1243 = PRESENTATION_LAYER_ASSIGNMENT (  '', '', ( #4030 ) ) ;
#1244 = COLOUR_RGB ( '',0.3411764705882353033, 0.8392156862745098200, 0.4117647058823529216 ) ;
#1245 = DIRECTION ( 'NONE',  ( 1.000000000000000000, 0.0000000000000000000, 0.0000000000000000000 ) ) ;
#1246 = CARTESIAN_POINT ( 'NONE',  ( 0.4999000000000001775, -0.4998999999999999555, 0.005000000000000013115 ) ) ;
#1247 = FILL_AREA_STYLE ('',( #1646 ) ) ;
#1248 = FILL_AREA_STYLE ('',( #1875 ) ) ;
#1249 = ORIENTED_EDGE ( 'NONE', *, *, #2259, .T. ) ;
#1250 = ORIENTED_EDGE ( 'NONE', *, *, #603, .T. ) ;
#1251 = SURFACE_STYLE_FILL_AREA ( #3170 ) ;
#1252 = FACE_OUTER_BOUND ( 'NONE', #3119, .T. ) ;
#1253 = VECTOR ( 'NONE', #1700, 1000.000000000000227 ) ;
#1254 = SURFACE_SIDE_STYLE ('',( #943 ) ) ;
#1255 = ORIENTED_EDGE ( 'NONE', *, *, #1724, .T. ) ;
#1256 = EDGE_CURVE ( 'NONE', #2835, #1365, #1730, .T. ) ;
#1257 = VERTEX_POINT ( 'NONE', #4248 ) ;
#1258 = LINE ( 'NONE', #2319, #271 ) ;
#1259 = EDGE_CURVE ( 'NONE', #443, #3982, #1561, .T. ) ;
#1260 = CARTESIAN_POINT ( 'NONE',  ( -0.4997000000000000330, -0.4497585786437628408, -0.2479448892945115002 ) ) ;
#1261 = VECTOR ( 'NONE', #1204, 1000.000000000000000 ) ;
#1262 = ORIENTED_EDGE ( 'NONE', *, *, #920, .T. ) ;
#1263 = MECHANICAL_DESIGN_GEOMETRIC_PRESENTATION_REPRESENTATION (  '', ( #1734 ), #2976 ) ;
#1264 = CARTESIAN_POINT ( 'NONE',  ( -0.4988000000000001877, 0.1499999999999999944, 0.1050000000000000239 ) ) ;
#1265 =( LENGTH_UNIT ( ) NAMED_UNIT ( * ) SI_UNIT ( .MILLI., .METRE. ) );
#1266 = EDGE_CURVE ( 'NONE', #4524, #3886, #127, .T. ) ;
#1267 = EDGE_CURVE ( 'NONE', #359, #421, #1963, .T. ) ;
#1268 = PLANE ( 'NONE',  #1214 ) ;
#1269 = ORIENTED_EDGE ( 'NONE', *, *, #3860, .T. ) ;
#1270 = MECHANICAL_DESIGN_GEOMETRIC_PRESENTATION_REPRESENTATION (  '', ( #2493 ), #4143 ) ;
#1271 = CARTESIAN_POINT ( 'NONE',  ( -0.1248000000000002163, -0.1248000000000002163, 0.1100000000000000006 ) ) ;
#1272 = SURFACE_STYLE_USAGE ( .BOTH. , #4251 ) ;
#1273 = SURFACE_STYLE_FILL_AREA ( #1940 ) ;
#1274 = VECTOR ( 'NONE', #4040, 1000.000000000000000 ) ;
#1275 = FILL_AREA_STYLE ('',( #1987 ) ) ;
#1276 = PLANE ( 'NONE',  #61 ) ;
#1277 = SURFACE_STYLE_FILL_AREA ( #3699 ) ;
#1278 = SURFACE_SIDE_STYLE ('',( #540 ) ) ;
#1279 = ORIENTED_EDGE ( 'NONE', *, *, #920, .F. ) ;
#1280 =( GEOMETRIC_REPRESENTATION_CONTEXT ( 3 ) GLOBAL_UNCERTAINTY_ASSIGNED_CONTEXT ( ( #3807 ) ) GLOBAL_UNIT_ASSIGNED_CONTEXT ( ( #2059, #2786, #2820 ) ) REPRESENTATION_CONTEXT ( 'NONE', 'WORKASPACE' ) );
#1281 = ORIENTED_EDGE ( 'NONE', *, *, #2649, .F. ) ;
#1282 = VECTOR ( 'NONE', #1161, 1000.000000000000000 ) ;
#1283 = SURFACE_STYLE_USAGE ( .BOTH. , #900 ) ;
#1284 = VERTEX_POINT ( 'NONE', #1331 ) ;
#1285 =( NAMED_UNIT ( * ) SI_UNIT ( $, .STERADIAN. ) SOLID_ANGLE_UNIT ( ) );
#1286 = EDGE_CURVE ( 'NONE', #2239, #3353, #2777, .T. ) ;
#1287 = ORIENTED_EDGE ( 'NONE', *, *, #631, .T. ) ;
#1288 = CARTESIAN_POINT ( 'NONE',  ( 0.0000000000000000000, 0.0000000000000000000, 0.1250000000000000000 ) ) ;
#1289 = PLANE ( 'NONE',  #1228 ) ;
#1290 = FILL_AREA_STYLE_COLOUR ( '', #1886 ) ;
#1291 = ORIENTED_EDGE ( 'NONE', *, *, #18, .F. ) ;
#1292 = PRESENTATION_STYLE_ASSIGNMENT (( #1081 ) ) ;
#1293 = STYLED_ITEM ( 'NONE', ( #2704 ), #3197 ) ;
#1294 = ORIENTED_EDGE ( 'NONE', *, *, #3700, .T. ) ;
#1295 = EDGE_LOOP ( 'NONE', ( #3994, #2905, #3992, #2391 ) ) ;
#1296 = CARTESIAN_POINT ( 'NONE',  ( 0.1248000000000002163, -0.1248000000000002163, 0.1250000000000000000 ) ) ;
#1297 = VECTOR ( 'NONE', #2046, 1000.000000000000000 ) ;
#1298 = ORIENTED_EDGE ( 'NONE', *, *, #753, .T. ) ;
#1299 = VERTEX_POINT ( 'NONE', #628 ) ;
#1300 = CARTESIAN_POINT ( 'NONE',  ( 0.1248000000000002163, 0.1248000000000002163, 0.1100000000000000006 ) ) ;
#1301 = CARTESIAN_POINT ( 'NONE',  ( 0.1000000000000001582, 0.1749999999999999889, -0.1150000000000000050 ) ) ;
#1302 = CARTESIAN_POINT ( 'NONE',  ( 0.5000000000000001110, 0.4496000000000004437, -0.1248999999999999971 ) ) ;
#1303 = ORIENTED_EDGE ( 'NONE', *, *, #4242, .T. ) ;
#1304 = VERTEX_POINT ( 'NONE', #4299 ) ;
#1305 = CARTESIAN_POINT ( 'NONE',  ( -0.4997000000000000330, -0.4497585786437628408, 0.1250000000000000000 ) ) ;
#1306 = DIRECTION ( 'NONE',  ( 0.0000000000000000000, 0.0000000000000000000, -1.000000000000000000 ) ) ;
#1307 = LINE ( 'NONE', #315, #4472 ) ;
#1308 = ORIENTED_EDGE ( 'NONE', *, *, #663, .F. ) ;
#1309 = DIRECTION ( 'NONE',  ( -1.000000000000000000, 0.0000000000000000000, -0.0000000000000000000 ) ) ;
#1310 = ORIENTED_EDGE ( 'NONE', *, *, #142, .F. ) ;
#1311 = FACE_OUTER_BOUND ( 'NONE', #4048, .T. ) ;
#1312 = EDGE_CURVE ( 'NONE', #296, #853, #242, .T. ) ;
#1313 = FILL_AREA_STYLE ('',( #1653 ) ) ;
#1314 = UNCERTAINTY_MEASURE_WITH_UNIT (LENGTH_MEASURE( 1.000000000000000082E-05 ), #122, 'distance_accuracy_value', 'NONE');
#1315 = DIRECTION ( 'NONE',  ( 0.0000000000000000000, 0.0000000000000000000, -1.000000000000000000 ) ) ;
#1316 =( NAMED_UNIT ( * ) SI_UNIT ( $, .STERADIAN. ) SOLID_ANGLE_UNIT ( ) );
#1317 = MECHANICAL_DESIGN_GEOMETRIC_PRESENTATION_REPRESENTATION (  '', ( #4121 ), #2317 ) ;
#1318 = ADVANCED_FACE ( 'NONE', ( #4386 ), #4743, .F. ) ;
#1319 = SURFACE_STYLE_FILL_AREA ( #368 ) ;
#1320 = ORIENTED_EDGE ( 'NONE', *, *, #4706, .F. ) ;
#1321 = AXIS2_PLACEMENT_3D ( 'NONE', #3632, #1087, #1054 ) ;
#1322 = LINE ( 'NONE', #1885, #2651 ) ;
#1323 =( GEOMETRIC_REPRESENTATION_CONTEXT ( 3 ) GLOBAL_UNCERTAINTY_ASSIGNED_CONTEXT ( ( #3033 ) ) GLOBAL_UNIT_ASSIGNED_CONTEXT ( ( #4627, #580, #529 ) ) REPRESENTATION_CONTEXT ( 'NONE', 'WORKASPACE' ) );
#1324 = CARTESIAN_POINT ( 'NONE',  ( 0.4999000000000001775, 0.4999000000000001775, -0.02499999999999998404 ) ) ;
#1325 = ORIENTED_EDGE ( 'NONE', *, *, #2060, .T. ) ;
#1326 = DIRECTION ( 'NONE',  ( -1.000000000000000000, -0.0000000000000000000, -0.0000000000000000000 ) ) ;
#1327 = CARTESIAN_POINT ( 'NONE',  ( 0.1998000000000001997, 0.1998000000000001997, 0.1100000000000000006 ) ) ;
#1328 = CARTESIAN_POINT ( 'NONE',  ( -0.4988000000000001877, 0.1499999999999999944, 0.005000000000000013115 ) ) ;
#1329 = AXIS2_PLACEMENT_3D ( 'NONE', #2526, #321, #2132 ) ;
#1330 = EDGE_LOOP ( 'NONE', ( #893, #2846, #3972, #1199, #482, #2816, #1636, #2401 ) ) ;
#1331 = CARTESIAN_POINT ( 'NONE',  ( -0.4498000000000001997, -0.1998000000000001997, 0.1100000000000000006 ) ) ;
#1332 = EDGE_LOOP ( 'NONE', ( #188, #2085, #3201, #2218 ) ) ;
#1333 = SURFACE_STYLE_FILL_AREA ( #3950 ) ;
#1334 = DIRECTION ( 'NONE',  ( 0.0000000000000000000, -1.000000000000000000, 0.0000000000000000000 ) ) ;
#1335 = ORIENTED_EDGE ( 'NONE', *, *, #693, .T. ) ;
#1336 = ADVANCED_FACE ( 'NONE', ( #1109 ), #2534, .T. ) ;
#1337 = CARTESIAN_POINT ( 'NONE',  ( 0.1499999999999999944, -0.4988000000000001877, 0.1050000000000000239 ) ) ;
#1338 = SURFACE_SIDE_STYLE ('',( #4463 ) ) ;
#1339 = ORIENTED_EDGE ( 'NONE', *, *, #2084, .F. ) ;
#1340 = FACE_OUTER_BOUND ( 'NONE', #351, .T. ) ;
#1341 = EDGE_CURVE ( 'NONE', #3361, #20, #3407, .T. ) ;
#1342 = LINE ( 'NONE', #3286, #3293 ) ;
#1343 = CARTESIAN_POINT ( 'NONE',  ( -0.1998000000000001997, 0.4498000000000001997, 0.1250000000000000000 ) ) ;
#1344 = FILL_AREA_STYLE ('',( #4273 ) ) ;
#1345 = PRESENTATION_LAYER_ASSIGNMENT (  '', '', ( #4464 ) ) ;
#1346 = EDGE_LOOP ( 'NONE', ( #67, #4119, #1303, #160 ) ) ;
#1347 = SURFACE_SIDE_STYLE ('',( #1554 ) ) ;
#1348 =( NAMED_UNIT ( * ) SI_UNIT ( $, .STERADIAN. ) SOLID_ANGLE_UNIT ( ) );
#1349 = ORIENTED_EDGE ( 'NONE', *, *, #4126, .T. ) ;
#1350 = COLOUR_RGB ( '',0.6470588235294117974, 0.6196078431372549211, 0.5882352941176470784 ) ;
#1351 =( GEOMETRIC_REPRESENTATION_CONTEXT ( 3 ) GLOBAL_UNCERTAINTY_ASSIGNED_CONTEXT ( ( #2616 ) ) GLOBAL_UNIT_ASSIGNED_CONTEXT ( ( #755, #2229, #4064 ) ) REPRESENTATION_CONTEXT ( 'NONE', 'WORKASPACE' ) );
#1352 = COLOUR_RGB ( '',0.3411764705882353033, 0.8392156862745098200, 0.4117647058823529216 ) ;
#1353 = LINE ( 'NONE', #4091, #4753 ) ;
#1354 = ORIENTED_EDGE ( 'NONE', *, *, #3248, .F. ) ;
#1355 = ORIENTED_EDGE ( 'NONE', *, *, #1559, .F. ) ;
#1356 = DIRECTION ( 'NONE',  ( 0.0000000000000000000, 0.0000000000000000000, -1.000000000000000000 ) ) ;
#1357 = VECTOR ( 'NONE', #72, 1000.000000000000000 ) ;
#1358 = EDGE_CURVE ( 'NONE', #3133, #1787, #1612, .T. ) ;
#1359 = FACE_OUTER_BOUND ( 'NONE', #3172, .T. ) ;
#1360 = FILL_AREA_STYLE_COLOUR ( '', #4225 ) ;
#1361 = SURFACE_STYLE_USAGE ( .BOTH. , #2088 ) ;
#1362 = ORIENTED_EDGE ( 'NONE', *, *, #1488, .T. ) ;
#1363 = EDGE_CURVE ( 'NONE', #75, #1999, #4673, .T. ) ;
#1364 =( NAMED_UNIT ( * ) PLANE_ANGLE_UNIT ( ) SI_UNIT ( $, .RADIAN. ) );
#1365 = VERTEX_POINT ( 'NONE', #3964 ) ;
#1366 = EDGE_CURVE ( 'NONE', #2279, #4094, #2207, .T. ) ;
#1367 = FILL_AREA_STYLE ('',( #991 ) ) ;
#1368 = LINE ( 'NONE', #49, #4192 ) ;
#1369 = FILL_AREA_STYLE ('',( #3986 ) ) ;
#1370 =( GEOMETRIC_REPRESENTATION_CONTEXT ( 3 ) GLOBAL_UNCERTAINTY_ASSIGNED_CONTEXT ( ( #3475 ) ) GLOBAL_UNIT_ASSIGNED_CONTEXT ( ( #1851, #4442, #2087 ) ) REPRESENTATION_CONTEXT ( 'NONE', 'WORKASPACE' ) );
#1371 = CARTESIAN_POINT ( 'NONE',  ( 0.0000000000000000000, 0.0000000000000000000, 0.1250000000000000000 ) ) ;
#1372 = PRESENTATION_LAYER_ASSIGNMENT (  '', '', ( #397 ) ) ;
#1373 =( NAMED_UNIT ( * ) PLANE_ANGLE_UNIT ( ) SI_UNIT ( $, .RADIAN. ) );
#1374 = CARTESIAN_POINT ( 'NONE',  ( -0.4496000000000002217, -0.4999999999999998890, -0.1250000000000000000 ) ) ;
#1375 = COLOUR_RGB ( '',0.6470588235294117974, 0.6196078431372549211, 0.5882352941176470784 ) ;
#1376 = STYLED_ITEM ( 'NONE', ( #2802 ), #4765 ) ;
#1377 = SURFACE_STYLE_USAGE ( .BOTH. , #1347 ) ;
#1378 = VECTOR ( 'NONE', #4474, 1000.000000000000000 ) ;
#1379 = ORIENTED_EDGE ( 'NONE', *, *, #513, .T. ) ;
#1380 = EDGE_CURVE ( 'NONE', #1463, #1093, #3587, .T. ) ;
#1381 = ADVANCED_FACE ( 'NONE', ( #4502 ), #2145, .F. ) ;
#1382 = VECTOR ( 'NONE', #2348, 1000.000000000000000 ) ;
#1383 = SURFACE_SIDE_STYLE ('',( #1815 ) ) ;
#1384 = VERTEX_POINT ( 'NONE', #1427 ) ;
#1385 = FILL_AREA_STYLE_COLOUR ( '', #1392 ) ;
#1386 = PLANE ( 'NONE',  #183 ) ;
#1387 = VERTEX_POINT ( 'NONE', #301 ) ;
#1388 = VECTOR ( 'NONE', #970, 1000.000000000000000 ) ;
#1389 = VERTEX_POINT ( 'NONE', #2861 ) ;
#1390 =( NAMED_UNIT ( * ) SI_UNIT ( $, .STERADIAN. ) SOLID_ANGLE_UNIT ( ) );
#1391 = ORIENTED_EDGE ( 'NONE', *, *, #2430, .T. ) ;
#1392 = COLOUR_RGB ( '',0.3411764705882353033, 0.8392156862745098200, 0.4117647058823529216 ) ;
#1393 = LINE ( 'NONE', #2030, #4217 ) ;
#1394 = EDGE_CURVE ( 'NONE', #2171, #3133, #2942, .T. ) ;
#1395 = UNCERTAINTY_MEASURE_WITH_UNIT (LENGTH_MEASURE( 1.000000000000000082E-05 ), #2003, 'distance_accuracy_value', 'NONE');
#1396 = ORIENTED_EDGE ( 'NONE', *, *, #168, .F. ) ;
#1397 = ORIENTED_EDGE ( 'NONE', *, *, #3044, .F. ) ;
#1398 = COLOUR_RGB ( '',0.6470588235294117974, 0.6196078431372549211, 0.5882352941176470784 ) ;
#1399 = PRESENTATION_STYLE_ASSIGNMENT (( #3655 ) ) ;
#1400 = STYLED_ITEM ( 'NONE', ( #1399 ), #2757 ) ;
#1401 = CARTESIAN_POINT ( 'NONE',  ( 0.1998000000000001997, 0.4498000000000001997, 0.1100000000000000006 ) ) ;
#1402 = PLANE ( 'NONE',  #1652 ) ;
#1403 = EDGE_CURVE ( 'NONE', #416, #1535, #3816, .T. ) ;
#1404 = LINE ( 'NONE', #3474, #1523 ) ;
#1405 = ORIENTED_EDGE ( 'NONE', *, *, #4298, .T. ) ;
#1406 = ORIENTED_EDGE ( 'NONE', *, *, #2735, .T. ) ;
#1407 = SURFACE_STYLE_FILL_AREA ( #1344 ) ;
#1408 = VECTOR ( 'NONE', #2776, 1000.000000000000000 ) ;
#1409 = DIRECTION ( 'NONE',  ( -1.549318638402482068E-15, 1.000000000000000000, 0.0000000000000000000 ) ) ;
#1410 = CARTESIAN_POINT ( 'NONE',  ( -0.1248000000000002163, -0.1248000000000002163, 0.1250000000000000000 ) ) ;
#1411 = EDGE_CURVE ( 'NONE', #1520, #3749, #4621, .T. ) ;
#1412 =( LENGTH_UNIT ( ) NAMED_UNIT ( * ) SI_UNIT ( .MILLI., .METRE. ) );
#1413 = DIRECTION ( 'NONE',  ( -0.0000000000000000000, -0.0000000000000000000, 1.000000000000000000 ) ) ;
#1414 = EDGE_LOOP ( 'NONE', ( #1736, #1140, #3425, #936 ) ) ;
#1415 = DIRECTION ( 'NONE',  ( 1.000000000000000000, 0.0000000000000000000, 0.0000000000000000000 ) ) ;
#1416 =( GEOMETRIC_REPRESENTATION_CONTEXT ( 3 ) GLOBAL_UNCERTAINTY_ASSIGNED_CONTEXT ( ( #316 ) ) GLOBAL_UNIT_ASSIGNED_CONTEXT ( ( #1474, #3337, #1537 ) ) REPRESENTATION_CONTEXT ( 'NONE', 'WORKASPACE' ) );
#1417 = LINE ( 'NONE', #2921, #3314 ) ;
#1418 = PLANE ( 'NONE',  #3459 ) ;
#1419 = ORIENTED_EDGE ( 'NONE', *, *, #3303, .T. ) ;
#1420 = MECHANICAL_DESIGN_GEOMETRIC_PRESENTATION_REPRESENTATION (  '', ( #2996 ), #104 ) ;
#1421 = FILL_AREA_STYLE ('',( #2521 ) ) ;
#1422 = CARTESIAN_POINT ( 'NONE',  ( 0.1499999999999999667, -0.04999999999999999584, -0.1250000000000000000 ) ) ;
#1423 = ORIENTED_EDGE ( 'NONE', *, *, #1650, .F. ) ;
#1424 = CARTESIAN_POINT ( 'NONE',  ( -0.3098000000000001863, -0.4997000000000002551, 0.1250000000000000000 ) ) ;
#1425 = PLANE ( 'NONE',  #4319 ) ;
#1427 = CARTESIAN_POINT ( 'NONE',  ( 0.1000000000000001582, 0.1749999999999999889, -0.1250000000000000000 ) ) ;
#1426 = VECTOR ( 'NONE', #2388, 1000.000000000000000 ) ;
#1428 = DIRECTION ( 'NONE',  ( -0.0000000000000000000, -0.0000000000000000000, 1.000000000000000000 ) ) ;
#1429 = SURFACE_STYLE_FILL_AREA ( #1835 ) ;
#1430 = LINE ( 'NONE', #931, #985 ) ;
#1431 = VERTEX_POINT ( 'NONE', #3979 ) ;
#1432 = EDGE_CURVE ( 'NONE', #3111, #1005, #993, .T. ) ;
#1433 = DIRECTION ( 'NONE',  ( 0.0000000000000000000, 0.0000000000000000000, 1.000000000000000000 ) ) ;
#1434 = COLOUR_RGB ( '',0.6470588235294117974, 0.6196078431372549211, 0.5882352941176470784 ) ;
#1435 = CARTESIAN_POINT ( 'NONE',  ( -0.1499999999999999944, 0.4988000000000001877, 0.1050000000000000239 ) ) ;
#1436 = PRESENTATION_LAYER_ASSIGNMENT (  '', '', ( #451 ) ) ;
#1437 =( NAMED_UNIT ( * ) SI_UNIT ( $, .STERADIAN. ) SOLID_ANGLE_UNIT ( ) );
#1438 = DIRECTION ( 'NONE',  ( -0.0000000000000000000, 1.000000000000000000, 0.0000000000000000000 ) ) ;
#1439 =( NAMED_UNIT ( * ) SI_UNIT ( $, .STERADIAN. ) SOLID_ANGLE_UNIT ( ) );
#1440 = MECHANICAL_DESIGN_GEOMETRIC_PRESENTATION_REPRESENTATION (  '', ( #3995 ), #4067 ) ;
#1441 = CARTESIAN_POINT ( 'NONE',  ( 0.1499999999999999944, -0.4988000000000001877, 0.005000000000000013115 ) ) ;
#1442 = ORIENTED_EDGE ( 'NONE', *, *, #3432, .F. ) ;
#1443 = ADVANCED_FACE ( 'NONE', ( #1725 ), #1771, .F. ) ;
#1444 = EDGE_LOOP ( 'NONE', ( #2559, #4275, #2769, #3332 ) ) ;
#1445 = VECTOR ( 'NONE', #3660, 1000.000000000000000 ) ;
#1446 = MECHANICAL_DESIGN_GEOMETRIC_PRESENTATION_REPRESENTATION (  '', ( #129 ), #2928 ) ;
#1447 = CARTESIAN_POINT ( 'NONE',  ( -0.4497999999999999776, 0.4998000000000002441, -0.06571067811865477504 ) ) ;
#1448 = ORIENTED_EDGE ( 'NONE', *, *, #4460, .F. ) ;
#1449 = LINE ( 'NONE', #2188, #3779 ) ;
#1450 = FILL_AREA_STYLE_COLOUR ( '', #1887 ) ;
#1451 = CARTESIAN_POINT ( 'NONE',  ( -0.4497999999999999776, 0.4998000000000002441, 0.005000000000000013115 ) ) ;
#1452 = VERTEX_POINT ( 'NONE', #2555 ) ;
#1453 = VECTOR ( 'NONE', #536, 1000.000000000000000 ) ;
#1454 = LINE ( 'NONE', #4309, #3180 ) ;
#1455 = DIRECTION ( 'NONE',  ( 0.0000000000000000000, 0.0000000000000000000, -1.000000000000000000 ) ) ;
#1456 = CARTESIAN_POINT ( 'NONE',  ( 0.4998000000000002441, -0.4998000000000000220, 0.1250000000000000000 ) ) ;
#1457 = CARTESIAN_POINT ( 'NONE',  ( -0.1998000000000001997, 0.1998000000000001997, 0.1250000000000000000 ) ) ;
#1458 = ORIENTED_EDGE ( 'NONE', *, *, #3900, .T. ) ;
#1459 = ORIENTED_EDGE ( 'NONE', *, *, #4298, .F. ) ;
#1460 = ORIENTED_EDGE ( 'NONE', *, *, #3184, .T. ) ;
#1461 = EDGE_CURVE ( 'NONE', #4231, #4619, #3060, .T. ) ;
#1462 = FACE_BOUND ( 'NONE', #4159, .T. ) ;
#1463 = VERTEX_POINT ( 'NONE', #2608 ) ;
#1464 = LINE ( 'NONE', #1300, #310 ) ;
#1465 = AXIS2_PLACEMENT_3D ( 'NONE', #3069, #872, #3022 ) ;
#1466 = CARTESIAN_POINT ( 'NONE',  ( 0.4997000000000000330, -0.4497585786437628408, -0.2479448892945115002 ) ) ;
#1467 = EDGE_LOOP ( 'NONE', ( #3988, #3967, #1281, #2799 ) ) ;
#1468 = LINE ( 'NONE', #1327, #3555 ) ;
#1469 = VECTOR ( 'NONE', #564, 1000.000000000000000 ) ;
#1470 = DIRECTION ( 'NONE',  ( 0.0000000000000000000, 0.0000000000000000000, 1.000000000000000000 ) ) ;
#1471 = PRESENTATION_LAYER_ASSIGNMENT (  '', '', ( #85 ) ) ;
#1472 = COLOUR_RGB ( '',1.000000000000000000, 0.1686274509803921684, 0.1686274509803921684 ) ;
#1473 = ORIENTED_EDGE ( 'NONE', *, *, #4558, .F. ) ;
#1474 =( LENGTH_UNIT ( ) NAMED_UNIT ( * ) SI_UNIT ( .MILLI., .METRE. ) );
#1475 = ORIENTED_EDGE ( 'NONE', *, *, #2978, .F. ) ;
#1476 = STYLED_ITEM ( 'NONE', ( #3884 ), #4014 ) ;
#1477 = LINE ( 'NONE', #440, #1203 ) ;
#1478 = VECTOR ( 'NONE', #1890, 1000.000000000000000 ) ;
#1479 = ADVANCED_FACE ( 'NONE', ( #4564 ), #3215, .F. ) ;
#1480 = AXIS2_PLACEMENT_3D ( 'NONE', #4417, #2929, #2519 ) ;
#1481 = SURFACE_STYLE_USAGE ( .BOTH. , #4070 ) ;
#1482 = VECTOR ( 'NONE', #3648, 1000.000000000000000 ) ;
#1483 = CARTESIAN_POINT ( 'NONE',  ( 0.3098300000000002163, -0.4997000000000002551, 0.1100000000000000006 ) ) ;
#1484 = CARTESIAN_POINT ( 'NONE',  ( 0.1000000000000001443, -0.07499999999999996947, -0.1150000000000000050 ) ) ;
#1485 = VERTEX_POINT ( 'NONE', #2268 ) ;
#1486 = DIRECTION ( 'NONE',  ( -1.000000000000000000, 0.0000000000000000000, 0.0000000000000000000 ) ) ;
#1487 = CARTESIAN_POINT ( 'NONE',  ( 0.4998000000000002441, -0.1499999999999999667, 0.005000000000000013115 ) ) ;
#1488 = EDGE_CURVE ( 'NONE', #1651, #2090, #2536, .T. ) ;
#1489 = LINE ( 'NONE', #4063, #2369 ) ;
#1490 = DIRECTION ( 'NONE',  ( 0.7071067811865475727, 0.7071067811865475727, 0.0000000000000000000 ) ) ;
#1491 = EDGE_CURVE ( 'NONE', #3308, #2048, #120, .T. ) ;
#1492 = CARTESIAN_POINT ( 'NONE',  ( -0.1998000000000001997, 0.1998000000000001997, 0.1100000000000000006 ) ) ;
#1493 = LINE ( 'NONE', #2073, #58 ) ;
#1494 = VECTOR ( 'NONE', #2349, 1000.000000000000000 ) ;
#1495 = CARTESIAN_POINT ( 'NONE',  ( -0.4497999999999999776, 0.4998000000000002441, -0.06571067811865477504 ) ) ;
#1496 = PRESENTATION_LAYER_ASSIGNMENT (  '', '', ( #2487 ) ) ;
#1497 = CARTESIAN_POINT ( 'NONE',  ( -0.1499999999999999944, -0.4988000000000001877, 0.005000000000000013115 ) ) ;
#1498 = DIRECTION ( 'NONE',  ( 1.000000000000000000, -0.0000000000000000000, -0.0000000000000000000 ) ) ;
#1499 = EDGE_CURVE ( 'NONE', #2835, #4209, #990, .T. ) ;
#1500 = CARTESIAN_POINT ( 'NONE',  ( -0.4999999999999998890, 0.5000000000000001110, 0.1250000000000000000 ) ) ;
#1501 = EDGE_CURVE ( 'NONE', #3008, #4622, #4141, .T. ) ;
#1502 = LINE ( 'NONE', #726, #4559 ) ;
#1503 = ORIENTED_EDGE ( 'NONE', *, *, #1169, .F. ) ;
#1504 = MECHANICAL_DESIGN_GEOMETRIC_PRESENTATION_REPRESENTATION (  '', ( #2741 ), #3488 ) ;
#1505 = ADVANCED_FACE ( 'NONE', ( #4614 ), #4410, .T. ) ;
#1506 = ORIENTED_EDGE ( 'NONE', *, *, #176, .F. ) ;
#1507 = CARTESIAN_POINT ( 'NONE',  ( 0.1248000000000001608, -0.4998000000000002441, 0.1250000000000000000 ) ) ;
#1508 = SURFACE_STYLE_USAGE ( .BOTH. , #3726 ) ;
#1509 = VERTEX_POINT ( 'NONE', #780 ) ;
#1510 =( GEOMETRIC_REPRESENTATION_CONTEXT ( 3 ) GLOBAL_UNCERTAINTY_ASSIGNED_CONTEXT ( ( #2186 ) ) GLOBAL_UNIT_ASSIGNED_CONTEXT ( ( #531, #3507, #1596 ) ) REPRESENTATION_CONTEXT ( 'NONE', 'WORKASPACE' ) );
#1511 = CARTESIAN_POINT ( 'NONE',  ( -0.4997000000000000330, 0.4497585786437628408, 0.1250000000000000000 ) ) ;
#1512 = CARTESIAN_POINT ( 'NONE',  ( 0.4747999999999990561, -0.4748000000000011100, -0.1248999999999999971 ) ) ;
#1513 = DIRECTION ( 'NONE',  ( -0.0000000000000000000, -0.0000000000000000000, 1.000000000000000000 ) ) ;
#1514 = ORIENTED_EDGE ( 'NONE', *, *, #4086, .F. ) ;
#1515 = LINE ( 'NONE', #3891, #3294 ) ;
#1516 = EDGE_LOOP ( 'NONE', ( #1460, #1405, #3989, #1786 ) ) ;
#1517 = LINE ( 'NONE', #1017, #4679 ) ;
#1518 = PLANE ( 'NONE',  #3798 ) ;
#1519 = ADVANCED_FACE ( 'NONE', ( #1957 ), #3747, .F. ) ;
#1520 = VERTEX_POINT ( 'NONE', #3358 ) ;
#1521 = CARTESIAN_POINT ( 'NONE',  ( 0.5000000000000002220, -0.4496000000000001107, -0.1248999999999999971 ) ) ;
#1522 = DIRECTION ( 'NONE',  ( 0.0000000000000000000, 1.000000000000000000, 0.0000000000000000000 ) ) ;
#1523 = VECTOR ( 'NONE', #1665, 1000.000000000000000 ) ;
#1524 = ORIENTED_EDGE ( 'NONE', *, *, #1067, .T. ) ;
#1525 = LINE ( 'NONE', #4176, #488 ) ;
#1526 = COLOUR_RGB ( '',0.6470588235294117974, 0.6196078431372549211, 0.5882352941176470784 ) ;
#1527 = CARTESIAN_POINT ( 'NONE',  ( -0.1248000000000002163, -0.1248000000000002163, 0.1100000000000000006 ) ) ;
#1528 = UNCERTAINTY_MEASURE_WITH_UNIT (LENGTH_MEASURE( 1.000000000000000082E-05 ), #4287, 'distance_accuracy_value', 'NONE');
#1529 = EDGE_CURVE ( 'NONE', #581, #145, #1218, .T. ) ;
#1530 = VECTOR ( 'NONE', #1216, 1000.000000000000000 ) ;
#1531 = ORIENTED_EDGE ( 'NONE', *, *, #4558, .T. ) ;
#1532 = PRESENTATION_STYLE_ASSIGNMENT (( #1981 ) ) ;
#1533 = VECTOR ( 'NONE', #3678, 1000.000000000000000 ) ;
#1534 =( LENGTH_UNIT ( ) NAMED_UNIT ( * ) SI_UNIT ( .MILLI., .METRE. ) );
#1535 = VERTEX_POINT ( 'NONE', #498 ) ;
#1536 = STYLED_ITEM ( 'NONE', ( #3604 ), #2695 ) ;
#1537 =( NAMED_UNIT ( * ) SI_UNIT ( $, .STERADIAN. ) SOLID_ANGLE_UNIT ( ) );
#1538 = SURFACE_STYLE_USAGE ( .BOTH. , #3339 ) ;
#1539 = DIRECTION ( 'NONE',  ( -1.000000000000000000, 0.0000000000000000000, 0.0000000000000000000 ) ) ;
#1540 = DIRECTION ( 'NONE',  ( 0.0000000000000000000, -1.000000000000000000, 0.0000000000000000000 ) ) ;
#1541 = VECTOR ( 'NONE', #3536, 1000.000000000000227 ) ;
#1542 = PLANE ( 'NONE',  #3928 ) ;
#1543 = ORIENTED_EDGE ( 'NONE', *, *, #2489, .F. ) ;
#1544 = VECTOR ( 'NONE', #883, 1000.000000000000000 ) ;
#1545 = PLANE ( 'NONE',  #4375 ) ;
#1546 = LINE ( 'NONE', #811, #1602 ) ;
#1547 = CARTESIAN_POINT ( 'NONE',  ( 0.5000000000000001110, 0.5000000000000001110, 0.1250000000000000000 ) ) ;
#1548 = COLOUR_RGB ( '',0.6470588235294117974, 0.6196078431372549211, 0.5882352941176470784 ) ;
#1549 =( NAMED_UNIT ( * ) PLANE_ANGLE_UNIT ( ) SI_UNIT ( $, .RADIAN. ) );
#1550 = EDGE_CURVE ( 'NONE', #298, #311, #1555, .T. ) ;
#1551 = CARTESIAN_POINT ( 'NONE',  ( 0.4498000000000001997, 0.3248000000000001997, 0.1250000000000000000 ) ) ;
#1552 = CARTESIAN_POINT ( 'NONE',  ( -0.4497999999999999776, 0.4998000000000002441, 0.1100000000000000144 ) ) ;
#1553 = MECHANICAL_DESIGN_GEOMETRIC_PRESENTATION_REPRESENTATION (  '', ( #478 ), #4491 ) ;
#1554 = SURFACE_STYLE_FILL_AREA ( #616 ) ;
#1555 = LINE ( 'NONE', #1511, #1103 ) ;
#1556 = EDGE_CURVE ( 'NONE', #4054, #1663, #1048, .T. ) ;
#1557 = ORIENTED_EDGE ( 'NONE', *, *, #1737, .T. ) ;
#1558 = CARTESIAN_POINT ( 'NONE',  ( -0.4998999999999999555, 0.4999000000000001775, -0.02499999999999998404 ) ) ;
#1559 = EDGE_CURVE ( 'NONE', #1123, #2492, #2998, .T. ) ;
#1560 = ORIENTED_EDGE ( 'NONE', *, *, #534, .T. ) ;
#1561 = LINE ( 'NONE', #2831, #4270 ) ;
#1562 = ADVANCED_FACE ( 'NONE', ( #2935 ), #1133, .F. ) ;
#1563 = ORIENTED_EDGE ( 'NONE', *, *, #4763, .F. ) ;
#1564 =( GEOMETRIC_REPRESENTATION_CONTEXT ( 3 ) GLOBAL_UNCERTAINTY_ASSIGNED_CONTEXT ( ( #2874 ) ) GLOBAL_UNIT_ASSIGNED_CONTEXT ( ( #4654, #4613, #4255 ) ) REPRESENTATION_CONTEXT ( 'NONE', 'WORKASPACE' ) );
#1565 = EDGE_LOOP ( 'NONE', ( #47, #3036, #2671, #3469 ) ) ;
#1566 = VECTOR ( 'NONE', #3990, 1000.000000000000000 ) ;
#1567 = PLANE ( 'NONE',  #4147 ) ;
#1568 = CARTESIAN_POINT ( 'NONE',  ( 0.3248000000000000886, 0.4498000000000001997, 0.1250000000000000000 ) ) ;
#1569 = SURFACE_SIDE_STYLE ('',( #894 ) ) ;
#1570 =( LENGTH_UNIT ( ) NAMED_UNIT ( * ) SI_UNIT ( .MILLI., .METRE. ) );
#1571 = ORIENTED_EDGE ( 'NONE', *, *, #4198, .F. ) ;
#1572 = LINE ( 'NONE', #3141, #4394 ) ;
#1573 = LINE ( 'NONE', #4002, #250 ) ;
#1574 = STYLED_ITEM ( 'NONE', ( #3480 ), #1192 ) ;
#1575 = ORIENTED_EDGE ( 'NONE', *, *, #3956, .T. ) ;
#1576 = ORIENTED_EDGE ( 'NONE', *, *, #1077, .T. ) ;
#1577 = FACE_BOUND ( 'NONE', #408, .T. ) ;
#1578 = DIRECTION ( 'NONE',  ( -1.000000000000000000, 0.0000000000000000000, 0.0000000000000000000 ) ) ;
#1579 = EDGE_CURVE ( 'NONE', #181, #190, #1775, .T. ) ;
#1580 = ADVANCED_FACE ( 'NONE', ( #3525 ), #1659, .F. ) ;
#1581 = ORIENTED_EDGE ( 'NONE', *, *, #293, .F. ) ;
#1582 = ORIENTED_EDGE ( 'NONE', *, *, #3150, .T. ) ;
#1583 = CARTESIAN_POINT ( 'NONE',  ( -0.4988000000000001877, 0.1499999999999999944, 0.1050000000000000239 ) ) ;
#1584 = DIRECTION ( 'NONE',  ( -1.000000000000000000, 1.445602896647339163E-16, 0.0000000000000000000 ) ) ;
#1585 = CARTESIAN_POINT ( 'NONE',  ( 0.1499999999999999944, 0.4988000000000001877, 0.005000000000000013115 ) ) ;
#1586 = UNCERTAINTY_MEASURE_WITH_UNIT (LENGTH_MEASURE( 1.000000000000000082E-05 ), #1757, 'distance_accuracy_value', 'NONE');
#1587 = CARTESIAN_POINT ( 'NONE',  ( 0.1000000000000001582, -0.1749999999999999334, -0.1150000000000000050 ) ) ;
#1588 = VERTEX_POINT ( 'NONE', #2006 ) ;
#1589 = ORIENTED_EDGE ( 'NONE', *, *, #3846, .F. ) ;
#1590 = DIRECTION ( 'NONE',  ( -1.000000000000000000, -0.0000000000000000000, -0.0000000000000000000 ) ) ;
#1591 = EDGE_CURVE ( 'NONE', #4054, #3353, #3702, .T. ) ;
#1592 = ORIENTED_EDGE ( 'NONE', *, *, #2411, .F. ) ;
#1593 = MECHANICAL_DESIGN_GEOMETRIC_PRESENTATION_REPRESENTATION (  '', ( #2770 ), #3016 ) ;
#1594 =( NAMED_UNIT ( * ) PLANE_ANGLE_UNIT ( ) SI_UNIT ( $, .RADIAN. ) );
#1595 = DIRECTION ( 'NONE',  ( 0.0000000000000000000, 0.0000000000000000000, -1.000000000000000000 ) ) ;
#1596 =( NAMED_UNIT ( * ) SI_UNIT ( $, .STERADIAN. ) SOLID_ANGLE_UNIT ( ) );
#1597 = EDGE_LOOP ( 'NONE', ( #4405, #4568, #644, #2105 ) ) ;
#1598 = COLOUR_RGB ( '',1.000000000000000000, 0.1686274509803921684, 0.1686274509803921684 ) ;
#1599 = CARTESIAN_POINT ( 'NONE',  ( 0.4498000000000001997, 0.3248000000000001997, 0.1100000000000000006 ) ) ;
#1600 = CARTESIAN_POINT ( 'NONE',  ( -0.1499999999999999944, 0.4988000000000001877, 0.1050000000000000239 ) ) ;
#1601 = LINE ( 'NONE', #4317, #629 ) ;
#1603 = DIRECTION ( 'NONE',  ( -2.710505431213761578E-16, -1.000000000000000000, 0.0000000000000000000 ) ) ;
#1602 = VECTOR ( 'NONE', #799, 1000.000000000000000 ) ;
#1604 = DIRECTION ( 'NONE',  ( 0.7071067811865474617, -0.7071067811865474617, 0.0000000000000000000 ) ) ;
#1605 = PLANE ( 'NONE',  #4626 ) ;
#1606 = LINE ( 'NONE', #1782, #2200 ) ;
#1607 = DIRECTION ( 'NONE',  ( 1.000000000000000000, 0.0000000000000000000, 0.0000000000000000000 ) ) ;
#1608 = FILL_AREA_STYLE_COLOUR ( '', #2800 ) ;
#1609 = ORIENTED_EDGE ( 'NONE', *, *, #2337, .T. ) ;
#1610 = EDGE_CURVE ( 'NONE', #3677, #4206, #877, .T. ) ;
#1611 = ORIENTED_EDGE ( 'NONE', *, *, #560, .T. ) ;
#1612 = LINE ( 'NONE', #1806, #2331 ) ;
#1613 = EDGE_LOOP ( 'NONE', ( #796, #3415, #4163, #826, #1391, #1458, #1230, #2607, #848 ) ) ;
#1614 = MECHANICAL_DESIGN_GEOMETRIC_PRESENTATION_REPRESENTATION (  '', ( #952 ), #1673 ) ;
#1615 = ORIENTED_EDGE ( 'NONE', *, *, #1854, .T. ) ;
#1616 = MECHANICAL_DESIGN_GEOMETRIC_PRESENTATION_REPRESENTATION (  '', ( #638 ), #1564 ) ;
#1617 = VECTOR ( 'NONE', #279, 1000.000000000000000 ) ;
#1618 = DIRECTION ( 'NONE',  ( -2.710505431213761578E-16, 1.000000000000000000, 0.0000000000000000000 ) ) ;
#1619 =( GEOMETRIC_REPRESENTATION_CONTEXT ( 3 ) GLOBAL_UNCERTAINTY_ASSIGNED_CONTEXT ( ( #3027 ) ) GLOBAL_UNIT_ASSIGNED_CONTEXT ( ( #1029, #3605, #4717 ) ) REPRESENTATION_CONTEXT ( 'NONE', 'WORKASPACE' ) );
#1620 = ORIENTED_EDGE ( 'NONE', *, *, #4210, .F. ) ;
#1621 = COLOUR_RGB ( '',0.6470588235294117974, 0.6196078431372549211, 0.5882352941176470784 ) ;
#1622 = PLANE ( 'NONE',  #2066 ) ;
#1623 = ORIENTED_EDGE ( 'NONE', *, *, #168, .T. ) ;
#1624 = DIRECTION ( 'NONE',  ( -0.0000000000000000000, 0.0000000000000000000, 1.000000000000000000 ) ) ;
#1625 = PLANE ( 'NONE',  #4657 ) ;
#1626 = DIRECTION ( 'NONE',  ( -0.9578262852211520961, -0.2873478855663431086, 0.0000000000000000000 ) ) ;
#1627 = ORIENTED_EDGE ( 'NONE', *, *, #4639, .F. ) ;
#1628 = VECTOR ( 'NONE', #1212, 1000.000000000000000 ) ;
#1629 = FILL_AREA_STYLE_COLOUR ( '', #1398 ) ;
#1630 =( LENGTH_UNIT ( ) NAMED_UNIT ( * ) SI_UNIT ( .MILLI., .METRE. ) );
#1631 = EDGE_LOOP ( 'NONE', ( #2850, #1783, #425, #916 ) ) ;
#1632 = VECTOR ( 'NONE', #1060, 1000.000000000000000 ) ;
#1633 = CARTESIAN_POINT ( 'NONE',  ( 0.3098000000000001863, -0.4997000000000002551, 0.1250000000000000000 ) ) ;
#1634 = ADVANCED_FACE ( 'NONE', ( #759 ), #3466, .T. ) ;
#1635 = VECTOR ( 'NONE', #2663, 1000.000000000000000 ) ;
#1636 = ORIENTED_EDGE ( 'NONE', *, *, #3130, .F. ) ;
#1637 = LINE ( 'NONE', #2389, #94 ) ;
#1638 = LINE ( 'NONE', #1271, #3673 ) ;
#1639 = EDGE_CURVE ( 'NONE', #4209, #2080, #2508, .T. ) ;
#1640 = CARTESIAN_POINT ( 'NONE',  ( -0.1998000000000001997, -0.1998000000000001997, 0.1100000000000000006 ) ) ;
#1641 = VECTOR ( 'NONE', #4371, 1000.000000000000227 ) ;
#1642 = EDGE_LOOP ( 'NONE', ( #3730, #1543, #2517, #2952 ) ) ;
#1643 = FILL_AREA_STYLE ('',( #1608 ) ) ;
#1644 = PRESENTATION_STYLE_ASSIGNMENT (( #1765 ) ) ;
#1645 = CARTESIAN_POINT ( 'NONE',  ( -0.1998000000000001997, -0.4498000000000001997, 0.1100000000000000006 ) ) ;
#1646 = FILL_AREA_STYLE_COLOUR ( '', #2564 ) ;
#1647 = EDGE_CURVE ( 'NONE', #3606, #3008, #2111, .T. ) ;
#1648 =( NAMED_UNIT ( * ) PLANE_ANGLE_UNIT ( ) SI_UNIT ( $, .RADIAN. ) );
#1649 = SURFACE_SIDE_STYLE ('',( #2951 ) ) ;
#1650 = EDGE_CURVE ( 'NONE', #612, #2950, #1525, .T. ) ;
#1651 = VERTEX_POINT ( 'NONE', #886 ) ;
#1652 = AXIS2_PLACEMENT_3D ( 'NONE', #3187, #3943, #1755 ) ;
#1653 = FILL_AREA_STYLE_COLOUR ( '', #2109 ) ;
#1654 = LINE ( 'NONE', #112, #1155 ) ;
#1655 = CARTESIAN_POINT ( 'NONE',  ( 0.4498000000000001997, 0.1998000000000001997, 0.1250000000000000000 ) ) ;
#1656 = FILL_AREA_STYLE_COLOUR ( '', #149 ) ;
#1657 = UNCERTAINTY_MEASURE_WITH_UNIT (LENGTH_MEASURE( 1.000000000000000082E-05 ), #2890, 'distance_accuracy_value', 'NONE');
#1658 = CARTESIAN_POINT ( 'NONE',  ( 0.4999000000000001775, -0.4998999999999999555, -0.02499999999999998404 ) ) ;
#1659 = PLANE ( 'NONE',  #3833 ) ;
#1660 = AXIS2_PLACEMENT_3D ( 'NONE', #5, #2934, #1849 ) ;
#1661 = CARTESIAN_POINT ( 'NONE',  ( 0.07500000000000002498, 0.07499999999999998335, 0.1250000000000000000 ) ) ;
#1662 = UNCERTAINTY_MEASURE_WITH_UNIT (LENGTH_MEASURE( 1.000000000000000082E-05 ), #1046, 'distance_accuracy_value', 'NONE');
#1663 = VERTEX_POINT ( 'NONE', #2423 ) ;
#1664 = DIRECTION ( 'NONE',  ( 0.0000000000000000000, 1.000000000000000000, 0.0000000000000000000 ) ) ;
#1665 = DIRECTION ( 'NONE',  ( -1.000000000000000000, 0.0000000000000000000, 0.0000000000000000000 ) ) ;
#1666 = ORIENTED_EDGE ( 'NONE', *, *, #3920, .T. ) ;
#1667 =( NAMED_UNIT ( * ) PLANE_ANGLE_UNIT ( ) SI_UNIT ( $, .RADIAN. ) );
#1668 = VECTOR ( 'NONE', #1415, 1000.000000000000000 ) ;
#1669 = EDGE_CURVE ( 'NONE', #421, #591, #3309, .T. ) ;
#1670 =( NAMED_UNIT ( * ) SI_UNIT ( $, .STERADIAN. ) SOLID_ANGLE_UNIT ( ) );
#1671 = ORIENTED_EDGE ( 'NONE', *, *, #925, .F. ) ;
#1672 = FACE_OUTER_BOUND ( 'NONE', #3200, .T. ) ;
#1673 =( GEOMETRIC_REPRESENTATION_CONTEXT ( 3 ) GLOBAL_UNCERTAINTY_ASSIGNED_CONTEXT ( ( #3878 ) ) GLOBAL_UNIT_ASSIGNED_CONTEXT ( ( #541, #1648, #194 ) ) REPRESENTATION_CONTEXT ( 'NONE', 'WORKASPACE' ) );
#1674 = VECTOR ( 'NONE', #3366, 1000.000000000000000 ) ;
#1675 =( NAMED_UNIT ( * ) SI_UNIT ( $, .STERADIAN. ) SOLID_ANGLE_UNIT ( ) );
#1676 = VERTEX_POINT ( 'NONE', #4572 ) ;
#1677 = ORIENTED_EDGE ( 'NONE', *, *, #2287, .F. ) ;
#1678 = PLANE ( 'NONE',  #988 ) ;
#1679 = AXIS2_PLACEMENT_3D ( 'NONE', #231, #3583, #2440 ) ;
#1680 = ORIENTED_EDGE ( 'NONE', *, *, #1099, .T. ) ;
#1681 = VERTEX_POINT ( 'NONE', #2734 ) ;
#1682 = VECTOR ( 'NONE', #4454, 1000.000000000000000 ) ;
#1683 = DIRECTION ( 'NONE',  ( 0.7071067811865474617, -0.7071067811865474617, 0.0000000000000000000 ) ) ;
#1684 = DIRECTION ( 'NONE',  ( -0.0000000000000000000, -0.0000000000000000000, 1.000000000000000000 ) ) ;
#1685 = AXIS2_PLACEMENT_3D ( 'NONE', #4358, #3635, #274 ) ;
#1686 = VERTEX_POINT ( 'NONE', #3483 ) ;
#1687 = LINE ( 'NONE', #4493, #4352 ) ;
#1688 = ORIENTED_EDGE ( 'NONE', *, *, #4489, .T. ) ;
#1689 = FACE_OUTER_BOUND ( 'NONE', #4650, .T. ) ;
#1690 = COLOUR_RGB ( '',1.000000000000000000, 1.000000000000000000, 1.000000000000000000 ) ;
#1691 = CARTESIAN_POINT ( 'NONE',  ( 0.4998000000000002441, 0.1248000000000002163, 0.1100000000000000006 ) ) ;
#1692 = DIRECTION ( 'NONE',  ( -0.7071067811865474617, -0.7071067811865474617, -0.0000000000000000000 ) ) ;
#1693 = LINE ( 'NONE', #484, #3029 ) ;
#1694 = ADVANCED_FACE ( 'NONE', ( #4350 ), #905, .F. ) ;
#1695 = LINE ( 'NONE', #3259, #1533 ) ;
#1696 = ORIENTED_EDGE ( 'NONE', *, *, #3198, .F. ) ;
#1697 = FILL_AREA_STYLE_COLOUR ( '', #2216 ) ;
#1698 = VERTEX_POINT ( 'NONE', #4605 ) ;
#1699 = VECTOR ( 'NONE', #1578, 1000.000000000000000 ) ;
#1700 = DIRECTION ( 'NONE',  ( -0.2873478855663431086, -0.9578262852211520961, 0.0000000000000000000 ) ) ;
#1701 = LINE ( 'NONE', #2927, #4591 ) ;
#1702 = EDGE_LOOP ( 'NONE', ( #1128, #24, #435, #4224 ) ) ;
#1703 = EDGE_CURVE ( 'NONE', #3230, #1123, #606, .T. ) ;
#1704 = SURFACE_SIDE_STYLE ('',( #2044 ) ) ;
#1705 = LINE ( 'NONE', #3282, #3743 ) ;
#1706 = AXIS2_PLACEMENT_3D ( 'NONE', #608, #986, #3546 ) ;
#1707 = DIRECTION ( 'NONE',  ( 0.0000000000000000000, 1.000000000000000000, 0.0000000000000000000 ) ) ;
#1708 =( NAMED_UNIT ( * ) SI_UNIT ( $, .STERADIAN. ) SOLID_ANGLE_UNIT ( ) );
#1709 = AXIS2_PLACEMENT_3D ( 'NONE', #2974, #1152, #3344 ) ;
#1710 = ORIENTED_EDGE ( 'NONE', *, *, #4453, .T. ) ;
#1711 = FILL_AREA_STYLE_COLOUR ( '', #307 ) ;
#1712 =( LENGTH_UNIT ( ) NAMED_UNIT ( * ) SI_UNIT ( .MILLI., .METRE. ) );
#1713 = SURFACE_SIDE_STYLE ('',( #4752 ) ) ;
#1714 = STYLED_ITEM ( 'NONE', ( #4391 ), #1089 ) ;
#1715 = LINE ( 'NONE', #3028, #3806 ) ;
#1716 = ADVANCED_FACE ( 'NONE', ( #148 ), #2055, .F. ) ;
#1717 = PRESENTATION_LAYER_ASSIGNMENT (  '', '', ( #343 ) ) ;
#1718 =( NAMED_UNIT ( * ) PLANE_ANGLE_UNIT ( ) SI_UNIT ( $, .RADIAN. ) );
#1719 = DIRECTION ( 'NONE',  ( 0.0000000000000000000, -1.000000000000000000, -0.0000000000000000000 ) ) ;
#1720 = CARTESIAN_POINT ( 'NONE',  ( -0.09999999999999985290, 0.1749999999999999889, -0.1150000000000000050 ) ) ;
#1721 = VECTOR ( 'NONE', #4027, 1000.000000000000000 ) ;
#1722 = VECTOR ( 'NONE', #4677, 1000.000000000000000 ) ;
#1723 = UNCERTAINTY_MEASURE_WITH_UNIT (LENGTH_MEASURE( 1.000000000000000082E-05 ), #3590, 'distance_accuracy_value', 'NONE');
#1724 = EDGE_CURVE ( 'NONE', #1858, #3005, #4406, .T. ) ;
#1725 = FACE_OUTER_BOUND ( 'NONE', #1773, .T. ) ;
#1726 = PLANE ( 'NONE',  #3284 ) ;
#1727 = DIRECTION ( 'NONE',  ( 1.000000000000000000, 0.0000000000000000000, 0.0000000000000000000 ) ) ;
#1728 = EDGE_CURVE ( 'NONE', #1686, #1923, #4111, .T. ) ;
#1729 = VERTEX_POINT ( 'NONE', #4257 ) ;
#1730 = LINE ( 'NONE', #2482, #1617 ) ;
#1731 = EDGE_CURVE ( 'NONE', #3118, #958, #1468, .T. ) ;
#1732 = FILL_AREA_STYLE ('',( #600 ) ) ;
#1733 = ORIENTED_EDGE ( 'NONE', *, *, #382, .F. ) ;
#1734 = STYLED_ITEM ( 'NONE', ( #3650 ), #2860 ) ;
#1735 = CARTESIAN_POINT ( 'NONE',  ( 0.4999000000000001775, 0.4999000000000001775, -0.02499999999999998404 ) ) ;
#1736 = ORIENTED_EDGE ( 'NONE', *, *, #913, .T. ) ;
#1737 = EDGE_CURVE ( 'NONE', #3749, #1976, #4525, .T. ) ;
#1738 = COLOUR_RGB ( '',0.6470588235294117974, 0.6196078431372549211, 0.5882352941176470784 ) ;
#1739 = LINE ( 'NONE', #803, #1674 ) ;
#1740 = EDGE_CURVE ( 'NONE', #3404, #3239, #2234, .T. ) ;
#1741 = DIRECTION ( 'NONE',  ( -0.0000000000000000000, -0.0000000000000000000, -1.000000000000000000 ) ) ;
#1742 = MECHANICAL_DESIGN_GEOMETRIC_PRESENTATION_REPRESENTATION (  '', ( #3674 ), #1173 ) ;
#1743 = DIRECTION ( 'NONE',  ( -0.0000000000000000000, 1.000000000000000000, -0.0000000000000000000 ) ) ;
#1744 = VERTEX_POINT ( 'NONE', #252 ) ;
#1745 = LINE ( 'NONE', #2251, #3931 ) ;
#1746 = FILL_AREA_STYLE_COLOUR ( '', #1526 ) ;
#1747 = FACE_BOUND ( 'NONE', #1467, .T. ) ;
#1748 = ORIENTED_EDGE ( 'NONE', *, *, #1312, .T. ) ;
#1749 = STYLED_ITEM ( 'NONE', ( #1068 ), #2667 ) ;
#1751 = VECTOR ( 'NONE', #642, 1000.000000000000000 ) ;
#1750 = UNCERTAINTY_MEASURE_WITH_UNIT (LENGTH_MEASURE( 1.000000000000000082E-05 ), #269, 'distance_accuracy_value', 'NONE');
#1752 = LINE ( 'NONE', #881, #4117 ) ;
#1753 = ORIENTED_EDGE ( 'NONE', *, *, #3058, .F. ) ;
#1754 = VECTOR ( 'NONE', #975, 1000.000000000000000 ) ;
#1755 = DIRECTION ( 'NONE',  ( 0.0000000000000000000, 0.0000000000000000000, -1.000000000000000000 ) ) ;
#1756 = AXIS2_PLACEMENT_3D ( 'NONE', #1288, #1306, #3099 ) ;
#1757 =( LENGTH_UNIT ( ) NAMED_UNIT ( * ) SI_UNIT ( .MILLI., .METRE. ) );
#1758 = CARTESIAN_POINT ( 'NONE',  ( -0.4999999999999998890, -0.4496000000000001107, -0.1248999999999999971 ) ) ;
#1759 = EDGE_LOOP ( 'NONE', ( #2659, #2352, #1475, #4532 ) ) ;
#1760 = CARTESIAN_POINT ( 'NONE',  ( -0.4998000000000000220, 0.4498000000000001997, 0.005000000000000013115 ) ) ;
#1761 = CARTESIAN_POINT ( 'NONE',  ( 0.07500000000000002498, 0.07499999999999998335, 0.1100000000000000006 ) ) ;
#1762 = ADVANCED_FACE ( 'NONE', ( #1689 ), #4295, .F. ) ;
#1763 = ORIENTED_EDGE ( 'NONE', *, *, #2880, .T. ) ;
#1764 = EDGE_CURVE ( 'NONE', #2224, #3404, #1517, .T. ) ;
#1765 = SURFACE_STYLE_USAGE ( .BOTH. , #3220 ) ;
#1766 = AXIS2_PLACEMENT_3D ( 'NONE', #1183, #3758, #2304 ) ;
#1767 = DIRECTION ( 'NONE',  ( 1.000000000000000000, -0.0000000000000000000, -0.0000000000000000000 ) ) ;
#1768 = VECTOR ( 'NONE', #2585, 1000.000000000000000 ) ;
#1769 =( NAMED_UNIT ( * ) SI_UNIT ( $, .STERADIAN. ) SOLID_ANGLE_UNIT ( ) );
#1770 = CARTESIAN_POINT ( 'NONE',  ( 0.1998000000000001997, -0.4498000000000001997, 0.1250000000000000000 ) ) ;
#1771 = PLANE ( 'NONE',  #1913 ) ;
#1772 = COLOUR_RGB ( '',0.6470588235294117974, 0.6196078431372549211, 0.5882352941176470784 ) ;
#1773 = EDGE_LOOP ( 'NONE', ( #2156, #835, #1168, #507 ) ) ;
#1774 = LINE ( 'NONE', #2537, #2484 ) ;
#1775 = LINE ( 'NONE', #4207, #3640 ) ;
#1776 = ORIENTED_EDGE ( 'NONE', *, *, #2160, .F. ) ;
#1777 = SURFACE_STYLE_USAGE ( .BOTH. , #3223 ) ;
#1778 = ORIENTED_EDGE ( 'NONE', *, *, #293, .T. ) ;
#1779 = VECTOR ( 'NONE', #2872, 1000.000000000000000 ) ;
#1780 =( LENGTH_UNIT ( ) NAMED_UNIT ( * ) SI_UNIT ( .MILLI., .METRE. ) );
#1781 = EDGE_LOOP ( 'NONE', ( #4521, #2016, #3570, #4354 ) ) ;
#1782 = CARTESIAN_POINT ( 'NONE',  ( 0.0000000000000000000, 0.5000000000000001110, -0.1248999999999999971 ) ) ;
#1783 = ORIENTED_EDGE ( 'NONE', *, *, #1884, .F. ) ;
#1784 = LINE ( 'NONE', #504, #470 ) ;
#1785 = EDGE_CURVE ( 'NONE', #3249, #1509, #4668, .T. ) ;
#1786 = ORIENTED_EDGE ( 'NONE', *, *, #1099, .F. ) ;
#1787 = VERTEX_POINT ( 'NONE', #4696 ) ;
#1788 = PRESENTATION_STYLE_ASSIGNMENT (( #2967 ) ) ;
#1789 = COLOUR_RGB ( '',0.3411764705882353033, 0.8392156862745098200, 0.4117647058823529216 ) ;
#1790 = PLANE ( 'NONE',  #3167 ) ;
#1791 = CARTESIAN_POINT ( 'NONE',  ( -0.1248000000000002163, 0.1248000000000002163, 0.1100000000000000006 ) ) ;
#1792 = MECHANICAL_DESIGN_GEOMETRIC_PRESENTATION_REPRESENTATION (  '', ( #2544 ), #2129 ) ;
#1793 = VERTEX_POINT ( 'NONE', #288 ) ;
#1794 = LINE ( 'NONE', #3757, #256 ) ;
#1795 = CARTESIAN_POINT ( 'NONE',  ( -0.1248000000000001608, 0.4998000000000002441, 0.1100000000000000006 ) ) ;
#1796 = DIRECTION ( 'NONE',  ( -0.0000000000000000000, -0.0000000000000000000, 1.000000000000000000 ) ) ;
#1797 = EDGE_CURVE ( 'NONE', #3239, #1908, #2886, .T. ) ;
#1798 =( GEOMETRIC_REPRESENTATION_CONTEXT ( 3 ) GLOBAL_UNCERTAINTY_ASSIGNED_CONTEXT ( ( #3256 ) ) GLOBAL_UNIT_ASSIGNED_CONTEXT ( ( #4398, #4380, #380 ) ) REPRESENTATION_CONTEXT ( 'NONE', 'WORKASPACE' ) );
#1799 = DIRECTION ( 'NONE',  ( 0.0000000000000000000, 0.0000000000000000000, -1.000000000000000000 ) ) ;
#1800 = ORIENTED_EDGE ( 'NONE', *, *, #3668, .F. ) ;
#1801 = LINE ( 'NONE', #1880, #3496 ) ;
#1802 = ORIENTED_EDGE ( 'NONE', *, *, #392, .T. ) ;
#1804 = FACE_OUTER_BOUND ( 'NONE', #3132, .T. ) ;
#1803 = UNCERTAINTY_MEASURE_WITH_UNIT (LENGTH_MEASURE( 1.000000000000000082E-05 ), #4300, 'distance_accuracy_value', 'NONE');
#1805 =( NAMED_UNIT ( * ) SI_UNIT ( $, .STERADIAN. ) SOLID_ANGLE_UNIT ( ) );
#1806 = CARTESIAN_POINT ( 'NONE',  ( 0.4998000000000002441, -0.4998000000000000220, 0.005000000000000013115 ) ) ;
#1807 =( GEOMETRIC_REPRESENTATION_CONTEXT ( 3 ) GLOBAL_UNCERTAINTY_ASSIGNED_CONTEXT ( ( #1723 ) ) GLOBAL_UNIT_ASSIGNED_CONTEXT ( ( #3590, #4369, #1437 ) ) REPRESENTATION_CONTEXT ( 'NONE', 'WORKASPACE' ) );
#1808 = LINE ( 'NONE', #2183, #3257 ) ;
#1809 = VERTEX_POINT ( 'NONE', #3974 ) ;
#1810 = ORIENTED_EDGE ( 'NONE', *, *, #2884, .T. ) ;
#1811 = UNCERTAINTY_MEASURE_WITH_UNIT (LENGTH_MEASURE( 1.000000000000000082E-05 ), #3947, 'distance_accuracy_value', 'NONE');
#1812 = LINE ( 'NONE', #3741, #2691 ) ;
#1813 = SURFACE_STYLE_USAGE ( .BOTH. , #4432 ) ;
#1814 = STYLED_ITEM ( 'NONE', ( #15 ), #1479 ) ;
#1815 = SURFACE_STYLE_FILL_AREA ( #1369 ) ;
#1817 =( NAMED_UNIT ( * ) SI_UNIT ( $, .STERADIAN. ) SOLID_ANGLE_UNIT ( ) );
#1816 = LINE ( 'NONE', #4221, #3626 ) ;
#1818 = CARTESIAN_POINT ( 'NONE',  ( 0.1499999999999999944, -0.4988000000000001877, 0.1050000000000000239 ) ) ;
#1819 = CARTESIAN_POINT ( 'NONE',  ( -0.4997000000000002551, -0.3098300000000002719, 0.1100000000000000006 ) ) ;
#1820 = VERTEX_POINT ( 'NONE', #1422 ) ;
#1821 = VECTOR ( 'NONE', #1522, 1000.000000000000000 ) ;
#1822 = EDGE_CURVE ( 'NONE', #1744, #1663, #3500, .T. ) ;
#1823 = SURFACE_STYLE_USAGE ( .BOTH. , #3688 ) ;
#1824 = CARTESIAN_POINT ( 'NONE',  ( -0.1248000000000001608, -0.4998000000000002441, 0.1100000000000000006 ) ) ;
#1825 = LINE ( 'NONE', #2652, #867 ) ;
#1826 =( GEOMETRIC_REPRESENTATION_CONTEXT ( 3 ) GLOBAL_UNCERTAINTY_ASSIGNED_CONTEXT ( ( #1314 ) ) GLOBAL_UNIT_ASSIGNED_CONTEXT ( ( #122, #2698, #492 ) ) REPRESENTATION_CONTEXT ( 'NONE', 'WORKASPACE' ) );
#1827 = FILL_AREA_STYLE_COLOUR ( '', #1772 ) ;
#1828 = SURFACE_STYLE_USAGE ( .BOTH. , #3372 ) ;
#1829 = CARTESIAN_POINT ( 'NONE',  ( 0.4497585786437626187, 0.4997000000000002551, 0.1100000000000000144 ) ) ;
#1830 = STYLED_ITEM ( 'NONE', ( #3186 ), #2678 ) ;
#1831 = FILL_AREA_STYLE_COLOUR ( '', #3575 ) ;
#1832 =( LENGTH_UNIT ( ) NAMED_UNIT ( * ) SI_UNIT ( .MILLI., .METRE. ) );
#1833 = VECTOR ( 'NONE', #4556, 1000.000000000000114 ) ;
#1834 = DIRECTION ( 'NONE',  ( 0.0000000000000000000, -1.000000000000000000, -0.0000000000000000000 ) ) ;
#1835 = FILL_AREA_STYLE ('',( #374 ) ) ;
#1836 = DIRECTION ( 'NONE',  ( 0.0000000000000000000, 1.000000000000000000, -0.0000000000000000000 ) ) ;
#1837 = EDGE_LOOP ( 'NONE', ( #593, #96, #1627, #1973 ) ) ;
#1838 = FACE_OUTER_BOUND ( 'NONE', #415, .T. ) ;
#1839 = FACE_OUTER_BOUND ( 'NONE', #70, .T. ) ;
#1840 = DIRECTION ( 'NONE',  ( -0.0000000000000000000, -0.0000000000000000000, 1.000000000000000000 ) ) ;
#1841 =( LENGTH_UNIT ( ) NAMED_UNIT ( * ) SI_UNIT ( .MILLI., .METRE. ) );
#1842 = EDGE_LOOP ( 'NONE', ( #4102, #2210, #2291, #2020, #3300, #3528, #17, #3032, #1531 ) ) ;
#1843 = FILL_AREA_STYLE ('',( #429 ) ) ;
#1844 = PRESENTATION_STYLE_ASSIGNMENT (( #2865 ) ) ;
#1845 = CARTESIAN_POINT ( 'NONE',  ( 0.3098000000000001863, 0.4997000000000002551, 0.1250000000000000000 ) ) ;
#1846 = LINE ( 'NONE', #4484, #4575 ) ;
#1847 = SURFACE_SIDE_STYLE ('',( #3179 ) ) ;
#1848 = FACE_BOUND ( 'NONE', #1023, .T. ) ;
#1849 = DIRECTION ( 'NONE',  ( 0.0000000000000000000, -0.0000000000000000000, -1.000000000000000000 ) ) ;
#1850 = CARTESIAN_POINT ( 'NONE',  ( 0.4497999999999999776, 0.4998000000000002441, -0.06571067811865477504 ) ) ;
#1851 =( LENGTH_UNIT ( ) NAMED_UNIT ( * ) SI_UNIT ( .MILLI., .METRE. ) );
#1852 = ORIENTED_EDGE ( 'NONE', *, *, #1014, .T. ) ;
#1853 = LINE ( 'NONE', #1527, #3666 ) ;
#1854 = EDGE_CURVE ( 'NONE', #201, #319, #4648, .T. ) ;
#1855 = VERTEX_POINT ( 'NONE', #2141 ) ;
#1856 = SURFACE_STYLE_FILL_AREA ( #1367 ) ;
#1857 = MECHANICAL_DESIGN_GEOMETRIC_PRESENTATION_REPRESENTATION (  '', ( #2435 ), #3348 ) ;
#1858 = VERTEX_POINT ( 'NONE', #1758 ) ;
#1859 = LINE ( 'NONE', #997, #4694 ) ;
#1860 = PLANE ( 'NONE',  #2228 ) ;
#1861 = PRESENTATION_LAYER_ASSIGNMENT (  '', '', ( #2544 ) ) ;
#1862 = COLOUR_RGB ( '',0.3411764705882353033, 0.8392156862745098200, 0.4117647058823529216 ) ;
#1863 = ADVANCED_FACE ( 'NONE', ( #4357 ), #1386, .T. ) ;
#1864 = CLOSED_SHELL ( 'NONE', ( #1336, #1004, #1006, #4452, #4436, #3914, #99, #1034, #1192, #2382, #1562, #3594, #4499, #4249, #2263, #987, #254, #1053, #4465, #2322, #2667, #3696, #1899, #728, #44, #1479, #517, #2303, #3113, #1716, #4741, #4235, #1121, #2919, #2855, #4066, #3144, #2631, #2095, #3997, #553, #13, #2457, #2817, #3619, #1010, #4260, #4765, #806, #4313, #2963, #283, #2350, #3414, #1519, #3963, #2752, #1580, #229, #2678, #1381, #2503, #4056, #1762, #3896, #3333, #3163, #2695, #2036, #1100, #4083, #641, #4392, #2908, #1694, #4404, #2480, #3763, #2757, #4425, #2399, #3429, #4258, #2418, #2860, #3197, #3100, #1144, #54, #720, #2574, #281, #2065, #2837, #3145, #3856, #4510, #1225, #1089, #1318, #455, #4332, #2558, #68, #1863, #667, #4699, #3549, #1443, #3317, #1883, #1505, #3162, #1634, #919 ) ) ;
#1865 = FILL_AREA_STYLE ('',( #3693 ) ) ;
#1866 = PRESENTATION_STYLE_ASSIGNMENT (( #3205 ) ) ;
#1867 =( GEOMETRIC_REPRESENTATION_CONTEXT ( 3 ) GLOBAL_UNCERTAINTY_ASSIGNED_CONTEXT ( ( #2674 ) ) GLOBAL_UNIT_ASSIGNED_CONTEXT ( ( #3797, #1945, #2336 ) ) REPRESENTATION_CONTEXT ( 'NONE', 'WORKASPACE' ) );
#1868 = DIRECTION ( 'NONE',  ( 0.2873478855663431086, 0.9578262852211520961, 0.0000000000000000000 ) ) ;
#1869 = VECTOR ( 'NONE', #1604, 1000.000000000000114 ) ;
#1870 = DIRECTION ( 'NONE',  ( 0.0000000000000000000, 0.0000000000000000000, 1.000000000000000000 ) ) ;
#1871 = LINE ( 'NONE', #1910, #1478 ) ;
#1872 = CARTESIAN_POINT ( 'NONE',  ( -0.4997000000000002551, 0.3098300000000002719, 0.1100000000000000006 ) ) ;
#1873 = ORIENTED_EDGE ( 'NONE', *, *, #3740, .F. ) ;
#1874 = FILL_AREA_STYLE_COLOUR ( '', #4161 ) ;
#1875 = FILL_AREA_STYLE_COLOUR ( '', #1375 ) ;
#1876 = FACE_OUTER_BOUND ( 'NONE', #1967, .T. ) ;
#1877 = LINE ( 'NONE', #551, #1541 ) ;
#1878 = DIRECTION ( 'NONE',  ( -0.0000000000000000000, -0.0000000000000000000, 1.000000000000000000 ) ) ;
#1879 = ORIENTED_EDGE ( 'NONE', *, *, #2490, .T. ) ;
#1880 = CARTESIAN_POINT ( 'NONE',  ( 0.07500000000000002498, 0.07499999999999998335, 0.1250000000000000000 ) ) ;
#1881 = COLOUR_RGB ( '',0.6470588235294117974, 0.6196078431372549211, 0.5882352941176470784 ) ;
#1882 = CARTESIAN_POINT ( 'NONE',  ( 0.07500000000000002498, -0.07500000000000001110, 0.1250000000000000000 ) ) ;
#1883 = ADVANCED_FACE ( 'NONE', ( #2413 ), #2159, .F. ) ;
#1884 = EDGE_CURVE ( 'NONE', #366, #3379, #1808, .T. ) ;
#1885 = CARTESIAN_POINT ( 'NONE',  ( -0.4998999999999999555, -0.4998999999999999555, 0.005000000000000013115 ) ) ;
#1886 = COLOUR_RGB ( '',1.000000000000000000, 1.000000000000000000, 1.000000000000000000 ) ;
#1887 = COLOUR_RGB ( '',0.03921568627450980338, 0.4901960784313725283, 0.7098039215686274828 ) ;
#1888 =( NAMED_UNIT ( * ) SI_UNIT ( $, .STERADIAN. ) SOLID_ANGLE_UNIT ( ) );
#1889 = STYLED_ITEM ( 'NONE', ( #618 ), #3100 ) ;
#1890 = DIRECTION ( 'NONE',  ( 0.0000000000000000000, 1.000000000000000000, 0.0000000000000000000 ) ) ;
#1891 = LINE ( 'NONE', #887, #3754 ) ;
#1892 = EDGE_CURVE ( 'NONE', #4238, #3737, #3615, .T. ) ;
#1893 = EDGE_CURVE ( 'NONE', #190, #2048, #3137, .T. ) ;
#1894 = UNCERTAINTY_MEASURE_WITH_UNIT (LENGTH_MEASURE( 1.000000000000000082E-05 ), #3800, 'distance_accuracy_value', 'NONE');
#1895 = PLANE ( 'NONE',  #4620 ) ;
#1896 = EDGE_CURVE ( 'NONE', #362, #591, #2300, .T. ) ;
#1897 = ORIENTED_EDGE ( 'NONE', *, *, #264, .F. ) ;
#1898 = AXIS2_PLACEMENT_3D ( 'NONE', #820, #1490, #3340 ) ;
#1899 = ADVANCED_FACE ( 'NONE', ( #3199, #2460 ), #333, .T. ) ;
#1900 = COLOUR_RGB ( '',0.6470588235294117974, 0.6196078431372549211, 0.5882352941176470784 ) ;
#1901 = DIRECTION ( 'NONE',  ( -1.000000000000000000, -0.0000000000000000000, -0.0000000000000000000 ) ) ;
#1902 = CARTESIAN_POINT ( 'NONE',  ( 0.4997000000000002551, 0.3098300000000002719, 0.1100000000000000006 ) ) ;
#1903 = ORIENTED_EDGE ( 'NONE', *, *, #921, .F. ) ;
#1904 = MECHANICAL_DESIGN_GEOMETRIC_PRESENTATION_REPRESENTATION (  '', ( #1086 ), #2174 ) ;
#1905 = DIRECTION ( 'NONE',  ( 0.0000000000000000000, -1.000000000000000000, 0.0000000000000000000 ) ) ;
#1906 = ORIENTED_EDGE ( 'NONE', *, *, #3703, .T. ) ;
#1907 = DIRECTION ( 'NONE',  ( -1.000000000000000000, 0.0000000000000000000, 0.0000000000000000000 ) ) ;
#1908 = VERTEX_POINT ( 'NONE', #3238 ) ;
#1909 = DIRECTION ( 'NONE',  ( -0.0000000000000000000, -1.000000000000000000, -0.0000000000000000000 ) ) ;
#1910 = CARTESIAN_POINT ( 'NONE',  ( -0.4988000000000001877, -0.1499999999999999944, 0.005000000000000013115 ) ) ;
#1911 = ORIENTED_EDGE ( 'NONE', *, *, #1951, .F. ) ;
#1912 = PRESENTATION_STYLE_ASSIGNMENT (( #2113 ) ) ;
#1913 = AXIS2_PLACEMENT_3D ( 'NONE', #354, #690, #2923 ) ;
#1914 = VERTEX_POINT ( 'NONE', #2531 ) ;
#1915 = CARTESIAN_POINT ( 'NONE',  ( 0.4997000000000000330, -0.4497585786437628408, -0.2479448892945115002 ) ) ;
#1916 = ORIENTED_EDGE ( 'NONE', *, *, #1529, .T. ) ;
#1917 = ORIENTED_EDGE ( 'NONE', *, *, #4458, .F. ) ;
#1918 = SURFACE_STYLE_FILL_AREA ( #754 ) ;
#1919 = FACE_OUTER_BOUND ( 'NONE', #423, .T. ) ;
#1920 = CARTESIAN_POINT ( 'NONE',  ( 0.4997000000000002551, 0.3098300000000002719, 0.1100000000000000144 ) ) ;
#1921 =( NAMED_UNIT ( * ) SI_UNIT ( $, .STERADIAN. ) SOLID_ANGLE_UNIT ( ) );
#1922 =( NAMED_UNIT ( * ) PLANE_ANGLE_UNIT ( ) SI_UNIT ( $, .RADIAN. ) );
#1923 = VERTEX_POINT ( 'NONE', #673 ) ;
#1924 = SURFACE_STYLE_FILL_AREA ( #4488 ) ;
#1925 = DIRECTION ( 'NONE',  ( 0.0000000000000000000, -0.0000000000000000000, -1.000000000000000000 ) ) ;
#1926 = DIRECTION ( 'NONE',  ( -1.000000000000000000, 0.0000000000000000000, 0.0000000000000000000 ) ) ;
#1927 = ORIENTED_EDGE ( 'NONE', *, *, #270, .T. ) ;
#1928 = CARTESIAN_POINT ( 'NONE',  ( -0.4997000000000002551, 0.3098300000000002163, 0.1250000000000000000 ) ) ;
#1929 = EDGE_CURVE ( 'NONE', #4238, #816, #1417, .T. ) ;
#1930 = VERTEX_POINT ( 'NONE', #2191 ) ;
#1931 = ORIENTED_EDGE ( 'NONE', *, *, #1610, .F. ) ;
#1932 = AXIS2_PLACEMENT_3D ( 'NONE', #590, #3155, #922 ) ;
#1933 = CARTESIAN_POINT ( 'NONE',  ( -0.3248000000000000886, -0.4498000000000001997, 0.1100000000000000006 ) ) ;
#1934 = ORIENTED_EDGE ( 'NONE', *, *, #1703, .T. ) ;
#1935 = LINE ( 'NONE', #46, #3893 ) ;
#1936 = DIRECTION ( 'NONE',  ( -0.7071067811865490160, 0.7071067811865460184, 0.0000000000000000000 ) ) ;
#1937 = FACE_OUTER_BOUND ( 'NONE', #619, .T. ) ;
#1938 = FILL_AREA_STYLE_COLOUR ( '', #2165 ) ;
#1939 = FILL_AREA_STYLE ('',( #2712 ) ) ;
#1940 = FILL_AREA_STYLE ('',( #1831 ) ) ;
#1941 = CARTESIAN_POINT ( 'NONE',  ( -0.09999999999999988065, -0.07499999999999996947, -0.1150000000000000050 ) ) ;
#1942 = CARTESIAN_POINT ( 'NONE',  ( 0.1499999999999999667, -0.04999999999999999584, -0.1150000000000000050 ) ) ;
#1943 = STYLED_ITEM ( 'NONE', ( #1844 ), #720 ) ;
#1944 = LINE ( 'NONE', #1219, #4367 ) ;
#1945 =( NAMED_UNIT ( * ) PLANE_ANGLE_UNIT ( ) SI_UNIT ( $, .RADIAN. ) );
#1946 = LINE ( 'NONE', #1159, #1821 ) ;
#1947 = CARTESIAN_POINT ( 'NONE',  ( 0.1998000000000001997, -0.1998000000000001997, 0.1100000000000000006 ) ) ;
#1948 = PRESENTATION_STYLE_ASSIGNMENT (( #320 ) ) ;
#1949 = LINE ( 'NONE', #3311, #344 ) ;
#1950 = SURFACE_SIDE_STYLE ('',( #4712 ) ) ;
#1951 = EDGE_CURVE ( 'NONE', #591, #2149, #1307, .T. ) ;
#1952 = CARTESIAN_POINT ( 'NONE',  ( -0.1499999999999999944, 0.4988000000000001877, 0.1050000000000000239 ) ) ;
#1953 = CARTESIAN_POINT ( 'NONE',  ( 0.1000000000000001582, -0.1749999999999999334, -0.1250000000000000000 ) ) ;
#1954 =( LENGTH_UNIT ( ) NAMED_UNIT ( * ) SI_UNIT ( .MILLI., .METRE. ) );
#1955 = STYLED_ITEM ( 'NONE', ( #1097 ), #3429 ) ;
#1956 = DIRECTION ( 'NONE',  ( 0.0000000000000000000, 0.0000000000000000000, 1.000000000000000000 ) ) ;
#1957 = FACE_OUTER_BOUND ( 'NONE', #4246, .T. ) ;
#1958 = PRESENTATION_LAYER_ASSIGNMENT (  '', '', ( #3850 ) ) ;
#1959 = VERTEX_POINT ( 'NONE', #3609 ) ;
#1960 = PLANE ( 'NONE',  #740 ) ;
#1961 = ORIENTED_EDGE ( 'NONE', *, *, #2725, .T. ) ;
#1962 = UNCERTAINTY_MEASURE_WITH_UNIT (LENGTH_MEASURE( 1.000000000000000082E-05 ), #2459, 'distance_accuracy_value', 'NONE');
#1963 = LINE ( 'NONE', #3551, #3289 ) ;
#1964 = ORIENTED_EDGE ( 'NONE', *, *, #3044, .T. ) ;
#1965 = CARTESIAN_POINT ( 'NONE',  ( 0.4988000000000001877, -0.1499999999999999944, 0.1050000000000000239 ) ) ;
#1966 = MECHANICAL_DESIGN_GEOMETRIC_PRESENTATION_REPRESENTATION (  '', ( #1714 ), #2236 ) ;
#1967 = EDGE_LOOP ( 'NONE', ( #1028, #1897, #1205, #1979 ) ) ;
#1968 = CARTESIAN_POINT ( 'NONE',  ( -0.3248000000000000886, -0.4498000000000001997, 0.1100000000000000006 ) ) ;
#1969 = PRESENTATION_LAYER_ASSIGNMENT (  '', '', ( #3642 ) ) ;
#1970 = DIRECTION ( 'NONE',  ( 0.0000000000000000000, 0.0000000000000000000, 1.000000000000000000 ) ) ;
#1971 =( NAMED_UNIT ( * ) PLANE_ANGLE_UNIT ( ) SI_UNIT ( $, .RADIAN. ) );
#1972 = PLANE ( 'NONE',  #1766 ) ;
#1973 = ORIENTED_EDGE ( 'NONE', *, *, #264, .T. ) ;
#1974 = VECTOR ( 'NONE', #4697, 1000.000000000000000 ) ;
#1975 = LINE ( 'NONE', #4377, #193 ) ;
#1976 = VERTEX_POINT ( 'NONE', #1058 ) ;
#1977 =( NAMED_UNIT ( * ) PLANE_ANGLE_UNIT ( ) SI_UNIT ( $, .RADIAN. ) );
#1978 =( LENGTH_UNIT ( ) NAMED_UNIT ( * ) SI_UNIT ( .MILLI., .METRE. ) );
#1979 = ORIENTED_EDGE ( 'NONE', *, *, #2458, .T. ) ;
#1980 = LINE ( 'NONE', #3794, #1682 ) ;
#1981 = SURFACE_STYLE_USAGE ( .BOTH. , #3104 ) ;
#1982 = EDGE_CURVE ( 'NONE', #2914, #1389, #3675, .T. ) ;
#1983 = ORIENTED_EDGE ( 'NONE', *, *, #3150, .F. ) ;
#1984 = EDGE_CURVE ( 'NONE', #2959, #1304, #2687, .T. ) ;
#1985 =( NAMED_UNIT ( * ) PLANE_ANGLE_UNIT ( ) SI_UNIT ( $, .RADIAN. ) );
#1986 = DIRECTION ( 'NONE',  ( -1.000000000000000000, 0.0000000000000000000, -0.0000000000000000000 ) ) ;
#1987 = FILL_AREA_STYLE_COLOUR ( '', #449 ) ;
#1988 = VECTOR ( 'NONE', #1210, 1000.000000000000000 ) ;
#1989 = VERTEX_POINT ( 'NONE', #4005 ) ;
#1990 = VECTOR ( 'NONE', #284, 1000.000000000000000 ) ;
#1991 = ORIENTED_EDGE ( 'NONE', *, *, #2518, .T. ) ;
#1992 = CARTESIAN_POINT ( 'NONE',  ( -0.1499999999999999944, 0.4988000000000001877, 0.1050000000000000239 ) ) ;
#1993 =( NAMED_UNIT ( * ) PLANE_ANGLE_UNIT ( ) SI_UNIT ( $, .RADIAN. ) );
#1994 = EDGE_CURVE ( 'NONE', #4443, #1384, #1695, .T. ) ;
#1995 = VECTOR ( 'NONE', #2758, 1000.000000000000000 ) ;
#1996 = EDGE_CURVE ( 'NONE', #2206, #3409, #611, .T. ) ;
#1997 = LINE ( 'NONE', #23, #273 ) ;
#1998 = CARTESIAN_POINT ( 'NONE',  ( -0.4988000000000001877, -0.1499999999999999944, 0.005000000000000013115 ) ) ;
#1999 = VERTEX_POINT ( 'NONE', #4020 ) ;
#2000 =( GEOMETRIC_REPRESENTATION_CONTEXT ( 3 ) GLOBAL_UNCERTAINTY_ASSIGNED_CONTEXT ( ( #1894 ) ) GLOBAL_UNIT_ASSIGNED_CONTEXT ( ( #3800, #901, #3037 ) ) REPRESENTATION_CONTEXT ( 'NONE', 'WORKASPACE' ) );
#2001 = CARTESIAN_POINT ( 'NONE',  ( -0.4497585786437626187, 0.4997000000000002551, 0.1100000000000000144 ) ) ;
#2002 = PRESENTATION_LAYER_ASSIGNMENT (  '', '', ( #3825 ) ) ;
#2003 =( LENGTH_UNIT ( ) NAMED_UNIT ( * ) SI_UNIT ( .MILLI., .METRE. ) );
#2004 = SURFACE_STYLE_USAGE ( .BOTH. , #4514 ) ;
#2005 = ORIENTED_EDGE ( 'NONE', *, *, #2611, .T. ) ;
#2006 = CARTESIAN_POINT ( 'NONE',  ( -0.1998000000000001997, -0.1998000000000001997, 0.1250000000000000000 ) ) ;
#2007 = LINE ( 'NONE', #3055, #686 ) ;
#2008 = CARTESIAN_POINT ( 'NONE',  ( 0.0000000000000000000, 0.0000000000000000000, 0.1100000000000000006 ) ) ;
#2009 = DIRECTION ( 'NONE',  ( -0.7071067811865474617, -0.7071067811865474617, 0.0000000000000000000 ) ) ;
#2010 = PLANE ( 'NONE',  #579 ) ;
#2011 = CARTESIAN_POINT ( 'NONE',  ( 0.4498000000000001997, -0.1998000000000001997, 0.1100000000000000006 ) ) ;
#2012 = DIRECTION ( 'NONE',  ( 0.0000000000000000000, -1.000000000000000000, 0.0000000000000000000 ) ) ;
#2013 =( NAMED_UNIT ( * ) SI_UNIT ( $, .STERADIAN. ) SOLID_ANGLE_UNIT ( ) );
#2014 = EDGE_CURVE ( 'NONE', #359, #362, #550, .T. ) ;
#2015 = UNCERTAINTY_MEASURE_WITH_UNIT (LENGTH_MEASURE( 1.000000000000000082E-05 ), #2668, 'distance_accuracy_value', 'NONE');
#2016 = ORIENTED_EDGE ( 'NONE', *, *, #1556, .F. ) ;
#2017 = DIRECTION ( 'NONE',  ( -0.0000000000000000000, 1.000000000000000000, -0.0000000000000000000 ) ) ;
#2018 = FILL_AREA_STYLE_COLOUR ( '', #3052 ) ;
#2019 = ORIENTED_EDGE ( 'NONE', *, *, #1000, .F. ) ;
#2020 = ORIENTED_EDGE ( 'NONE', *, *, #3184, .F. ) ;
#2021 = UNCERTAINTY_MEASURE_WITH_UNIT (LENGTH_MEASURE( 1.000000000000000082E-05 ), #3713, 'distance_accuracy_value', 'NONE');
#2022 = LINE ( 'NONE', #954, #3066 ) ;
#2023 = ORIENTED_EDGE ( 'NONE', *, *, #756, .F. ) ;
#2024 = CARTESIAN_POINT ( 'NONE',  ( 0.4498000000000001997, -0.1998000000000001997, 0.1100000000000000006 ) ) ;
#2025 = MECHANICAL_DESIGN_GEOMETRIC_PRESENTATION_REPRESENTATION (  '', ( #3825 ), #2361 ) ;
#2026 = VERTEX_POINT ( 'NONE', #807 ) ;
#2027 = SURFACE_STYLE_FILL_AREA ( #185 ) ;
#2028 = DIRECTION ( 'NONE',  ( -0.0000000000000000000, 1.000000000000000000, 0.0000000000000000000 ) ) ;
#2029 = EDGE_LOOP ( 'NONE', ( #4446, #103, #4033, #843 ) ) ;
#2030 = CARTESIAN_POINT ( 'NONE',  ( -0.4999999999999998890, -0.4999999999999998890, -0.02499999999999998404 ) ) ;
#2031 = CARTESIAN_POINT ( 'NONE',  ( -0.4998999999999999555, 0.4999000000000001775, -0.02499999999999998404 ) ) ;
#2032 = ORIENTED_EDGE ( 'NONE', *, *, #448, .F. ) ;
#2033 = VECTOR ( 'NONE', #1326, 1000.000000000000000 ) ;
#2034 = CARTESIAN_POINT ( 'NONE',  ( 0.4988000000000001877, 0.1499999999999999944, 0.1050000000000000239 ) ) ;
#2035 = FILL_AREA_STYLE ('',( #4194 ) ) ;
#2036 = ADVANCED_FACE ( 'NONE', ( #4123 ), #2586, .F. ) ;
#2037 = ORIENTED_EDGE ( 'NONE', *, *, #729, .T. ) ;
#2038 = VERTEX_POINT ( 'NONE', #74 ) ;
#2039 = DIRECTION ( 'NONE',  ( 0.0000000000000000000, 0.0000000000000000000, -1.000000000000000000 ) ) ;
#2040 = ORIENTED_EDGE ( 'NONE', *, *, #4182, .F. ) ;
#2041 = VECTOR ( 'NONE', #2683, 1000.000000000000000 ) ;
#2042 = DIRECTION ( 'NONE',  ( 0.0000000000000000000, 0.0000000000000000000, 1.000000000000000000 ) ) ;
#2043 = ORIENTED_EDGE ( 'NONE', *, *, #1366, .F. ) ;
#2044 = SURFACE_STYLE_FILL_AREA ( #1732 ) ;
#2045 = EDGE_CURVE ( 'NONE', #2774, #3230, #1353, .T. ) ;
#2046 = DIRECTION ( 'NONE',  ( -0.0000000000000000000, -0.0000000000000000000, 1.000000000000000000 ) ) ;
#2047 = PRESENTATION_STYLE_ASSIGNMENT (( #1828 ) ) ;
#2048 = VERTEX_POINT ( 'NONE', #791 ) ;
#2049 = ORIENTED_EDGE ( 'NONE', *, *, #2572, .T. ) ;
#2050 = CARTESIAN_POINT ( 'NONE',  ( -0.4998000000000002441, -0.1248000000000002163, 0.1100000000000000006 ) ) ;
#2051 = FACE_OUTER_BOUND ( 'NONE', #3085, .T. ) ;
#2052 = AXIS2_PLACEMENT_3D ( 'NONE', #111, #4486, #3746 ) ;
#2053 = LINE ( 'NONE', #597, #102 ) ;
#2054 = DIRECTION ( 'NONE',  ( -1.000000000000000000, 0.0000000000000000000, -0.0000000000000000000 ) ) ;
#2055 = PLANE ( 'NONE',  #2560 ) ;
#2056 = STYLED_ITEM ( 'NONE', ( #4494 ), #44 ) ;
#2057 = EDGE_CURVE ( 'NONE', #2230, #2447, #730, .T. ) ;
#2058 = LINE ( 'NONE', #4240, #4073 ) ;
#2059 =( LENGTH_UNIT ( ) NAMED_UNIT ( * ) SI_UNIT ( .MILLI., .METRE. ) );
#2060 = EDGE_CURVE ( 'NONE', #2941, #2080, #961, .T. ) ;
#2061 = AXIS2_PLACEMENT_3D ( 'NONE', #3298, #1836, #2566 ) ;
#2062 = APPLICATION_PROTOCOL_DEFINITION ( 'draft international standard', 'automotive_design', 1998, #2077 ) ;
#2063 = SURFACE_STYLE_FILL_AREA ( #1275 ) ;
#2064 = AXIS2_PLACEMENT_3D ( 'NONE', #233, #3510, #3866 ) ;
#2065 = ADVANCED_FACE ( 'NONE', ( #4412 ), #2983, .F. ) ;
#2066 = AXIS2_PLACEMENT_3D ( 'NONE', #3147, #3897, #3493 ) ;
#2067 = FILL_AREA_STYLE_COLOUR ( '', #260 ) ;
#2068 = FACE_OUTER_BOUND ( 'NONE', #3719, .T. ) ;
#2069 = CARTESIAN_POINT ( 'NONE',  ( 0.4988000000000001877, -0.1499999999999999944, 0.005000000000000013115 ) ) ;
#2070 = CARTESIAN_POINT ( 'NONE',  ( 0.1248000000000001608, -0.4998000000000002441, 0.1100000000000000006 ) ) ;
#2071 = CARTESIAN_POINT ( 'NONE',  ( -0.1248000000000002163, -0.1248000000000002163, 0.1100000000000000006 ) ) ;
#2072 = DIRECTION ( 'NONE',  ( 0.0000000000000000000, -1.000000000000000000, 0.0000000000000000000 ) ) ;
#2073 = CARTESIAN_POINT ( 'NONE',  ( 0.1499999999999999667, -0.04999999999999999584, -0.1150000000000000050 ) ) ;
#2074 = MECHANICAL_DESIGN_GEOMETRIC_PRESENTATION_REPRESENTATION (  '', ( #1574 ), #2754 ) ;
#2075 = EDGE_CURVE ( 'NONE', #3139, #1104, #956, .T. ) ;
#2076 = DIRECTION ( 'NONE',  ( -0.2873478855663431086, 0.9578262852211520961, -0.0000000000000000000 ) ) ;
#2077 = APPLICATION_CONTEXT ( 'automotive_design' ) ;
#2078 = ORIENTED_EDGE ( 'NONE', *, *, #3045, .F. ) ;
#2079 = DIRECTION ( 'NONE',  ( -1.000000000000000000, 0.0000000000000000000, -0.0000000000000000000 ) ) ;
#2080 = VERTEX_POINT ( 'NONE', #1487 ) ;
#2081 = DIRECTION ( 'NONE',  ( -0.0000000000000000000, -1.000000000000000000, -0.0000000000000000000 ) ) ;
#2082 =( LENGTH_UNIT ( ) NAMED_UNIT ( * ) SI_UNIT ( .MILLI., .METRE. ) );
#2083 = VECTOR ( 'NONE', #4724, 1000.000000000000000 ) ;
#2084 = EDGE_CURVE ( 'NONE', #1999, #3749, #1801, .T. ) ;
#2085 = ORIENTED_EDGE ( 'NONE', *, *, #3789, .T. ) ;
#2086 = CARTESIAN_POINT ( 'NONE',  ( 0.1998000000000001997, 0.1998000000000001997, 0.1100000000000000006 ) ) ;
#2087 =( NAMED_UNIT ( * ) SI_UNIT ( $, .STERADIAN. ) SOLID_ANGLE_UNIT ( ) );
#2088 = SURFACE_SIDE_STYLE ('',( #1251 ) ) ;
#2089 = DIRECTION ( 'NONE',  ( 0.7071067811865472397, -0.7071067811865479058, 0.0000000000000000000 ) ) ;
#2090 = VERTEX_POINT ( 'NONE', #62 ) ;
#2091 = VECTOR ( 'NONE', #2947, 1000.000000000000000 ) ;
#2092 = UNCERTAINTY_MEASURE_WITH_UNIT (LENGTH_MEASURE( 1.000000000000000082E-05 ), #3435, 'distance_accuracy_value', 'NONE');
#2093 =( GEOMETRIC_REPRESENTATION_CONTEXT ( 3 ) GLOBAL_UNCERTAINTY_ASSIGNED_CONTEXT ( ( #4113 ) ) GLOBAL_UNIT_ASSIGNED_CONTEXT ( ( #2812, #978, #3564 ) ) REPRESENTATION_CONTEXT ( 'NONE', 'WORKASPACE' ) );
#2094 = LINE ( 'NONE', #4617, #3006 ) ;
#2095 = ADVANCED_FACE ( 'NONE', ( #4585 ), #3725, .F. ) ;
#2096 = ORIENTED_EDGE ( 'NONE', *, *, #272, .T. ) ;
#2097 = CARTESIAN_POINT ( 'NONE',  ( 0.1000000000000001443, -0.07499999999999996947, -0.1150000000000000050 ) ) ;
#2098 = EDGE_LOOP ( 'NONE', ( #2285, #899, #4611, #3793 ) ) ;
#2099 = LINE ( 'NONE', #143, #2340 ) ;
#2100 = PRESENTATION_STYLE_ASSIGNMENT (( #3976 ) ) ;
#2101 = VECTOR ( 'NONE', #2877, 1000.000000000000000 ) ;
#2102 = APPLICATION_PROTOCOL_DEFINITION ( 'draft international standard', 'automotive_design', 1998, #3529 ) ;
#2103 = AXIS2_PLACEMENT_3D ( 'NONE', #3845, #1626, #3463 ) ;
#2104 = ORIENTED_EDGE ( 'NONE', *, *, #3637, .F. ) ;
#2105 = ORIENTED_EDGE ( 'NONE', *, *, #4527, .T. ) ;
#2106 =( LENGTH_UNIT ( ) NAMED_UNIT ( * ) SI_UNIT ( .MILLI., .METRE. ) );
#2107 = MECHANICAL_DESIGN_GEOMETRIC_PRESENTATION_REPRESENTATION (  '', ( #348 ), #1280 ) ;
#2108 = ORIENTED_EDGE ( 'NONE', *, *, #1982, .T. ) ;
#2109 = COLOUR_RGB ( '',0.6470588235294117974, 0.6196078431372549211, 0.5882352941176470784 ) ;
#2110 = ORIENTED_EDGE ( 'NONE', *, *, #2045, .F. ) ;
#2111 = LINE ( 'NONE', #3832, #2629 ) ;
#2112 = FACE_OUTER_BOUND ( 'NONE', #2098, .T. ) ;
#2113 = SURFACE_STYLE_USAGE ( .BOTH. , #653 ) ;
#2114 = CARTESIAN_POINT ( 'NONE',  ( -0.4999999999999998890, -0.4999999999999998890, -0.1250000000000000000 ) ) ;
#2115 = EDGE_CURVE ( 'NONE', #3606, #2363, #2797, .T. ) ;
#2116 = SURFACE_SIDE_STYLE ('',( #2961 ) ) ;
#2117 = VERTEX_POINT ( 'NONE', #399 ) ;
#2118 = PRESENTATION_STYLE_ASSIGNMENT (( #4190 ) ) ;
#2119 = VECTOR ( 'NONE', #3093, 1000.000000000000114 ) ;
#2120 = UNCERTAINTY_MEASURE_WITH_UNIT (LENGTH_MEASURE( 1.000000000000000082E-05 ), #2888, 'distance_accuracy_value', 'NONE');
#2121 = VECTOR ( 'NONE', #1498, 1000.000000000000000 ) ;
#2122 = ORIENTED_EDGE ( 'NONE', *, *, #2545, .F. ) ;
#2123 = EDGE_CURVE ( 'NONE', #73, #2279, #545, .T. ) ;
#2124 = DIRECTION ( 'NONE',  ( -1.000000000000000000, 0.0000000000000000000, -0.0000000000000000000 ) ) ;
#2125 = PRESENTATION_LAYER_ASSIGNMENT (  '', '', ( #3925 ) ) ;
#2126 = COLOUR_RGB ( '',0.3411764705882353033, 0.8392156862745098200, 0.4117647058823529216 ) ;
#2127 =( NAMED_UNIT ( * ) SI_UNIT ( $, .STERADIAN. ) SOLID_ANGLE_UNIT ( ) );
#2128 = FILL_AREA_STYLE_COLOUR ( '', #3192 ) ;
#2129 =( GEOMETRIC_REPRESENTATION_CONTEXT ( 3 ) GLOBAL_UNCERTAINTY_ASSIGNED_CONTEXT ( ( #2530 ) ) GLOBAL_UNIT_ASSIGNED_CONTEXT ( ( #3211, #677, #1018 ) ) REPRESENTATION_CONTEXT ( 'NONE', 'WORKASPACE' ) );
#2130 = ORIENTED_EDGE ( 'NONE', *, *, #502, .F. ) ;
#2132 = DIRECTION ( 'NONE',  ( 0.0000000000000000000, 0.0000000000000000000, -1.000000000000000000 ) ) ;
#2131 = PRESENTATION_STYLE_ASSIGNMENT (( #1197 ) ) ;
#2133 =( GEOMETRIC_REPRESENTATION_CONTEXT ( 3 ) GLOBAL_UNCERTAINTY_ASSIGNED_CONTEXT ( ( #2333 ) ) GLOBAL_UNIT_ASSIGNED_CONTEXT ( ( #957, #1364, #3158 ) ) REPRESENTATION_CONTEXT ( 'NONE', 'WORKASPACE' ) );
#2134 = PLANE ( 'NONE',  #3103 ) ;
#2135 = CARTESIAN_POINT ( 'NONE',  ( 0.4998000000000002441, 0.1499999999999999944, 0.005000000000000013115 ) ) ;
#2136 = VECTOR ( 'NONE', #4007, 1000.000000000000000 ) ;
#2137 = LINE ( 'NONE', #556, #3514 ) ;
#2138 = CARTESIAN_POINT ( 'NONE',  ( -0.4998000000000002441, -0.1499999999999999944, 0.1050000000000000239 ) ) ;
#2139 = VERTEX_POINT ( 'NONE', #817 ) ;
#2140 = DIRECTION ( 'NONE',  ( -0.0000000000000000000, -0.0000000000000000000, 1.000000000000000000 ) ) ;
#2141 = CARTESIAN_POINT ( 'NONE',  ( -0.4998999999999999555, -0.4998999999999999555, -0.02499999999999998404 ) ) ;
#2142 = SURFACE_SIDE_STYLE ('',( #3059 ) ) ;
#2143 = ORIENTED_EDGE ( 'NONE', *, *, #974, .T. ) ;
#2144 = CARTESIAN_POINT ( 'NONE',  ( -0.3098300000000002163, 0.4997000000000002551, 0.1100000000000000006 ) ) ;
#2145 = PLANE ( 'NONE',  #43 ) ;
#2146 = VERTEX_POINT ( 'NONE', #137 ) ;
#2147 = PRESENTATION_STYLE_ASSIGNMENT (( #742 ) ) ;
#2148 = CARTESIAN_POINT ( 'NONE',  ( 0.4498000000000001997, -0.3248000000000001997, 0.1250000000000000000 ) ) ;
#2149 = VERTEX_POINT ( 'NONE', #1195 ) ;
#2150 = DIRECTION ( 'NONE',  ( -0.9578262852211516520, -0.2873478855663441078, 0.0000000000000000000 ) ) ;
#2151 = EDGE_CURVE ( 'NONE', #4216, #3625, #318, .T. ) ;
#2152 = SURFACE_STYLE_USAGE ( .BOTH. , #3247 ) ;
#2153 = VERTEX_POINT ( 'NONE', #4134 ) ;
#2154 = AXIS2_PLACEMENT_3D ( 'NONE', #1050, #1069, #3643 ) ;
#2155 = CARTESIAN_POINT ( 'NONE',  ( 0.1248000000000001608, 0.4998000000000002441, 0.1100000000000000006 ) ) ;
#2156 = ORIENTED_EDGE ( 'NONE', *, *, #1000, .T. ) ;
#2157 = EDGE_CURVE ( 'NONE', #3727, #4265, #207, .T. ) ;
#2158 = FACE_OUTER_BOUND ( 'NONE', #3652, .T. ) ;
#2159 = PLANE ( 'NONE',  #929 ) ;
#2160 = EDGE_CURVE ( 'NONE', #4283, #614, #4642, .T. ) ;
#2161 = AXIS2_PLACEMENT_3D ( 'NONE', #458, #2986, #3354 ) ;
#2162 = VERTEX_POINT ( 'NONE', #119 ) ;
#2163 = SURFACE_STYLE_FILL_AREA ( #3465 ) ;
#2164 = CARTESIAN_POINT ( 'NONE',  ( 0.4998000000000002441, -0.1499999999999999944, 0.1050000000000000239 ) ) ;
#2165 = COLOUR_RGB ( '',0.6470588235294117974, 0.6196078431372549211, 0.5882352941176470784 ) ;
#2166 = CARTESIAN_POINT ( 'NONE',  ( 0.4988000000000001877, 0.1499999999999999944, 0.1050000000000000239 ) ) ;
#2167 = CARTESIAN_POINT ( 'NONE',  ( -0.4988000000000001877, -0.1499999999999999944, 0.1050000000000000239 ) ) ;
#2168 = CARTESIAN_POINT ( 'NONE',  ( 0.4498000000000001997, -0.1998000000000001997, 0.1100000000000000006 ) ) ;
#2169 = CARTESIAN_POINT ( 'NONE',  ( -0.1248000000000002163, -0.1248000000000002163, 0.1250000000000000000 ) ) ;
#2170 = LINE ( 'NONE', #2747, #4052 ) ;
#2171 = VERTEX_POINT ( 'NONE', #2708 ) ;
#2172 = ORIENTED_EDGE ( 'NONE', *, *, #4198, .T. ) ;
#2173 = VECTOR ( 'NONE', #2072, 1000.000000000000000 ) ;
#2174 =( GEOMETRIC_REPRESENTATION_CONTEXT ( 3 ) GLOBAL_UNCERTAINTY_ASSIGNED_CONTEXT ( ( #4736 ) ) GLOBAL_UNIT_ASSIGNED_CONTEXT ( ( #2931, #3705, #4437 ) ) REPRESENTATION_CONTEXT ( 'NONE', 'WORKASPACE' ) );
#2175 =( NAMED_UNIT ( * ) SI_UNIT ( $, .STERADIAN. ) SOLID_ANGLE_UNIT ( ) );
#2176 = ORIENTED_EDGE ( 'NONE', *, *, #1785, .T. ) ;
#2177 = DIRECTION ( 'NONE',  ( -0.0000000000000000000, -0.0000000000000000000, -1.000000000000000000 ) ) ;
#2178 = ORIENTED_EDGE ( 'NONE', *, *, #1160, .T. ) ;
#2179 = CARTESIAN_POINT ( 'NONE',  ( -0.4997000000000000330, -0.4497585786437628408, 0.1100000000000000144 ) ) ;
#2180 = LINE ( 'NONE', #3568, #1253 ) ;
#2181 = VECTOR ( 'NONE', #2478, 1000.000000000000000 ) ;
#2182 = VERTEX_POINT ( 'NONE', #503 ) ;
#2183 = CARTESIAN_POINT ( 'NONE',  ( 0.1000000000000001443, 0.07499999999999999722, -0.1150000000000000050 ) ) ;
#2184 = VERTEX_POINT ( 'NONE', #1920 ) ;
#2185 =( NAMED_UNIT ( * ) SI_UNIT ( $, .STERADIAN. ) SOLID_ANGLE_UNIT ( ) );
#2186 = UNCERTAINTY_MEASURE_WITH_UNIT (LENGTH_MEASURE( 1.000000000000000082E-05 ), #531, 'distance_accuracy_value', 'NONE');
#2187 = EDGE_CURVE ( 'NONE', #1075, #4206, #3735, .T. ) ;
#2188 = CARTESIAN_POINT ( 'NONE',  ( 0.4496000000000001107, -0.5000000000000000000, -0.1248999999999999971 ) ) ;
#2189 = PLANE ( 'NONE',  #1078 ) ;
#2190 =( NAMED_UNIT ( * ) SI_UNIT ( $, .STERADIAN. ) SOLID_ANGLE_UNIT ( ) );
#2191 = CARTESIAN_POINT ( 'NONE',  ( -0.4497585786437626187, -0.4997000000000002551, 0.1250000000000000000 ) ) ;
#2192 = PLANE ( 'NONE',  #4271 ) ;
#2193 = MECHANICAL_DESIGN_GEOMETRIC_PRESENTATION_REPRESENTATION (  '', ( #1536 ), #2436 ) ;
#2194 = CARTESIAN_POINT ( 'NONE',  ( -0.4998000000000000220, 0.4998000000000002441, 0.005000000000000013115 ) ) ;
#2195 = PRESENTATION_STYLE_ASSIGNMENT (( #3042 ) ) ;
#2196 = VECTOR ( 'NONE', #4487, 1000.000000000000000 ) ;
#2197 = CARTESIAN_POINT ( 'NONE',  ( 0.4997000000000000330, -0.4497585786437628408, 0.1100000000000000144 ) ) ;
#2198 = DIRECTION ( 'NONE',  ( 0.0000000000000000000, 1.000000000000000000, 0.0000000000000000000 ) ) ;
#2199 = PLANE ( 'NONE',  #1321 ) ;
#2200 = VECTOR ( 'NONE', #4376, 1000.000000000000000 ) ;
#2201 = FILL_AREA_STYLE ('',( #736 ) ) ;
#2202 = VECTOR ( 'NONE', #373, 1000.000000000000000 ) ;
#2203 = ORIENTED_EDGE ( 'NONE', *, *, #1647, .T. ) ;
#2204 = CARTESIAN_POINT ( 'NONE',  ( -0.1500000000000000222, 0.05000000000000000971, -0.1150000000000000050 ) ) ;
#2205 = DIRECTION ( 'NONE',  ( 0.0000000000000000000, 1.000000000000000000, 0.0000000000000000000 ) ) ;
#2206 = VERTEX_POINT ( 'NONE', #855 ) ;
#2207 = LINE ( 'NONE', #337, #1224 ) ;
#2208 = DIRECTION ( 'NONE',  ( -0.0000000000000000000, -0.0000000000000000000, 1.000000000000000000 ) ) ;
#2209 = DIRECTION ( 'NONE',  ( -1.000000000000000000, 0.0000000000000000000, 0.0000000000000000000 ) ) ;
#2210 = ORIENTED_EDGE ( 'NONE', *, *, #1854, .F. ) ;
#2211 = DIRECTION ( 'NONE',  ( 1.000000000000000000, 0.0000000000000000000, 0.0000000000000000000 ) ) ;
#2212 = DIRECTION ( 'NONE',  ( -0.0000000000000000000, -0.0000000000000000000, 1.000000000000000000 ) ) ;
#2213 = SURFACE_SIDE_STYLE ('',( #1319 ) ) ;
#2214 = ORIENTED_EDGE ( 'NONE', *, *, #766, .F. ) ;
#2215 = LINE ( 'NONE', #3251, #1231 ) ;
#2216 = COLOUR_RGB ( '',0.6470588235294117974, 0.6196078431372549211, 0.5882352941176470784 ) ;
#2217 = EDGE_CURVE ( 'NONE', #2613, #1485, #1021, .T. ) ;
#2218 = ORIENTED_EDGE ( 'NONE', *, *, #3221, .T. ) ;
#2219 = LINE ( 'NONE', #2034, #3071 ) ;
#2220 = VECTOR ( 'NONE', #4748, 1000.000000000000000 ) ;
#2221 = DIRECTION ( 'NONE',  ( 0.0000000000000000000, -1.000000000000000000, -0.0000000000000000000 ) ) ;
#2222 = MECHANICAL_DESIGN_GEOMETRIC_PRESENTATION_REPRESENTATION (  '', ( #397 ), #4088 ) ;
#2223 = ORIENTED_EDGE ( 'NONE', *, *, #2014, .F. ) ;
#2224 = VERTEX_POINT ( 'NONE', #3786 ) ;
#2225 = PRESENTATION_STYLE_ASSIGNMENT (( #1163 ) ) ;
#2226 = CARTESIAN_POINT ( 'NONE',  ( -0.4988000000000001877, 0.0000000000000000000, 0.0000000000000000000 ) ) ;
#2227 = DIRECTION ( 'NONE',  ( -0.0000000000000000000, 1.000000000000000000, -0.0000000000000000000 ) ) ;
#2228 = AXIS2_PLACEMENT_3D ( 'NONE', #1484, #4003, #1470 ) ;
#2229 =( NAMED_UNIT ( * ) PLANE_ANGLE_UNIT ( ) SI_UNIT ( $, .RADIAN. ) );
#2230 = VERTEX_POINT ( 'NONE', #4566 ) ;
#2231 = LINE ( 'NONE', #3106, #660 ) ;
#2232 = DIRECTION ( 'NONE',  ( 0.0000000000000000000, 0.0000000000000000000, 1.000000000000000000 ) ) ;
#2233 = ORIENTED_EDGE ( 'NONE', *, *, #448, .T. ) ;
#2234 = LINE ( 'NONE', #2446, #4165 ) ;
#2235 =( NAMED_UNIT ( * ) SI_UNIT ( $, .STERADIAN. ) SOLID_ANGLE_UNIT ( ) );
#2236 =( GEOMETRIC_REPRESENTATION_CONTEXT ( 3 ) GLOBAL_UNCERTAINTY_ASSIGNED_CONTEXT ( ( #1032 ) ) GLOBAL_UNIT_ASSIGNED_CONTEXT ( ( #1978, #2367, #2722 ) ) REPRESENTATION_CONTEXT ( 'NONE', 'WORKASPACE' ) );
#2237 = CARTESIAN_POINT ( 'NONE',  ( -0.1248000000000002163, 0.1248000000000002163, 0.1100000000000000006 ) ) ;
#2238 =( GEOMETRIC_REPRESENTATION_CONTEXT ( 3 ) GLOBAL_UNCERTAINTY_ASSIGNED_CONTEXT ( ( #4447 ) ) GLOBAL_UNIT_ASSIGNED_CONTEXT ( ( #519, #218, #3534 ) ) REPRESENTATION_CONTEXT ( 'NONE', 'WORKASPACE' ) );
#2239 = VERTEX_POINT ( 'NONE', #3439 ) ;
#2240 = ORIENTED_EDGE ( 'NONE', *, *, #479, .F. ) ;
#2241 = COLOUR_RGB ( '',0.3411764705882353033, 0.8392156862745098200, 0.4117647058823529216 ) ;
#2242 = CARTESIAN_POINT ( 'NONE',  ( 0.1998000000000001997, 0.1998000000000001997, 0.1250000000000000000 ) ) ;
#2243 = ORIENTED_EDGE ( 'NONE', *, *, #2483, .F. ) ;
#2244 = EDGE_CURVE ( 'NONE', #4586, #2224, #1687, .T. ) ;
#2245 = DIRECTION ( 'NONE',  ( 0.0000000000000000000, 0.0000000000000000000, 1.000000000000000000 ) ) ;
#2246 = DIRECTION ( 'NONE',  ( 1.000000000000000000, 0.0000000000000000000, -0.0000000000000000000 ) ) ;
#2247 = DIRECTION ( 'NONE',  ( -0.0000000000000000000, -0.0000000000000000000, 1.000000000000000000 ) ) ;
#2248 =( LENGTH_UNIT ( ) NAMED_UNIT ( * ) SI_UNIT ( .MILLI., .METRE. ) );
#2249 = EDGE_CURVE ( 'NONE', #521, #2730, #152, .T. ) ;
#2250 = FILL_AREA_STYLE_COLOUR ( '', #69 ) ;
#2251 = CARTESIAN_POINT ( 'NONE',  ( 0.1000000000000001582, 0.1749999999999999889, -0.1150000000000000050 ) ) ;
#2252 = DIRECTION ( 'NONE',  ( 0.0000000000000000000, -1.000000000000000000, -0.0000000000000000000 ) ) ;
#2253 = UNCERTAINTY_MEASURE_WITH_UNIT (LENGTH_MEASURE( 1.000000000000000082E-05 ), #3457, 'distance_accuracy_value', 'NONE');
#2254 = ORIENTED_EDGE ( 'NONE', *, *, #1202, .F. ) ;
#2255 = EDGE_CURVE ( 'NONE', #2680, #2835, #3838, .T. ) ;
#2256 =( GEOMETRIC_REPRESENTATION_CONTEXT ( 3 ) GLOBAL_UNCERTAINTY_ASSIGNED_CONTEXT ( ( #2273 ) ) GLOBAL_UNIT_ASSIGNED_CONTEXT ( ( #1412, #1373, #1769 ) ) REPRESENTATION_CONTEXT ( 'NONE', 'WORKASPACE' ) );
#2257 = FACE_OUTER_BOUND ( 'NONE', #3228, .T. ) ;
#2258 = DIRECTION ( 'NONE',  ( -1.000000000000000000, 0.0000000000000000000, 0.0000000000000000000 ) ) ;
#2259 = EDGE_CURVE ( 'NONE', #2153, #4385, #2849, .T. ) ;
#2260 = EDGE_CURVE ( 'NONE', #1284, #2353, #3250, .T. ) ;
#2261 = DIRECTION ( 'NONE',  ( -1.000000000000000000, -0.0000000000000000000, -0.0000000000000000000 ) ) ;
#2262 = LINE ( 'NONE', #2282, #2529 ) ;
#2263 = ADVANCED_FACE ( 'NONE', ( #902 ), #108, .T. ) ;
#2264 = DIRECTION ( 'NONE',  ( 0.9578262852211520961, -0.2873478855663431086, 0.0000000000000000000 ) ) ;
#2265 = CARTESIAN_POINT ( 'NONE',  ( -0.4497999999999999776, 0.4998000000000002441, 0.1100000000000000144 ) ) ;
#2266 = CARTESIAN_POINT ( 'NONE',  ( -0.1499999999999999944, 0.4988000000000001877, 0.005000000000000013115 ) ) ;
#2267 =( GEOMETRIC_REPRESENTATION_CONTEXT ( 3 ) GLOBAL_UNCERTAINTY_ASSIGNED_CONTEXT ( ( #308 ) ) GLOBAL_UNIT_ASSIGNED_CONTEXT ( ( #1780, #4756, #2185 ) ) REPRESENTATION_CONTEXT ( 'NONE', 'WORKASPACE' ) );
#2268 = CARTESIAN_POINT ( 'NONE',  ( 0.4496000000000001107, -0.4999999999999998890, -0.1250000000000000000 ) ) ;
#2269 = FACE_OUTER_BOUND ( 'NONE', #2896, .T. ) ;
#2270 = AXIS2_PLACEMENT_3D ( 'NONE', #2008, #150, #2355 ) ;
#2271 = ORIENTED_EDGE ( 'NONE', *, *, #2468, .T. ) ;
#2272 = CARTESIAN_POINT ( 'NONE',  ( -0.4497999999999999776, -0.4998000000000002441, 0.005000000000000013115 ) ) ;
#2273 = UNCERTAINTY_MEASURE_WITH_UNIT (LENGTH_MEASURE( 1.000000000000000082E-05 ), #1412, 'distance_accuracy_value', 'NONE');
#2274 = DIRECTION ( 'NONE',  ( 0.0000000000000000000, 0.0000000000000000000, -1.000000000000000000 ) ) ;
#2275 = EDGE_LOOP ( 'NONE', ( #4203, #722, #3767, #2506 ) ) ;
#2276 = LINE ( 'NONE', #4158, #770 ) ;
#2277 = ORIENTED_EDGE ( 'NONE', *, *, #3956, .F. ) ;
#2278 = DIRECTION ( 'NONE',  ( -0.0000000000000000000, 1.000000000000000000, -0.0000000000000000000 ) ) ;
#2279 = VERTEX_POINT ( 'NONE', #3826 ) ;
#2280 = VECTOR ( 'NONE', #3001, 1000.000000000000114 ) ;
#2281 = ORIENTED_EDGE ( 'NONE', *, *, #2618, .T. ) ;
#2282 = CARTESIAN_POINT ( 'NONE',  ( 0.1499999999999999667, 0.05000000000000000971, -0.1150000000000000050 ) ) ;
#2283 = DIRECTION ( 'NONE',  ( -0.2873478855663441633, 0.9578262852211517631, 0.0000000000000000000 ) ) ;
#2284 = SURFACE_SIDE_STYLE ('',( #1277 ) ) ;
#2285 = ORIENTED_EDGE ( 'NONE', *, *, #2084, .T. ) ;
#2286 = PRESENTATION_STYLE_ASSIGNMENT (( #554 ) ) ;
#2287 = EDGE_CURVE ( 'NONE', #4062, #4619, #1752, .T. ) ;
#2288 = LINE ( 'NONE', #549, #3490 ) ;
#2289 = MECHANICAL_DESIGN_GEOMETRIC_PRESENTATION_REPRESENTATION (  '', ( #1955 ), #211 ) ;
#2290 =( NAMED_UNIT ( * ) PLANE_ANGLE_UNIT ( ) SI_UNIT ( $, .RADIAN. ) );
#2291 = ORIENTED_EDGE ( 'NONE', *, *, #2818, .F. ) ;
#2292 = EDGE_LOOP ( 'NONE', ( #4511, #1911, #3371, #1193, #3412, #710, #327, #4278, #3070, #356, #2787, #3589 ) ) ;
#2293 = ORIENTED_EDGE ( 'NONE', *, *, #2115, .F. ) ;
#2294 = PRESENTATION_STYLE_ASSIGNMENT (( #4186 ) ) ;
#2295 = EDGE_LOOP ( 'NONE', ( #140, #1172, #1001, #2455 ) ) ;
#2296 = PRESENTATION_LAYER_ASSIGNMENT (  '', '', ( #4492 ) ) ;
#2297 = CARTESIAN_POINT ( 'NONE',  ( 0.0000000000000000000, 0.0000000000000000000, -0.1150000000000000050 ) ) ;
#2298 = DIRECTION ( 'NONE',  ( -1.000000000000000000, -0.0000000000000000000, -0.0000000000000000000 ) ) ;
#2299 = LINE ( 'NONE', #4580, #2567 ) ;
#2300 = LINE ( 'NONE', #1031, #1198 ) ;
#2301 = EDGE_LOOP ( 'NONE', ( #1778, #385, #1671, #832 ) ) ;
#2302 = CARTESIAN_POINT ( 'NONE',  ( 0.1499999999999999944, -0.4998000000000002441, 0.1050000000000000239 ) ) ;
#2303 = ADVANCED_FACE ( 'NONE', ( #40 ), #1605, .F. ) ;
#2304 = DIRECTION ( 'NONE',  ( -1.000000000000000000, 0.0000000000000000000, -0.0000000000000000000 ) ) ;
#2305 = LINE ( 'NONE', #4418, #4541 ) ;
#2306 = DIRECTION ( 'NONE',  ( -1.000000000000000000, 0.0000000000000000000, -0.0000000000000000000 ) ) ;
#2307 = LINE ( 'NONE', #232, #1207 ) ;
#2308 = CARTESIAN_POINT ( 'NONE',  ( 0.4497999999999999776, -0.4998000000000002441, -0.06571067811865477504 ) ) ;
#2309 = DIRECTION ( 'NONE',  ( -0.0000000000000000000, -0.0000000000000000000, 1.000000000000000000 ) ) ;
#2310 = PRESENTATION_STYLE_ASSIGNMENT (( #4289 ) ) ;
#2311 =( NAMED_UNIT ( * ) PLANE_ANGLE_UNIT ( ) SI_UNIT ( $, .RADIAN. ) );
#2312 = EDGE_CURVE ( 'NONE', #816, #4414, #2170, .T. ) ;
#2313 = DIRECTION ( 'NONE',  ( -0.9578262852211516520, 0.2873478855663441078, -0.0000000000000000000 ) ) ;
#2314 = CARTESIAN_POINT ( 'NONE',  ( -0.4498000000000001997, 0.3248000000000001997, 0.1100000000000000006 ) ) ;
#2315 = AXIS2_PLACEMENT_3D ( 'NONE', #2985, #3018, #792 ) ;
#2316 = LINE ( 'NONE', #1456, #4132 ) ;
#2317 =( GEOMETRIC_REPRESENTATION_CONTEXT ( 3 ) GLOBAL_UNCERTAINTY_ASSIGNED_CONTEXT ( ( #3883 ) ) GLOBAL_UNIT_ASSIGNED_CONTEXT ( ( #658, #1036, #3935 ) ) REPRESENTATION_CONTEXT ( 'NONE', 'WORKASPACE' ) );
#2318 = EDGE_CURVE ( 'NONE', #4228, #2048, #4348, .T. ) ;
#2319 = CARTESIAN_POINT ( 'NONE',  ( 0.4747999999999992227, 0.4748000000000012766, -0.1248999999999999971 ) ) ;
#2320 = EDGE_CURVE ( 'NONE', #3005, #3026, #1404, .T. ) ;
#2321 = ORIENTED_EDGE ( 'NONE', *, *, #1171, .F. ) ;
#2322 = ADVANCED_FACE ( 'NONE', ( #2453 ), #2010, .F. ) ;
#2323 = PRESENTATION_LAYER_ASSIGNMENT (  '', '', ( #744 ) ) ;
#2324 = SURFACE_SIDE_STYLE ('',( #837 ) ) ;
#2325 = CARTESIAN_POINT ( 'NONE',  ( 0.0000000000000000000, 0.0000000000000000000, 0.1100000000000000006 ) ) ;
#2326 = EDGE_LOOP ( 'NONE', ( #1242, #1056, #41, #4467 ) ) ;
#2327 = STYLED_ITEM ( 'NONE', ( #432 ), #1716 ) ;
#2328 = DIRECTION ( 'NONE',  ( -1.000000000000000000, 0.0000000000000000000, 0.0000000000000000000 ) ) ;
#2329 = CARTESIAN_POINT ( 'NONE',  ( -0.4497585786437626187, 0.4997000000000002551, -0.2479448892945115002 ) ) ;
#2330 = ORIENTED_EDGE ( 'NONE', *, *, #3025, .F. ) ;
#2331 = VECTOR ( 'NONE', #4008, 1000.000000000000000 ) ;
#2332 = DIRECTION ( 'NONE',  ( 0.0000000000000000000, 1.000000000000000000, 0.0000000000000000000 ) ) ;
#2333 = UNCERTAINTY_MEASURE_WITH_UNIT (LENGTH_MEASURE( 1.000000000000000082E-05 ), #957, 'distance_accuracy_value', 'NONE');
#2334 = ORIENTED_EDGE ( 'NONE', *, *, #3957, .F. ) ;
#2335 = LINE ( 'NONE', #3090, #4448 ) ;
#2336 =( NAMED_UNIT ( * ) SI_UNIT ( $, .STERADIAN. ) SOLID_ANGLE_UNIT ( ) );
#2337 = EDGE_CURVE ( 'NONE', #2117, #1588, #2231, .T. ) ;
#2338 = UNCERTAINTY_MEASURE_WITH_UNIT (LENGTH_MEASURE( 1.000000000000000082E-05 ), #2690, 'distance_accuracy_value', 'NONE');
#2339 = ORIENTED_EDGE ( 'NONE', *, *, #3687, .F. ) ;
#2340 = VECTOR ( 'NONE', #2714, 1000.000000000000000 ) ;
#2341 = FACE_OUTER_BOUND ( 'NONE', #4722, .T. ) ;
#2342 = SURFACE_STYLE_USAGE ( .BOTH. , #1950 ) ;
#2343 = SURFACE_SIDE_STYLE ('',( #3556 ) ) ;
#2344 = ORIENTED_EDGE ( 'NONE', *, *, #833, .T. ) ;
#2345 = VECTOR ( 'NONE', #1590, 1000.000000000000000 ) ;
#2346 = SURFACE_STYLE_FILL_AREA ( #4080 ) ;
#2347 =( NAMED_UNIT ( * ) PLANE_ANGLE_UNIT ( ) SI_UNIT ( $, .RADIAN. ) );
#2348 = DIRECTION ( 'NONE',  ( -0.0000000000000000000, -0.0000000000000000000, 1.000000000000000000 ) ) ;
#2349 = DIRECTION ( 'NONE',  ( 0.0000000000000000000, -1.000000000000000000, 0.0000000000000000000 ) ) ;
#2350 = ADVANCED_FACE ( 'NONE', ( #4291 ), #1622, .F. ) ;
#2351 = EDGE_CURVE ( 'NONE', #1698, #4563, #2288, .T. ) ;
#2352 = ORIENTED_EDGE ( 'NONE', *, *, #3047, .F. ) ;
#2353 = VERTEX_POINT ( 'NONE', #1640 ) ;
#2354 = VECTOR ( 'NONE', #1692, 1000.000000000000114 ) ;
#2355 = DIRECTION ( 'NONE',  ( 1.000000000000000000, 0.0000000000000000000, -0.0000000000000000000 ) ) ;
#2356 = LINE ( 'NONE', #2001, #548 ) ;
#2357 = PRESENTATION_LAYER_ASSIGNMENT (  '', '', ( #3674 ) ) ;
#2358 = VECTOR ( 'NONE', #4403, 1000.000000000000114 ) ;
#2359 = CARTESIAN_POINT ( 'NONE',  ( 0.3098000000000001863, -0.4998000000000002441, 0.1100000000000000006 ) ) ;
#2360 = ORIENTED_EDGE ( 'NONE', *, *, #949, .F. ) ;
#2361 =( GEOMETRIC_REPRESENTATION_CONTEXT ( 3 ) GLOBAL_UNCERTAINTY_ASSIGNED_CONTEXT ( ( #460 ) ) GLOBAL_UNIT_ASSIGNED_CONTEXT ( ( #1241, #4222, #2013 ) ) REPRESENTATION_CONTEXT ( 'NONE', 'WORKASPACE' ) );
#2362 = DIRECTION ( 'NONE',  ( 1.000000000000000000, -0.0000000000000000000, -0.0000000000000000000 ) ) ;
#2363 = VERTEX_POINT ( 'NONE', #4598 ) ;
#2364 =( NAMED_UNIT ( * ) PLANE_ANGLE_UNIT ( ) SI_UNIT ( $, .RADIAN. ) );
#2365 =( GEOMETRIC_REPRESENTATION_CONTEXT ( 3 ) GLOBAL_UNCERTAINTY_ASSIGNED_CONTEXT ( ( #825 ) ) GLOBAL_UNIT_ASSIGNED_CONTEXT ( ( #1832, #4423, #2235 ) ) REPRESENTATION_CONTEXT ( 'NONE', 'WORKASPACE' ) );
#2366 = ORIENTED_EDGE ( 'NONE', *, *, #949, .T. ) ;
#2367 =( NAMED_UNIT ( * ) PLANE_ANGLE_UNIT ( ) SI_UNIT ( $, .RADIAN. ) );
#2368 = CARTESIAN_POINT ( 'NONE',  ( 0.1499999999999999944, -0.4988000000000001877, 0.1050000000000000239 ) ) ;
#2369 = VECTOR ( 'NONE', #1901, 1000.000000000000000 ) ;
#2370 = PRESENTATION_STYLE_ASSIGNMENT (( #3067 ) ) ;
#2371 = PLANE ( 'NONE',  #3742 ) ;
#2372 = CARTESIAN_POINT ( 'NONE',  ( -0.09999999999999985290, -0.1749999999999999334, -0.1150000000000000050 ) ) ;
#2373 = EDGE_CURVE ( 'NONE', #2153, #558, #1464, .T. ) ;
#2374 = CARTESIAN_POINT ( 'NONE',  ( 0.1248000000000001608, -0.4998000000000002441, 0.1250000000000000000 ) ) ;
#2375 = SURFACE_STYLE_FILL_AREA ( #100 ) ;
#2376 = DIRECTION ( 'NONE',  ( -0.0000000000000000000, 1.000000000000000000, 0.0000000000000000000 ) ) ;
#2377 = AXIS2_PLACEMENT_3D ( 'NONE', #2655, #1132, #4046 ) ;
#2378 = SURFACE_STYLE_FILL_AREA ( #3627 ) ;
#2379 = CARTESIAN_POINT ( 'NONE',  ( 0.4497585786437626187, -0.4997000000000002551, 0.1100000000000000144 ) ) ;
#2380 = EDGE_CURVE ( 'NONE', #1923, #1075, #3125, .T. ) ;
#2381 = EDGE_LOOP ( 'NONE', ( #2507, #711, #2792 ) ) ;
#2382 = ADVANCED_FACE ( 'NONE', ( #2626 ), #3519, .F. ) ;
#2383 = CARTESIAN_POINT ( 'NONE',  ( 0.4498000000000001997, -0.3248000000000001997, 0.1250000000000000000 ) ) ;
#2384 = LINE ( 'NONE', #3050, #1382 ) ;
#2385 = ORIENTED_EDGE ( 'NONE', *, *, #1982, .F. ) ;
#2386 = SURFACE_STYLE_USAGE ( .BOTH. , #1239 ) ;
#2387 = ORIENTED_EDGE ( 'NONE', *, *, #4156, .T. ) ;
#2388 = DIRECTION ( 'NONE',  ( -0.0000000000000000000, -0.0000000000000000000, -1.000000000000000000 ) ) ;
#2389 = CARTESIAN_POINT ( 'NONE',  ( -0.1248000000000001608, -0.4998000000000002441, 0.1100000000000000006 ) ) ;
#2390 = FILL_AREA_STYLE_COLOUR ( '', #2241 ) ;
#2391 = ORIENTED_EDGE ( 'NONE', *, *, #2312, .T. ) ;
#2392 = FACE_OUTER_BOUND ( 'NONE', #4498, .T. ) ;
#2393 = FACE_OUTER_BOUND ( 'NONE', #764, .T. ) ;
#2394 = CARTESIAN_POINT ( 'NONE',  ( 0.4747999999999990561, -0.4748000000000011100, -0.1250000000000000000 ) ) ;
#2395 = UNCERTAINTY_MEASURE_WITH_UNIT (LENGTH_MEASURE( 1.000000000000000082E-05 ), #2882, 'distance_accuracy_value', 'NONE');
#2396 = ORIENTED_EDGE ( 'NONE', *, *, #2703, .T. ) ;
#2397 = LINE ( 'NONE', #2374, #533 ) ;
#2398 = FACE_OUTER_BOUND ( 'NONE', #3076, .T. ) ;
#2399 = ADVANCED_FACE ( 'NONE', ( #3834 ), #3136, .T. ) ;
#2400 = PRESENTATION_STYLE_ASSIGNMENT (( #4267 ) ) ;
#2401 = ORIENTED_EDGE ( 'NONE', *, *, #3115, .T. ) ;
#2402 = ORIENTED_EDGE ( 'NONE', *, *, #3809, .F. ) ;
#2403 = EDGE_CURVE ( 'NONE', #4641, #20, #1139, .T. ) ;
#2404 = CARTESIAN_POINT ( 'NONE',  ( -0.4988000000000001877, -0.1499999999999999944, 0.1050000000000000239 ) ) ;
#2405 = CARTESIAN_POINT ( 'NONE',  ( 0.4999000000000001775, 0.4999000000000001775, -0.02499999999999998404 ) ) ;
#2406 = CARTESIAN_POINT ( 'NONE',  ( 0.1248000000000001608, -0.4998000000000002441, 0.1100000000000000006 ) ) ;
#2407 = VECTOR ( 'NONE', #4166, 1000.000000000000000 ) ;
#2408 = EDGE_LOOP ( 'NONE', ( #36, #2610, #3364, #4092 ) ) ;
#2409 = PLANE ( 'NONE',  #3714 ) ;
#2410 = FILL_AREA_STYLE ('',( #1290 ) ) ;
#2411 = EDGE_CURVE ( 'NONE', #1588, #3982, #4526, .T. ) ;
#2412 = FACE_OUTER_BOUND ( 'NONE', #1113, .T. ) ;
#2413 = FACE_OUTER_BOUND ( 'NONE', #357, .T. ) ;
#2414 = ORIENTED_EDGE ( 'NONE', *, *, #3388, .T. ) ;
#2415 = EDGE_CURVE ( 'NONE', #480, #3367, #3787, .T. ) ;
#2416 = DIRECTION ( 'NONE',  ( 0.9578262852211516520, -0.2873478855663441078, 0.0000000000000000000 ) ) ;
#2417 = VERTEX_POINT ( 'NONE', #4688 ) ;
#2418 = ADVANCED_FACE ( 'NONE', ( #1804 ), #1007, .F. ) ;
#2419 = PRESENTATION_LAYER_ASSIGNMENT (  '', '', ( #3965 ) ) ;
#2420 = CARTESIAN_POINT ( 'NONE',  ( -0.4497585786437625632, -0.4997000000000002551, 0.1100000000000000144 ) ) ;
#2421 = ORIENTED_EDGE ( 'NONE', *, *, #1014, .F. ) ;
#2422 = LINE ( 'NONE', #3478, #1544 ) ;
#2423 = CARTESIAN_POINT ( 'NONE',  ( -0.4498000000000001997, 0.3248000000000001997, 0.1250000000000000000 ) ) ;
#2424 = MECHANICAL_DESIGN_GEOMETRIC_PRESENTATION_REPRESENTATION (  '', ( #4227 ), #2365 ) ;
#2425 = CARTESIAN_POINT ( 'NONE',  ( 0.0000000000000000000, -0.4999999999999998890, -0.1248999999999999971 ) ) ;
#2426 = DIRECTION ( 'NONE',  ( -0.2873478855663441633, -0.9578262852211517631, 0.0000000000000000000 ) ) ;
#2427 = LINE ( 'NONE', #3829, #4321 ) ;
#2428 = FILL_AREA_STYLE ('',( #2067 ) ) ;
#2429 = DIRECTION ( 'NONE',  ( 0.0000000000000000000, -1.000000000000000000, 0.0000000000000000000 ) ) ;
#2430 = EDGE_CURVE ( 'NONE', #1676, #2582, #3612, .T. ) ;
#2431 = CARTESIAN_POINT ( 'NONE',  ( 0.1000000000000001582, -0.1749999999999999334, -0.1150000000000000050 ) ) ;
#2432 = COLOUR_RGB ( '',0.6470588235294117974, 0.6196078431372549211, 0.5882352941176470784 ) ;
#2433 = SURFACE_SIDE_STYLE ('',( #170 ) ) ;
#2434 = ORIENTED_EDGE ( 'NONE', *, *, #1610, .T. ) ;
#2435 = STYLED_ITEM ( 'NONE', ( #688 ), #3763 ) ;
#2436 =( GEOMETRIC_REPRESENTATION_CONTEXT ( 3 ) GLOBAL_UNCERTAINTY_ASSIGNED_CONTEXT ( ( #2525 ) ) GLOBAL_UNIT_ASSIGNED_CONTEXT ( ( #4469, #2653, #446 ) ) REPRESENTATION_CONTEXT ( 'NONE', 'WORKASPACE' ) );
#2437 = ORIENTED_EDGE ( 'NONE', *, *, #2403, .T. ) ;
#2438 = FACE_OUTER_BOUND ( 'NONE', #1837, .T. ) ;
#2439 = VECTOR ( 'NONE', #4239, 1000.000000000000000 ) ;
#2440 = DIRECTION ( 'NONE',  ( -0.7071067811865489050, -0.7071067811865460184, 0.0000000000000000000 ) ) ;
#2441 = SURFACE_STYLE_USAGE ( .BOTH. , #4651 ) ;
#2442 = PLANE ( 'NONE',  #518 ) ;
#2443 = VERTEX_POINT ( 'NONE', #4148 ) ;
#2444 =( GEOMETRIC_REPRESENTATION_CONTEXT ( 3 ) GLOBAL_UNCERTAINTY_ASSIGNED_CONTEXT ( ( #2395 ) ) GLOBAL_UNIT_ASSIGNED_CONTEXT ( ( #2882, #3209, #3946 ) ) REPRESENTATION_CONTEXT ( 'NONE', 'WORKASPACE' ) );
#2445 = CARTESIAN_POINT ( 'NONE',  ( -0.4498000000000001997, -0.1998000000000001997, 0.1250000000000000000 ) ) ;
#2446 = CARTESIAN_POINT ( 'NONE',  ( -0.4748000000000000553, 0.4748000000000000553, -0.1250000000000000000 ) ) ;
#2447 = VERTEX_POINT ( 'NONE', #522 ) ;
#2448 = VECTOR ( 'NONE', #2751, 1000.000000000000000 ) ;
#2449 = FACE_OUTER_BOUND ( 'NONE', #1295, .T. ) ;
#2450 = CARTESIAN_POINT ( 'NONE',  ( -0.4997000000000000330, 0.4497585786437628408, 0.1100000000000000144 ) ) ;
#2451 = CARTESIAN_POINT ( 'NONE',  ( -0.4997000000000000330, 0.4497585786437628408, -0.2479448892945115002 ) ) ;
#2452 = ORIENTED_EDGE ( 'NONE', *, *, #603, .F. ) ;
#2453 = FACE_OUTER_BOUND ( 'NONE', #4390, .T. ) ;
#2454 = ORIENTED_EDGE ( 'NONE', *, *, #2057, .T. ) ;
#2455 = ORIENTED_EDGE ( 'NONE', *, *, #1892, .T. ) ;
#2456 = CARTESIAN_POINT ( 'NONE',  ( -0.1998000000000001997, 0.4498000000000001997, 0.1100000000000000006 ) ) ;
#2457 = ADVANCED_FACE ( 'NONE', ( #4750 ), #3479, .F. ) ;
#2458 = EDGE_CURVE ( 'NONE', #2718, #181, #1637, .T. ) ;
#2459 =( LENGTH_UNIT ( ) NAMED_UNIT ( * ) SI_UNIT ( .MILLI., .METRE. ) );
#2460 = FACE_OUTER_BOUND ( 'NONE', #4116, .T. ) ;
#2461 = ORIENTED_EDGE ( 'NONE', *, *, #1256, .T. ) ;
#2462 = EDGE_LOOP ( 'NONE', ( #3890, #2339, #1423, #3716 ) ) ;
#2463 = FILL_AREA_STYLE ('',( #4628 ) ) ;
#2464 =( NAMED_UNIT ( * ) PLANE_ANGLE_UNIT ( ) SI_UNIT ( $, .RADIAN. ) );
#2465 = VECTOR ( 'NONE', #2258, 1000.000000000000000 ) ;
#2466 = DIRECTION ( 'NONE',  ( -0.7071067811865474617, -0.7071067811865474617, -0.0000000000000000000 ) ) ;
#2467 = DIRECTION ( 'NONE',  ( 0.2873478855663441633, 0.9578262852211517631, 0.0000000000000000000 ) ) ;
#2468 = EDGE_CURVE ( 'NONE', #1509, #2730, #2634, .T. ) ;
#2469 = DIRECTION ( 'NONE',  ( 0.0000000000000000000, -0.0000000000000000000, -1.000000000000000000 ) ) ;
#2470 = FILL_AREA_STYLE ('',( #1697 ) ) ;
#2471 =( NAMED_UNIT ( * ) SI_UNIT ( $, .STERADIAN. ) SOLID_ANGLE_UNIT ( ) );
#2472 = UNCERTAINTY_MEASURE_WITH_UNIT (LENGTH_MEASURE( 1.000000000000000082E-05 ), #3233, 'distance_accuracy_value', 'NONE');
#2473 = STYLED_ITEM ( 'NONE', ( #2400 ), #2382 ) ;
#2474 = DIRECTION ( 'NONE',  ( 1.445602896647339163E-16, -1.000000000000000000, 0.0000000000000000000 ) ) ;
#2475 = CARTESIAN_POINT ( 'NONE',  ( 0.4998000000000002441, -0.1248000000000002163, 0.1100000000000000006 ) ) ;
#2476 = CARTESIAN_POINT ( 'NONE',  ( -0.4496000000000002217, -0.4999999999999998890, -0.1248999999999999971 ) ) ;
#2477 = VECTOR ( 'NONE', #2753, 1000.000000000000000 ) ;
#2478 = DIRECTION ( 'NONE',  ( -0.0000000000000000000, -1.000000000000000000, -0.0000000000000000000 ) ) ;
#2479 = VECTOR ( 'NONE', #701, 1000.000000000000114 ) ;
#2480 = ADVANCED_FACE ( 'NONE', ( #3253 ), #4570, .F. ) ;
#2481 = EDGE_CURVE ( 'NONE', #3548, #3491, #3246, .T. ) ;
#2482 = CARTESIAN_POINT ( 'NONE',  ( 0.4988000000000001877, -0.1499999999999999944, 0.1050000000000000239 ) ) ;
#2483 = EDGE_CURVE ( 'NONE', #2875, #4586, #4167, .T. ) ;
#2484 = VECTOR ( 'NONE', #3312, 1000.000000000000000 ) ;
#2485 = ORIENTED_EDGE ( 'NONE', *, *, #206, .T. ) ;
#2486 =( NAMED_UNIT ( * ) SI_UNIT ( $, .STERADIAN. ) SOLID_ANGLE_UNIT ( ) );
#2487 = STYLED_ITEM ( 'NONE', ( #78 ), #2837 ) ;
#2488 = ORIENTED_EDGE ( 'NONE', *, *, #26, .F. ) ;
#2489 = EDGE_CURVE ( 'NONE', #547, #3885, #1131, .T. ) ;
#2490 = EDGE_CURVE ( 'NONE', #732, #32, #3082, .T. ) ;
#2491 = SURFACE_SIDE_STYLE ('',( #999 ) ) ;
#2492 = VERTEX_POINT ( 'NONE', #2475 ) ;
#2493 = STYLED_ITEM ( 'NONE', ( #2587 ), #3856 ) ;
#2494 = LINE ( 'NONE', #4195, #3175 ) ;
#2495 = ORIENTED_EDGE ( 'NONE', *, *, #1169, .T. ) ;
#2496 = CARTESIAN_POINT ( 'NONE',  ( -0.1499999999999999944, -0.4998000000000002441, 0.1050000000000000239 ) ) ;
#2497 = CARTESIAN_POINT ( 'NONE',  ( 0.3098000000000001863, 0.4998000000000002441, 0.1100000000000000006 ) ) ;
#2498 = ORIENTED_EDGE ( 'NONE', *, *, #3408, .T. ) ;
#2499 = LINE ( 'NONE', #3391, #830 ) ;
#2500 =( GEOMETRIC_REPRESENTATION_CONTEXT ( 3 ) GLOBAL_UNCERTAINTY_ASSIGNED_CONTEXT ( ( #1528 ) ) GLOBAL_UNIT_ASSIGNED_CONTEXT ( ( #4287, #2823, #2486 ) ) REPRESENTATION_CONTEXT ( 'NONE', 'WORKASPACE' ) );
#2501 = VERTEX_POINT ( 'NONE', #552 ) ;
#2502 = LINE ( 'NONE', #4520, #656 ) ;
#2503 = ADVANCED_FACE ( 'NONE', ( #2112 ), #2442, .F. ) ;
#2504 = FILL_AREA_STYLE ('',( #3207 ) ) ;
#2505 = PRESENTATION_LAYER_ASSIGNMENT (  '', '', ( #1574 ) ) ;
#2506 = ORIENTED_EDGE ( 'NONE', *, *, #3487, .F. ) ;
#2507 = ORIENTED_EDGE ( 'NONE', *, *, #1266, .T. ) ;
#2508 = LINE ( 'NONE', #2779, #4693 ) ;
#2509 = FACE_OUTER_BOUND ( 'NONE', #2738, .T. ) ;
#2510 = DIRECTION ( 'NONE',  ( 0.0000000000000000000, 0.0000000000000000000, 1.000000000000000000 ) ) ;
#2511 = SURFACE_STYLE_USAGE ( .BOTH. , #2142 ) ;
#2512 = CARTESIAN_POINT ( 'NONE',  ( 1.084202172485504434E-16, 1.084202172485504434E-16, -0.02499999999999998404 ) ) ;
#2513 = SURFACE_STYLE_USAGE ( .BOTH. , #2116 ) ;
#2514 = ORIENTED_EDGE ( 'NONE', *, *, #4706, .T. ) ;
#2515 = VECTOR ( 'NONE', #166, 1000.000000000000114 ) ;
#2516 = VECTOR ( 'NONE', #4708, 1000.000000000000000 ) ;
#2517 = ORIENTED_EDGE ( 'NONE', *, *, #2970, .F. ) ;
#2518 = EDGE_CURVE ( 'NONE', #558, #2417, #265, .T. ) ;
#2519 = DIRECTION ( 'NONE',  ( 0.0000000000000000000, -0.0000000000000000000, -1.000000000000000000 ) ) ;
#2520 = STYLED_ITEM ( 'NONE', ( #2370 ), #3333 ) ;
#2521 = FILL_AREA_STYLE_COLOUR ( '', #1621 ) ;
#2522 = DIRECTION ( 'NONE',  ( 1.549318638402482068E-15, 1.000000000000000000, -0.0000000000000000000 ) ) ;
#2523 = ORIENTED_EDGE ( 'NONE', *, *, #2403, .F. ) ;
#2524 = STYLED_ITEM ( 'NONE', ( #898 ), #2399 ) ;
#2525 = UNCERTAINTY_MEASURE_WITH_UNIT (LENGTH_MEASURE( 1.000000000000000082E-05 ), #4469, 'distance_accuracy_value', 'NONE');
#2526 = CARTESIAN_POINT ( 'NONE',  ( 0.1499999999999999944, 0.4988000000000001877, 0.1050000000000000239 ) ) ;
#2527 =( LENGTH_UNIT ( ) NAMED_UNIT ( * ) SI_UNIT ( .MILLI., .METRE. ) );
#2528 = LINE ( 'NONE', #1587, #983 ) ;
#2529 = VECTOR ( 'NONE', #4078, 1000.000000000000000 ) ;
#2530 = UNCERTAINTY_MEASURE_WITH_UNIT (LENGTH_MEASURE( 1.000000000000000082E-05 ), #3211, 'distance_accuracy_value', 'NONE');
#2531 = CARTESIAN_POINT ( 'NONE',  ( -0.5000000000000000000, 0.4496000000000001107, -0.1248999999999999971 ) ) ;
#2532 = PLANE ( 'NONE',  #3865 ) ;
#2533 =( LENGTH_UNIT ( ) NAMED_UNIT ( * ) SI_UNIT ( .MILLI., .METRE. ) );
#2534 = PLANE ( 'NONE',  #1186 ) ;
#2535 = SURFACE_STYLE_USAGE ( .BOTH. , #4424 ) ;
#2536 = LINE ( 'NONE', #681, #463 ) ;
#2537 = CARTESIAN_POINT ( 'NONE',  ( -0.4997000000000000330, -0.4497585786437628408, 0.1100000000000000144 ) ) ;
#2538 = ORIENTED_EDGE ( 'NONE', *, *, #2490, .F. ) ;
#2539 = EDGE_CURVE ( 'NONE', #2492, #1681, #4114, .T. ) ;
#2540 = ORIENTED_EDGE ( 'NONE', *, *, #3248, .T. ) ;
#2541 = VECTOR ( 'NONE', #705, 1000.000000000000000 ) ;
#2542 = DIRECTION ( 'NONE',  ( 0.0000000000000000000, -0.0000000000000000000, -1.000000000000000000 ) ) ;
#2543 = ORIENTED_EDGE ( 'NONE', *, *, #2977, .F. ) ;
#2544 = STYLED_ITEM ( 'NONE', ( #3706 ), #13 ) ;
#2545 = EDGE_CURVE ( 'NONE', #1959, #1299, #3128, .T. ) ;
#2546 = DIRECTION ( 'NONE',  ( 1.000000000000000000, 0.0000000000000000000, 0.0000000000000000000 ) ) ;
#2547 = EDGE_CURVE ( 'NONE', #1698, #441, #4229, .T. ) ;
#2548 = PRESENTATION_LAYER_ASSIGNMENT (  '', '', ( #64 ) ) ;
#2549 = CARTESIAN_POINT ( 'NONE',  ( -0.4988000000000001877, -0.1499999999999999944, 0.1050000000000000239 ) ) ;
#2550 = ORIENTED_EDGE ( 'NONE', *, *, #913, .F. ) ;
#2551 = LINE ( 'NONE', #3098, #3416 ) ;
#2552 = DIRECTION ( 'NONE',  ( -1.000000000000000000, 0.0000000000000000000, 0.0000000000000000000 ) ) ;
#2553 = VECTOR ( 'NONE', #4450, 1000.000000000000114 ) ;
#2554 = LINE ( 'NONE', #1466, #2101 ) ;
#2555 = CARTESIAN_POINT ( 'NONE',  ( -0.4497585786437626187, 0.4997000000000002551, 0.1250000000000000000 ) ) ;
#2556 = MECHANICAL_DESIGN_GEOMETRIC_PRESENTATION_REPRESENTATION (  '', ( #744 ), #3431 ) ;
#2557 = FILL_AREA_STYLE_COLOUR ( '', #355 ) ;
#2558 = ADVANCED_FACE ( 'NONE', ( #1252 ), #1425, .F. ) ;
#2559 = ORIENTED_EDGE ( 'NONE', *, *, #1896, .T. ) ;
#2560 = AXIS2_PLACEMENT_3D ( 'NONE', #584, #2467, #3591 ) ;
#2561 = FILL_AREA_STYLE ('',( #2390 ) ) ;
#2562 =( LENGTH_UNIT ( ) NAMED_UNIT ( * ) SI_UNIT ( .MILLI., .METRE. ) );
#2563 = ORIENTED_EDGE ( 'NONE', *, *, #4266, .T. ) ;
#2564 = COLOUR_RGB ( '',0.03921568627450980338, 0.4901960784313725283, 0.7098039215686274828 ) ;
#2565 = VECTOR ( 'NONE', #4202, 1000.000000000000000 ) ;
#2566 = DIRECTION ( 'NONE',  ( 0.0000000000000000000, 0.0000000000000000000, 1.000000000000000000 ) ) ;
#2567 = VECTOR ( 'NONE', #863, 1000.000000000000000 ) ;
#2568 = PRESENTATION_STYLE_ASSIGNMENT (( #3753 ) ) ;
#2569 = CARTESIAN_POINT ( 'NONE',  ( -0.1248000000000002163, -0.1248000000000002163, 0.1100000000000000006 ) ) ;
#2570 = ORIENTED_EDGE ( 'NONE', *, *, #1996, .F. ) ;
#2571 = DIRECTION ( 'NONE',  ( 1.000000000000000000, 0.0000000000000000000, -0.0000000000000000000 ) ) ;
#2572 = EDGE_CURVE ( 'NONE', #4231, #1930, #1191, .T. ) ;
#2573 = ORIENTED_EDGE ( 'NONE', *, *, #860, .F. ) ;
#2574 = ADVANCED_FACE ( 'NONE', ( #3494 ), #278, .F. ) ;
#2575 = DIRECTION ( 'NONE',  ( -0.2873478855663431086, -0.9578262852211520961, 0.0000000000000000000 ) ) ;
#2576 = CARTESIAN_POINT ( 'NONE',  ( -0.4999999999999998890, 0.5000000000000001110, 0.1250000000000000000 ) ) ;
#2577 = VECTOR ( 'NONE', #406, 1000.000000000000000 ) ;
#2578 = CARTESIAN_POINT ( 'NONE',  ( -0.4497585786437626187, -0.4997000000000002551, 0.1250000000000000000 ) ) ;
#2579 = LINE ( 'NONE', #622, #393 ) ;
#2580 = EDGE_CURVE ( 'NONE', #3737, #4414, #1859, .T. ) ;
#2581 = DIRECTION ( 'NONE',  ( 0.7071067811865474617, 0.7071067811865474617, 0.0000000000000000000 ) ) ;
#2582 = VERTEX_POINT ( 'NONE', #3579 ) ;
#2583 = STYLED_ITEM ( 'NONE', ( #3849 ), #4258 ) ;
#2584 = DIRECTION ( 'NONE',  ( 1.000000000000000000, 0.0000000000000000000, -0.0000000000000000000 ) ) ;
#2585 = DIRECTION ( 'NONE',  ( -0.0000000000000000000, -0.0000000000000000000, -1.000000000000000000 ) ) ;
#2586 = PLANE ( 'NONE',  #4470 ) ;
#2587 = PRESENTATION_STYLE_ASSIGNMENT (( #2968 ) ) ;
#2588 = SURFACE_SIDE_STYLE ('',( #1918 ) ) ;
#2589 = CARTESIAN_POINT ( 'NONE',  ( 0.1499999999999999667, -0.04999999999999999584, -0.1250000000000000000 ) ) ;
#2590 = MECHANICAL_DESIGN_GEOMETRIC_PRESENTATION_REPRESENTATION (  '', ( #1830 ), #2834 ) ;
#2591 = DIRECTION ( 'NONE',  ( 1.355252715606880789E-16, -1.000000000000000000, -0.0000000000000000000 ) ) ;
#2592 = FILL_AREA_STYLE_COLOUR ( '', #2432 ) ;
#2593 = DIRECTION ( 'NONE',  ( 0.0000000000000000000, 0.0000000000000000000, -1.000000000000000000 ) ) ;
#2594 = LINE ( 'NONE', #4296, #4551 ) ;
#2595 = FACE_OUTER_BOUND ( 'NONE', #326, .T. ) ;
#2596 = CARTESIAN_POINT ( 'NONE',  ( -0.4495999999999998331, 0.5000000000000002220, -0.1248999999999999971 ) ) ;
#2597 = DIRECTION ( 'NONE',  ( -0.0000000000000000000, -0.0000000000000000000, 1.000000000000000000 ) ) ;
#2598 = CARTESIAN_POINT ( 'NONE',  ( 0.1499999999999999667, -0.04999999999999999584, -0.1150000000000000050 ) ) ;
#2599 =( GEOMETRIC_REPRESENTATION_CONTEXT ( 3 ) GLOBAL_UNCERTAINTY_ASSIGNED_CONTEXT ( ( #31 ) ) GLOBAL_UNIT_ASSIGNED_CONTEXT ( ( #3447, #1971, #555 ) ) REPRESENTATION_CONTEXT ( 'NONE', 'WORKASPACE' ) );
#2600 = VECTOR ( 'NONE', #4411, 1000.000000000000114 ) ;
#2601 = SURFACE_STYLE_USAGE ( .BOTH. , #2962 ) ;
#2602 = LINE ( 'NONE', #823, #1378 ) ;
#2603 = VECTOR ( 'NONE', #3915, 1000.000000000000000 ) ;
#2604 = DIRECTION ( 'NONE',  ( -0.9578262852211520961, 0.2873478855663431086, 0.0000000000000000000 ) ) ;
#2605 =( LENGTH_UNIT ( ) NAMED_UNIT ( * ) SI_UNIT ( .MILLI., .METRE. ) );
#2606 = SURFACE_STYLE_USAGE ( .BOTH. , #3326 ) ;
#2607 = ORIENTED_EDGE ( 'NONE', *, *, #502, .T. ) ;
#2608 = CARTESIAN_POINT ( 'NONE',  ( 0.1000000000000001582, -0.1749999999999999334, -0.1250000000000000000 ) ) ;
#2609 = CARTESIAN_POINT ( 'NONE',  ( 0.1000000000000001582, 0.1749999999999999889, -0.1150000000000000050 ) ) ;
#2610 = ORIENTED_EDGE ( 'NONE', *, *, #4729, .T. ) ;
#2611 = EDGE_CURVE ( 'NONE', #1365, #2080, #543, .T. ) ;
#2612 = DIRECTION ( 'NONE',  ( -1.000000000000000000, -0.0000000000000000000, -0.0000000000000000000 ) ) ;
#2613 = VERTEX_POINT ( 'NONE', #1374 ) ;
#2614 = LINE ( 'NONE', #624, #1566 ) ;
#2615 = COLOUR_RGB ( '',0.3411764705882353033, 0.8392156862745098200, 0.4117647058823529216 ) ;
#2616 = UNCERTAINTY_MEASURE_WITH_UNIT (LENGTH_MEASURE( 1.000000000000000082E-05 ), #755, 'distance_accuracy_value', 'NONE');
#2617 =( NAMED_UNIT ( * ) PLANE_ANGLE_UNIT ( ) SI_UNIT ( $, .RADIAN. ) );
#2618 = EDGE_CURVE ( 'NONE', #1059, #3181, #2739, .T. ) ;
#2619 = EDGE_LOOP ( 'NONE', ( #1609, #1015, #4212, #3226 ) ) ;
#2620 = VECTOR ( 'NONE', #4542, 1000.000000000000000 ) ;
#2621 = VECTOR ( 'NONE', #3272, 1000.000000000000000 ) ;
#2622 = DIRECTION ( 'NONE',  ( 0.2873478855663431086, 0.9578262852211520961, 0.0000000000000000000 ) ) ;
#2623 = PRESENTATION_LAYER_ASSIGNMENT (  '', '', ( #1146 ) ) ;
#2624 =( LENGTH_UNIT ( ) NAMED_UNIT ( * ) SI_UNIT ( .MILLI., .METRE. ) );
#2625 = PLANE ( 'NONE',  #2161 ) ;
#2626 = FACE_OUTER_BOUND ( 'NONE', #1180, .T. ) ;
#2627 = PLANE ( 'NONE',  #2052 ) ;
#2628 = ORIENTED_EDGE ( 'NONE', *, *, #2489, .T. ) ;
#2629 = VECTOR ( 'NONE', #3088, 1000.000000000000000 ) ;
#2630 = SURFACE_SIDE_STYLE ('',( #1924 ) ) ;
#2631 = ADVANCED_FACE ( 'NONE', ( #2509 ), #2858, .F. ) ;
#2632 = SURFACE_STYLE_FILL_AREA ( #4076 ) ;
#2633 = ORIENTED_EDGE ( 'NONE', *, *, #4050, .T. ) ;
#2634 = LINE ( 'NONE', #2699, #2565 ) ;
#2635 = FACE_OUTER_BOUND ( 'NONE', #2756, .T. ) ;
#2636 = CARTESIAN_POINT ( 'NONE',  ( -0.4497999999999999776, -0.4998000000000002441, -0.06571067811865477504 ) ) ;
#2637 = SURFACE_STYLE_USAGE ( .BOTH. , #2677 ) ;
#2638 = ORIENTED_EDGE ( 'NONE', *, *, #4010, .F. ) ;
#2639 = COLOUR_RGB ( '',0.03921568627450980338, 0.4901960784313725283, 0.7098039215686274828 ) ;
#2640 =( NAMED_UNIT ( * ) PLANE_ANGLE_UNIT ( ) SI_UNIT ( $, .RADIAN. ) );
#2641 = CARTESIAN_POINT ( 'NONE',  ( 0.1248000000000002163, 0.4998000000000002441, 0.1250000000000000000 ) ) ;
#2642 = EDGE_CURVE ( 'NONE', #1389, #4349, #1008, .T. ) ;
#2643 = SURFACE_SIDE_STYLE ('',( #4038 ) ) ;
#2644 = ORIENTED_EDGE ( 'NONE', *, *, #4208, .F. ) ;
#2645 =( GEOMETRIC_REPRESENTATION_CONTEXT ( 3 ) GLOBAL_UNCERTAINTY_ASSIGNED_CONTEXT ( ( #4732 ) ) GLOBAL_UNIT_ASSIGNED_CONTEXT ( ( #2533, #3993, #3273 ) ) REPRESENTATION_CONTEXT ( 'NONE', 'WORKASPACE' ) );
#2646 = CARTESIAN_POINT ( 'NONE',  ( -0.1500000000000000222, -0.04999999999999999584, -0.1250000000000000000 ) ) ;
#2647 = FACE_OUTER_BOUND ( 'NONE', #117, .T. ) ;
#2648 = EDGE_CURVE ( 'NONE', #362, #2206, #257, .T. ) ;
#2649 = EDGE_CURVE ( 'NONE', #4637, #1820, #657, .T. ) ;
#2650 = AXIS2_PLACEMENT_3D ( 'NONE', #268, #992, #2124 ) ;
#2651 = VECTOR ( 'NONE', #1926, 1000.000000000000000 ) ;
#2652 = CARTESIAN_POINT ( 'NONE',  ( 0.1998000000000001997, -0.4498000000000001997, 0.1100000000000000006 ) ) ;
#2653 =( NAMED_UNIT ( * ) PLANE_ANGLE_UNIT ( ) SI_UNIT ( $, .RADIAN. ) );
#2654 = AXIS2_PLACEMENT_3D ( 'NONE', #12, #2948, #2966 ) ;
#2655 = CARTESIAN_POINT ( 'NONE',  ( 0.4988000000000001877, 0.1499999999999999944, 0.1050000000000000239 ) ) ;
#2656 =( LENGTH_UNIT ( ) NAMED_UNIT ( * ) SI_UNIT ( .MILLI., .METRE. ) );
#2657 = COLOUR_RGB ( '',0.6470588235294117974, 0.6196078431372549211, 0.5882352941176470784 ) ;
#2658 = MECHANICAL_DESIGN_GEOMETRIC_PRESENTATION_REPRESENTATION (  '', ( #523 ), #849 ) ;
#2659 = ORIENTED_EDGE ( 'NONE', *, *, #2649, .T. ) ;
#2660 = DIRECTION ( 'NONE',  ( 1.000000000000000000, -0.0000000000000000000, 0.0000000000000000000 ) ) ;
#2661 = ORIENTED_EDGE ( 'NONE', *, *, #4395, .T. ) ;
#2662 = VECTOR ( 'NONE', #1035, 1000.000000000000000 ) ;
#2663 = DIRECTION ( 'NONE',  ( 1.000000000000000000, 0.0000000000000000000, 0.0000000000000000000 ) ) ;
#2664 = ORIENTED_EDGE ( 'NONE', *, *, #3509, .T. ) ;
#2665 = VECTOR ( 'NONE', #3543, 1000.000000000000000 ) ;
#2666 = DIRECTION ( 'NONE',  ( 0.0000000000000000000, 0.0000000000000000000, 1.000000000000000000 ) ) ;
#2667 = ADVANCED_FACE ( 'NONE', ( #4401, #846, #1462, #1747 ), #3341, .T. ) ;
#2668 =( LENGTH_UNIT ( ) NAMED_UNIT ( * ) SI_UNIT ( .MILLI., .METRE. ) );
#2669 =( LENGTH_UNIT ( ) NAMED_UNIT ( * ) SI_UNIT ( .MILLI., .METRE. ) );
#2670 = SURFACE_SIDE_STYLE ('',( #4015 ) ) ;
#2671 = ORIENTED_EDGE ( 'NONE', *, *, #1591, .F. ) ;
#2672 = EDGE_CURVE ( 'NONE', #2492, #4099, #2902, .T. ) ;
#2673 = VECTOR ( 'NONE', #1767, 1000.000000000000000 ) ;
#2674 = UNCERTAINTY_MEASURE_WITH_UNIT (LENGTH_MEASURE( 1.000000000000000082E-05 ), #3797, 'distance_accuracy_value', 'NONE');
#2675 = MECHANICAL_DESIGN_GEOMETRIC_PRESENTATION_REPRESENTATION (  '', ( #4464 ), #4213 ) ;
#2676 = ORIENTED_EDGE ( 'NONE', *, *, #2611, .F. ) ;
#2677 = SURFACE_SIDE_STYLE ('',( #499 ) ) ;
#2678 = ADVANCED_FACE ( 'NONE', ( #1577, #3427 ), #3422, .T. ) ;
#2679 = EDGE_LOOP ( 'NONE', ( #4531, #3820, #1677, #1710 ) ) ;
#2680 = VERTEX_POINT ( 'NONE', #4022 ) ;
#2681 = ORIENTED_EDGE ( 'NONE', *, *, #2187, .T. ) ;
#2682 = PRESENTATION_LAYER_ASSIGNMENT (  '', '', ( #3995 ) ) ;
#2683 = DIRECTION ( 'NONE',  ( -0.0000000000000000000, -0.0000000000000000000, 1.000000000000000000 ) ) ;
#2684 = DIRECTION ( 'NONE',  ( 1.000000000000000000, 0.0000000000000000000, -0.0000000000000000000 ) ) ;
#2685 = FILL_AREA_STYLE ('',( #2749 ) ) ;
#2686 = CARTESIAN_POINT ( 'NONE',  ( 0.1499999999999999667, 0.05000000000000000971, -0.1150000000000000050 ) ) ;
#2687 = LINE ( 'NONE', #3654, #325 ) ;
#2688 = ORIENTED_EDGE ( 'NONE', *, *, #4139, .F. ) ;
#2689 = ORIENTED_EDGE ( 'NONE', *, *, #1984, .F. ) ;
#2690 =( LENGTH_UNIT ( ) NAMED_UNIT ( * ) SI_UNIT ( .MILLI., .METRE. ) );
#2691 = VECTOR ( 'NONE', #59, 1000.000000000000000 ) ;
#2692 = LINE ( 'NONE', #3701, #735 ) ;
#2693 = VECTOR ( 'NONE', #4304, 1000.000000000000000 ) ;
#2694 = CARTESIAN_POINT ( 'NONE',  ( 0.3098300000000002163, 0.4997000000000002551, 0.1100000000000000006 ) ) ;
#2695 = ADVANCED_FACE ( 'NONE', ( #2449 ), #1567, .F. ) ;
#2696 = DIRECTION ( 'NONE',  ( 1.000000000000000000, 0.0000000000000000000, 0.0000000000000000000 ) ) ;
#2697 = VECTOR ( 'NONE', #2081, 1000.000000000000000 ) ;
#2698 =( NAMED_UNIT ( * ) PLANE_ANGLE_UNIT ( ) SI_UNIT ( $, .RADIAN. ) );
#2699 = CARTESIAN_POINT ( 'NONE',  ( -0.4998000000000002441, 0.1499999999999999944, 0.1050000000000000239 ) ) ;
#2700 = EDGE_CURVE ( 'NONE', #3181, #3489, #2789, .T. ) ;
#2701 = SURFACE_SIDE_STYLE ('',( #1273 ) ) ;
#2702 = DIRECTION ( 'NONE',  ( 1.355252715606880789E-16, -1.000000000000000000, -0.0000000000000000000 ) ) ;
#2703 = EDGE_CURVE ( 'NONE', #3409, #1509, #535, .T. ) ;
#2704 = PRESENTATION_STYLE_ASSIGNMENT (( #2801 ) ) ;
#2705 = DIRECTION ( 'NONE',  ( -1.000000000000000000, 0.0000000000000000000, 0.0000000000000000000 ) ) ;
#2706 = AXIS2_PLACEMENT_3D ( 'NONE', #1818, #4426, #3698 ) ;
#2707 =( GEOMETRIC_REPRESENTATION_CONTEXT ( 3 ) GLOBAL_UNCERTAINTY_ASSIGNED_CONTEXT ( ( #1803 ) ) GLOBAL_UNIT_ASSIGNED_CONTEXT ( ( #4300, #4660, #2821 ) ) REPRESENTATION_CONTEXT ( 'NONE', 'WORKASPACE' ) );
#2708 = CARTESIAN_POINT ( 'NONE',  ( 0.4988000000000001877, 0.1499999999999999944, 0.005000000000000013115 ) ) ;
#2709 = VECTOR ( 'NONE', #1428, 1000.000000000000000 ) ;
#2710 = PRESENTATION_LAYER_ASSIGNMENT (  '', '', ( #4025 ) ) ;
#2711 = VECTOR ( 'NONE', #2716, 1000.000000000000000 ) ;
#2712 = FILL_AREA_STYLE_COLOUR ( '', #3270 ) ;
#2713 = MECHANICAL_DESIGN_GEOMETRIC_PRESENTATION_REPRESENTATION (  '', ( #3965 ), #4715 ) ;
#2714 = DIRECTION ( 'NONE',  ( 0.0000000000000000000, -1.000000000000000000, 0.0000000000000000000 ) ) ;
#2715 = EDGE_LOOP ( 'NONE', ( #527, #2110, #605, #2387 ) ) ;
#2716 = DIRECTION ( 'NONE',  ( -0.0000000000000000000, -1.000000000000000000, -0.0000000000000000000 ) ) ;
#2717 = SURFACE_STYLE_USAGE ( .BOTH. , #2670 ) ;
#2718 = VERTEX_POINT ( 'NONE', #569 ) ;
#2719 = DIRECTION ( 'NONE',  ( 0.7071067811865490160, 0.7071067811865460184, 0.0000000000000000000 ) ) ;
#2720 = EDGE_LOOP ( 'NONE', ( #267, #2049, #3855, #1776 ) ) ;
#2721 = FACE_OUTER_BOUND ( 'NONE', #709, .T. ) ;
#2722 =( NAMED_UNIT ( * ) SI_UNIT ( $, .STERADIAN. ) SOLID_ANGLE_UNIT ( ) );
#2723 = DIRECTION ( 'NONE',  ( 0.0000000000000000000, 0.0000000000000000000, -1.000000000000000000 ) ) ;
#2724 = ORIENTED_EDGE ( 'NONE', *, *, #4126, .F. ) ;
#2725 = EDGE_CURVE ( 'NONE', #2718, #3607, #3876, .T. ) ;
#2726 =( NAMED_UNIT ( * ) PLANE_ANGLE_UNIT ( ) SI_UNIT ( $, .RADIAN. ) );
#2727 = CARTESIAN_POINT ( 'NONE',  ( 0.5000000000000001110, 0.4496000000000004437, -0.1248999999999999971 ) ) ;
#2728 = CARTESIAN_POINT ( 'NONE',  ( -0.4998999999999999555, 0.4999000000000001775, 0.005000000000000013115 ) ) ;
#2729 = DIRECTION ( 'NONE',  ( 2.710505431213762071E-16, -1.000000000000000000, 0.0000000000000000000 ) ) ;
#2730 = VERTEX_POINT ( 'NONE', #3213 ) ;
#2731 = ORIENTED_EDGE ( 'NONE', *, *, #4489, .F. ) ;
#2732 =( GEOMETRIC_REPRESENTATION_CONTEXT ( 3 ) GLOBAL_UNCERTAINTY_ASSIGNED_CONTEXT ( ( #3750 ) ) GLOBAL_UNIT_ASSIGNED_CONTEXT ( ( #2624, #2311, #772 ) ) REPRESENTATION_CONTEXT ( 'NONE', 'WORKASPACE' ) );
#2733 = DIRECTION ( 'NONE',  ( -0.0000000000000000000, -0.0000000000000000000, 1.000000000000000000 ) ) ;
#2734 = CARTESIAN_POINT ( 'NONE',  ( 0.1248000000000002163, -0.1248000000000002163, 0.1100000000000000006 ) ) ;
#2735 = EDGE_CURVE ( 'NONE', #1855, #2139, #135, .T. ) ;
#2736 = PRESENTATION_STYLE_ASSIGNMENT (( #1272 ) ) ;
#2737 = EDGE_CURVE ( 'NONE', #3982, #805, #3417, .T. ) ;
#2738 = EDGE_LOOP ( 'NONE', ( #2281, #1589, #2543, #384 ) ) ;
#2739 = LINE ( 'NONE', #1770, #1751 ) ;
#2740 = UNCERTAINTY_MEASURE_WITH_UNIT (LENGTH_MEASURE( 1.000000000000000082E-05 ), #537, 'distance_accuracy_value', 'NONE');
#2741 = STYLED_ITEM ( 'NONE', ( #3455 ), #3963 ) ;
#2742 = VECTOR ( 'NONE', #838, 1000.000000000000000 ) ;
#2743 = DIRECTION ( 'NONE',  ( -1.000000000000000000, 0.0000000000000000000, 0.0000000000000000000 ) ) ;
#2744 = ORIENTED_EDGE ( 'NONE', *, *, #18, .T. ) ;
#2745 = LINE ( 'NONE', #4509, #3034 ) ;
#2746 = AXIS2_PLACEMENT_3D ( 'NONE', #3290, #1799, #352 ) ;
#2747 = CARTESIAN_POINT ( 'NONE',  ( -0.1500000000000000222, 0.05000000000000000971, -0.1150000000000000050 ) ) ;
#2748 = ORIENTED_EDGE ( 'NONE', *, *, #2157, .T. ) ;
#2749 = FILL_AREA_STYLE_COLOUR ( '', #741 ) ;
#2750 = LINE ( 'NONE', #1011, #3445 ) ;
#2751 = DIRECTION ( 'NONE',  ( -0.0000000000000000000, -1.000000000000000000, 0.0000000000000000000 ) ) ;
#2752 = ADVANCED_FACE ( 'NONE', ( #2398 ), #4340, .F. ) ;
#2753 = DIRECTION ( 'NONE',  ( 1.000000000000000000, 0.0000000000000000000, -0.0000000000000000000 ) ) ;
#2754 =( GEOMETRIC_REPRESENTATION_CONTEXT ( 3 ) GLOBAL_UNCERTAINTY_ASSIGNED_CONTEXT ( ( #3694 ) ) GLOBAL_UNIT_ASSIGNED_CONTEXT ( ( #3933, #4315, #1675 ) ) REPRESENTATION_CONTEXT ( 'NONE', 'WORKASPACE' ) );
#2755 = CARTESIAN_POINT ( 'NONE',  ( 0.4998000000000000220, -0.4498000000000001997, 0.1100000000000000144 ) ) ;
#2756 = EDGE_LOOP ( 'NONE', ( #377, #3563, #4029, #1249 ) ) ;
#2757 = ADVANCED_FACE ( 'NONE', ( #2341 ), #2532, .F. ) ;
#2758 = DIRECTION ( 'NONE',  ( 0.0000000000000000000, 0.0000000000000000000, -1.000000000000000000 ) ) ;
#2759 = LINE ( 'NONE', #2031, #559 ) ;
#2760 = CARTESIAN_POINT ( 'NONE',  ( 0.5000000000000001110, -0.4999999999999998890, -0.02499999999999998404 ) ) ;
#2761 = SURFACE_STYLE_USAGE ( .BOTH. , #162 ) ;
#2762 = EDGE_CURVE ( 'NONE', #3398, #1166, #4344, .T. ) ;
#2763 = CARTESIAN_POINT ( 'NONE',  ( 0.4497999999999999776, 0.4998000000000002441, 0.1100000000000000144 ) ) ;
#2764 = PRESENTATION_STYLE_ASSIGNMENT (( #4455 ) ) ;
#2765 = SURFACE_STYLE_USAGE ( .BOTH. , #3854 ) ;
#2766 = CARTESIAN_POINT ( 'NONE',  ( 0.1248000000000001608, 0.4998000000000002441, 0.1100000000000000006 ) ) ;
#2767 = PRESENTATION_LAYER_ASSIGNMENT (  '', '', ( #952 ) ) ;
#2768 = PLANE ( 'NONE',  #4719 ) ;
#2769 = ORIENTED_EDGE ( 'NONE', *, *, #1267, .F. ) ;
#2770 = STYLED_ITEM ( 'NONE', ( #1866 ), #2418 ) ;
#2771 = LINE ( 'NONE', #3330, #1721 ) ;
#2772 = VERTEX_POINT ( 'NONE', #4420 ) ;
#2773 = CARTESIAN_POINT ( 'NONE',  ( -0.4999999999999998890, -0.4999999999999998890, 0.1250000000000000000 ) ) ;
#2774 = VERTEX_POINT ( 'NONE', #1094 ) ;
#2775 = CARTESIAN_POINT ( 'NONE',  ( -0.1500000000000000222, -0.04999999999999999584, -0.1150000000000000050 ) ) ;
#2776 = DIRECTION ( 'NONE',  ( -0.0000000000000000000, 1.000000000000000000, -0.0000000000000000000 ) ) ;
#2777 = LINE ( 'NONE', #2450, #2603 ) ;
#2778 = DIRECTION ( 'NONE',  ( 1.000000000000000000, -0.0000000000000000000, -0.0000000000000000000 ) ) ;
#2779 = CARTESIAN_POINT ( 'NONE',  ( 0.4988000000000001877, -0.1499999999999999944, 0.005000000000000013115 ) ) ;
#2780 = ORIENTED_EDGE ( 'NONE', *, *, #513, .F. ) ;
#2781 = VECTOR ( 'NONE', #1741, 1000.000000000000000 ) ;
#2782 = COLOUR_RGB ( '',1.000000000000000000, 1.000000000000000000, 1.000000000000000000 ) ;
#2783 = PRESENTATION_STYLE_ASSIGNMENT (( #4180 ) ) ;
#2784 = PLANE ( 'NONE',  #1932 ) ;
#2785 = ORIENTED_EDGE ( 'NONE', *, *, #4618, .F. ) ;
#2786 =( NAMED_UNIT ( * ) PLANE_ANGLE_UNIT ( ) SI_UNIT ( $, .RADIAN. ) );
#2787 = ORIENTED_EDGE ( 'NONE', *, *, #4652, .F. ) ;
#2788 = LINE ( 'NONE', #3068, #1236 ) ;
#2789 = LINE ( 'NONE', #299, #950 ) ;
#2790 = CARTESIAN_POINT ( 'NONE',  ( -0.4998999999999999555, 0.4999000000000001775, -0.02499999999999998404 ) ) ;
#2791 = CARTESIAN_POINT ( 'NONE',  ( 0.1248000000000002163, 0.1248000000000002163, 0.1100000000000000006 ) ) ;
#2792 = ORIENTED_EDGE ( 'NONE', *, *, #3740, .T. ) ;
#2793 = LINE ( 'NONE', #1246, #2448 ) ;
#2794 = EDGE_CURVE ( 'NONE', #181, #3885, #3241, .T. ) ;
#2795 = DIRECTION ( 'NONE',  ( -0.0000000000000000000, -0.0000000000000000000, 1.000000000000000000 ) ) ;
#2796 = VERTEX_POINT ( 'NONE', #3271 ) ;
#2797 = LINE ( 'NONE', #1547, #4466 ) ;
#2798 = MECHANICAL_DESIGN_GEOMETRIC_PRESENTATION_REPRESENTATION (  '', ( #3218 ), #3279 ) ;
#2799 = ORIENTED_EDGE ( 'NONE', *, *, #3007, .F. ) ;
#2800 = COLOUR_RGB ( '',0.03921568627450980338, 0.4901960784313725283, 0.7098039215686274828 ) ;
#2801 = SURFACE_STYLE_USAGE ( .BOTH. , #2433 ) ;
#2802 = PRESENTATION_STYLE_ASSIGNMENT (( #940 ) ) ;
#2803 = EDGE_CURVE ( 'NONE', #2864, #1930, #1185, .T. ) ;
#2804 = COLOUR_RGB ( '',0.6470588235294117974, 0.6196078431372549211, 0.5882352941176470784 ) ;
#2805 = EDGE_LOOP ( 'NONE', ( #1250, #1800, #253, #4445 ) ) ;
#2806 = DIRECTION ( 'NONE',  ( -0.0000000000000000000, -0.0000000000000000000, 1.000000000000000000 ) ) ;
#2807 = EDGE_CURVE ( 'NONE', #248, #4311, #595, .T. ) ;
#2808 = STYLED_ITEM ( 'NONE', ( #386 ), #4465 ) ;
#2809 = FACE_BOUND ( 'NONE', #1613, .T. ) ;
#2810 = PRESENTATION_LAYER_ASSIGNMENT (  '', '', ( #4129 ) ) ;
#2811 = DIRECTION ( 'NONE',  ( 0.0000000000000000000, 0.0000000000000000000, -1.000000000000000000 ) ) ;
#2812 =( LENGTH_UNIT ( ) NAMED_UNIT ( * ) SI_UNIT ( .MILLI., .METRE. ) );
#2813 = CARTESIAN_POINT ( 'NONE',  ( 0.4498000000000001997, -0.3248000000000001997, 0.1100000000000000006 ) ) ;
#2814 = CARTESIAN_POINT ( 'NONE',  ( 0.4497999999999999776, -0.4998000000000002441, 0.1100000000000000144 ) ) ;
#2815 = CARTESIAN_POINT ( 'NONE',  ( -0.4748000000000002774, -0.4747999999999998333, -0.1250000000000000000 ) ) ;
#2816 = ORIENTED_EDGE ( 'NONE', *, *, #1501, .T. ) ;
#2817 = ADVANCED_FACE ( 'NONE', ( #4282 ), #2999, .F. ) ;
#2818 = EDGE_CURVE ( 'NONE', #1164, #201, #1846, .T. ) ;
#2820 =( NAMED_UNIT ( * ) SI_UNIT ( $, .STERADIAN. ) SOLID_ANGLE_UNIT ( ) );
#2819 = VECTOR ( 'NONE', #76, 1000.000000000000000 ) ;
#2821 =( NAMED_UNIT ( * ) SI_UNIT ( $, .STERADIAN. ) SOLID_ANGLE_UNIT ( ) );
#2822 = FACE_OUTER_BOUND ( 'NONE', #3784, .T. ) ;
#2823 =( NAMED_UNIT ( * ) PLANE_ANGLE_UNIT ( ) SI_UNIT ( $, .RADIAN. ) );
#2824 = SURFACE_SIDE_STYLE ('',( #4764 ) ) ;
#2825 = UNCERTAINTY_MEASURE_WITH_UNIT (LENGTH_MEASURE( 1.000000000000000082E-05 ), #1630, 'distance_accuracy_value', 'NONE');
#2826 = EDGE_CURVE ( 'NONE', #1698, #612, #2499, .T. ) ;
#2827 = CARTESIAN_POINT ( 'NONE',  ( -0.3248000000000000886, 0.4498000000000001997, 0.1100000000000000006 ) ) ;
#2828 = LINE ( 'NONE', #2578, #2600 ) ;
#2829 =( NAMED_UNIT ( * ) SI_UNIT ( $, .STERADIAN. ) SOLID_ANGLE_UNIT ( ) );
#2830 = PRESENTATION_LAYER_ASSIGNMENT (  '', '', ( #2583 ) ) ;
#2831 = CARTESIAN_POINT ( 'NONE',  ( -0.1998000000000001997, -0.4498000000000001997, 0.1100000000000000006 ) ) ;
#2832 = EDGE_LOOP ( 'NONE', ( #4515, #880, #1362, #3138 ) ) ;
#2833 = VECTOR ( 'NONE', #2211, 1000.000000000000000 ) ;
#2834 =( GEOMETRIC_REPRESENTATION_CONTEXT ( 3 ) GLOBAL_UNCERTAINTY_ASSIGNED_CONTEXT ( ( #3622 ) ) GLOBAL_UNIT_ASSIGNED_CONTEXT ( ( #4107, #841, #3771 ) ) REPRESENTATION_CONTEXT ( 'NONE', 'WORKASPACE' ) );
#2835 = VERTEX_POINT ( 'NONE', #1158 ) ;
#2836 = SURFACE_STYLE_USAGE ( .BOTH. , #246 ) ;
#2837 = ADVANCED_FACE ( 'NONE', ( #3357 ), #3373, .F. ) ;
#2838 = ORIENTED_EDGE ( 'NONE', *, *, #4707, .F. ) ;
#2839 = PRESENTATION_LAYER_ASSIGNMENT (  '', '', ( #4381 ) ) ;
#2840 = FILL_AREA_STYLE ('',( #3653 ) ) ;
#2841 = FILL_AREA_STYLE_COLOUR ( '', #3969 ) ;
#2842 = ORIENTED_EDGE ( 'NONE', *, *, #3533, .F. ) ;
#2843 = DIRECTION ( 'NONE',  ( 0.0000000000000000000, -1.000000000000000000, 0.0000000000000000000 ) ) ;
#2844 = ORIENTED_EDGE ( 'NONE', *, *, #2255, .T. ) ;
#2845 = COLOUR_RGB ( '',1.000000000000000000, 1.000000000000000000, 1.000000000000000000 ) ;
#2846 = ORIENTED_EDGE ( 'NONE', *, *, #3759, .F. ) ;
#2847 = ORIENTED_EDGE ( 'NONE', *, *, #3486, .T. ) ;
#2848 = EDGE_CURVE ( 'NONE', #3729, #2914, #1784, .T. ) ;
#2849 = LINE ( 'NONE', #3035, #2041 ) ;
#2850 = ORIENTED_EDGE ( 'NONE', *, *, #1012, .T. ) ;
#2851 = ORIENTED_EDGE ( 'NONE', *, *, #1167, .F. ) ;
#2852 = LINE ( 'NONE', #3454, #1869 ) ;
#2853 = AXIS2_PLACEMENT_3D ( 'NONE', #2512, #1045, #335 ) ;
#2854 = ORIENTED_EDGE ( 'NONE', *, *, #3444, .F. ) ;
#2855 = ADVANCED_FACE ( 'NONE', ( #708 ), #4168, .F. ) ;
#2856 = PLANE ( 'NONE',  #892 ) ;
#2857 = DIRECTION ( 'NONE',  ( -0.0000000000000000000, -1.000000000000000000, -0.0000000000000000000 ) ) ;
#2858 = PLANE ( 'NONE',  #216 ) ;
#2859 = LINE ( 'NONE', #3254, #2693 ) ;
#2860 = ADVANCED_FACE ( 'NONE', ( #1177 ), #3476, .T. ) ;
#2861 = CARTESIAN_POINT ( 'NONE',  ( 0.3098300000000002163, 0.4997000000000002551, 0.1250000000000000000 ) ) ;
#2862 = AXIS2_PLACEMENT_3D ( 'NONE', #1208, #2660, #1156 ) ;
#2863 = FILL_AREA_STYLE_COLOUR ( '', #1434 ) ;
#2864 = VERTEX_POINT ( 'NONE', #856 ) ;
#2865 = SURFACE_STYLE_USAGE ( .BOTH. , #2491 ) ;
#2866 = FACE_OUTER_BOUND ( 'NONE', #1194, .T. ) ;
#2867 = DIRECTION ( 'NONE',  ( -1.000000000000000000, 0.0000000000000000000, 0.0000000000000000000 ) ) ;
#2868 = VECTOR ( 'NONE', #1540, 1000.000000000000000 ) ;
#2869 = FILL_AREA_STYLE ('',( #1711 ) ) ;
#2870 = UNCERTAINTY_MEASURE_WITH_UNIT (LENGTH_MEASURE( 1.000000000000000082E-05 ), #4364, 'distance_accuracy_value', 'NONE');
#2871 = FILL_AREA_STYLE ('',( #689 ) ) ;
#2872 = DIRECTION ( 'NONE',  ( -0.0000000000000000000, -0.0000000000000000000, 1.000000000000000000 ) ) ;
#2873 = EDGE_CURVE ( 'NONE', #521, #3398, #419, .T. ) ;
#2874 = UNCERTAINTY_MEASURE_WITH_UNIT (LENGTH_MEASURE( 1.000000000000000082E-05 ), #4654, 'distance_accuracy_value', 'NONE');
#2875 = VERTEX_POINT ( 'NONE', #2727 ) ;
#2876 = PRESENTATION_LAYER_ASSIGNMENT (  '', '', ( #4704 ) ) ;
#2877 = DIRECTION ( 'NONE',  ( -0.0000000000000000000, -0.0000000000000000000, 1.000000000000000000 ) ) ;
#2878 = ORIENTED_EDGE ( 'NONE', *, *, #1740, .T. ) ;
#2879 = PRESENTATION_STYLE_ASSIGNMENT (( #918 ) ) ;
#2880 = EDGE_CURVE ( 'NONE', #3031, #1257, #1393, .T. ) ;
#2881 = ORIENTED_EDGE ( 'NONE', *, *, #4527, .F. ) ;
#2882 =( LENGTH_UNIT ( ) NAMED_UNIT ( * ) SI_UNIT ( .MILLI., .METRE. ) );
#2883 = DIRECTION ( 'NONE',  ( 0.0000000000000000000, 1.000000000000000000, 0.0000000000000000000 ) ) ;
#2884 = EDGE_CURVE ( 'NONE', #134, #1914, #3237, .T. ) ;
#2885 = ORIENTED_EDGE ( 'NONE', *, *, #2373, .T. ) ;
#2886 = LINE ( 'NONE', #2114, #2181 ) ;
#2887 = ORIENTED_EDGE ( 'NONE', *, *, #3846, .T. ) ;
#2888 =( LENGTH_UNIT ( ) NAMED_UNIT ( * ) SI_UNIT ( .MILLI., .METRE. ) );
#2889 = SURFACE_STYLE_USAGE ( .BOTH. , #4760 ) ;
#2890 =( LENGTH_UNIT ( ) NAMED_UNIT ( * ) SI_UNIT ( .MILLI., .METRE. ) );
#2891 = DIRECTION ( 'NONE',  ( -0.0000000000000000000, -0.0000000000000000000, -1.000000000000000000 ) ) ;
#2892 = ORIENTED_EDGE ( 'NONE', *, *, #3603, .F. ) ;
#2893 = SURFACE_STYLE_FILL_AREA ( #121 ) ;
#2894 = AXIS2_PLACEMENT_3D ( 'NONE', #466, #865, #3081 ) ;
#2895 = ORIENTED_EDGE ( 'NONE', *, *, #2380, .F. ) ;
#2896 = EDGE_LOOP ( 'NONE', ( #1934, #3265, #538, #259, #37 ) ) ;
#2897 = FILL_AREA_STYLE_COLOUR ( '', #136 ) ;
#2898 = DIRECTION ( 'NONE',  ( -0.0000000000000000000, -1.000000000000000000, -0.0000000000000000000 ) ) ;
#2899 = AXIS2_PLACEMENT_3D ( 'NONE', #3515, #2039, #1309 ) ;
#2900 = VERTEX_POINT ( 'NONE', #3772 ) ;
#2901 = ORIENTED_EDGE ( 'NONE', *, *, #4171, .F. ) ;
#2902 = LINE ( 'NONE', #1095, #4049 ) ;
#2903 = DIRECTION ( 'NONE',  ( -1.000000000000000000, -0.0000000000000000000, -0.0000000000000000000 ) ) ;
#2904 = DIRECTION ( 'NONE',  ( 0.0000000000000000000, 0.0000000000000000000, -1.000000000000000000 ) ) ;
#2905 = ORIENTED_EDGE ( 'NONE', *, *, #4669, .F. ) ;
#2906 = VECTOR ( 'NONE', #2309, 1000.000000000000000 ) ;
#2907 = CARTESIAN_POINT ( 'NONE',  ( 0.0000000000000000000, 0.0000000000000000000, -0.1248999999999999971 ) ) ;
#2908 = ADVANCED_FACE ( 'NONE', ( #27 ), #2627, .T. ) ;
#2909 = ORIENTED_EDGE ( 'NONE', *, *, #2762, .F. ) ;
#2910 = CARTESIAN_POINT ( 'NONE',  ( -0.4495999999999999996, 0.5000000000000001110, -0.1250000000000000000 ) ) ;
#2911 = DIRECTION ( 'NONE',  ( -0.0000000000000000000, -0.0000000000000000000, 1.000000000000000000 ) ) ;
#2912 = PLANE ( 'NONE',  #2706 ) ;
#2913 = VECTOR ( 'NONE', #895, 1000.000000000000000 ) ;
#2914 = VERTEX_POINT ( 'NONE', #1568 ) ;
#2915 = EDGE_CURVE ( 'NONE', #2184, #480, #192, .T. ) ;
#2916 = DIRECTION ( 'NONE',  ( 0.7071067811865474617, 0.7071067811865474617, -0.0000000000000000000 ) ) ;
#2917 = DIRECTION ( 'NONE',  ( 2.710505431213761085E-16, 1.000000000000000000, -0.0000000000000000000 ) ) ;
#2918 = PRESENTATION_LAYER_ASSIGNMENT (  '', '', ( #3390 ) ) ;
#2919 = ADVANCED_FACE ( 'NONE', ( #2393 ), #4223, .F. ) ;
#2920 = VECTOR ( 'NONE', #204, 1000.000000000000000 ) ;
#2921 = CARTESIAN_POINT ( 'NONE',  ( -0.1500000000000000222, -0.04999999999999999584, -0.1150000000000000050 ) ) ;
#2923 = DIRECTION ( 'NONE',  ( 1.000000000000000000, 0.0000000000000000000, -0.0000000000000000000 ) ) ;
#2922 = FACE_OUTER_BOUND ( 'NONE', #4616, .T. ) ;
#2924 =( NAMED_UNIT ( * ) PLANE_ANGLE_UNIT ( ) SI_UNIT ( $, .RADIAN. ) );
#2925 = CARTESIAN_POINT ( 'NONE',  ( 0.4988000000000001877, -0.1499999999999999944, 0.1050000000000000239 ) ) ;
#2926 = VECTOR ( 'NONE', #3392, 1000.000000000000000 ) ;
#2927 = CARTESIAN_POINT ( 'NONE',  ( 0.1248000000000001608, -0.4998000000000002441, 0.1100000000000000006 ) ) ;
#2928 =( GEOMETRIC_REPRESENTATION_CONTEXT ( 3 ) GLOBAL_UNCERTAINTY_ASSIGNED_CONTEXT ( ( #3092 ) ) GLOBAL_UNIT_ASSIGNED_CONTEXT ( ( #908, #1977, #4560 ) ) REPRESENTATION_CONTEXT ( 'NONE', 'WORKASPACE' ) );
#2929 = DIRECTION ( 'NONE',  ( 0.0000000000000000000, -1.000000000000000000, 0.0000000000000000000 ) ) ;
#2930 = FILL_AREA_STYLE ('',( #361 ) ) ;
#2931 =( LENGTH_UNIT ( ) NAMED_UNIT ( * ) SI_UNIT ( .MILLI., .METRE. ) );
#2932 =( NAMED_UNIT ( * ) PLANE_ANGLE_UNIT ( ) SI_UNIT ( $, .RADIAN. ) );
#2933 = DIRECTION ( 'NONE',  ( 1.000000000000000000, 0.0000000000000000000, 0.0000000000000000000 ) ) ;
#2934 = DIRECTION ( 'NONE',  ( 0.0000000000000000000, -1.000000000000000000, 0.0000000000000000000 ) ) ;
#2935 = FACE_OUTER_BOUND ( 'NONE', #4523, .T. ) ;
#2936 = CARTESIAN_POINT ( 'NONE',  ( -0.1248000000000002163, 0.1248000000000002163, 0.1100000000000000006 ) ) ;
#2937 = UNCERTAINTY_MEASURE_WITH_UNIT (LENGTH_MEASURE( 1.000000000000000082E-05 ), #2082, 'distance_accuracy_value', 'NONE');
#2938 = ORIENTED_EDGE ( 'NONE', *, *, #4010, .T. ) ;
#2939 = EDGE_CURVE ( 'NONE', #760, #480, #2053, .T. ) ;
#2940 =( NAMED_UNIT ( * ) PLANE_ANGLE_UNIT ( ) SI_UNIT ( $, .RADIAN. ) );
#2941 = VERTEX_POINT ( 'NONE', #3917 ) ;
#2942 = LINE ( 'NONE', #3243, #1445 ) ;
#2943 = AXIS2_PLACEMENT_3D ( 'NONE', #2925, #2252, #3277 ) ;
#2944 = CARTESIAN_POINT ( 'NONE',  ( 0.1499999999999999667, -0.04999999999999999584, -0.1250000000000000000 ) ) ;
#2945 = ORIENTED_EDGE ( 'NONE', *, *, #2737, .T. ) ;
#2946 = STYLED_ITEM ( 'NONE', ( #4024 ), #229 ) ;
#2947 = DIRECTION ( 'NONE',  ( 0.0000000000000000000, -1.000000000000000000, 0.0000000000000000000 ) ) ;
#2948 = DIRECTION ( 'NONE',  ( -0.7071067811865475727, -0.7071067811865475727, 0.0000000000000000000 ) ) ;
#2949 =( GEOMETRIC_REPRESENTATION_CONTEXT ( 3 ) GLOBAL_UNCERTAINTY_ASSIGNED_CONTEXT ( ( #109 ) ) GLOBAL_UNIT_ASSIGNED_CONTEXT ( ( #4263, #3916, #2471 ) ) REPRESENTATION_CONTEXT ( 'NONE', 'WORKASPACE' ) );
#2950 = VERTEX_POINT ( 'NONE', #2456 ) ;
#2951 = SURFACE_STYLE_FILL_AREA ( #3819 ) ;
#2952 = ORIENTED_EDGE ( 'NONE', *, *, #670, .T. ) ;
#2953 = DIRECTION ( 'NONE',  ( 0.7071067811865474617, -0.7071067811865474617, 0.0000000000000000000 ) ) ;
#2954 = ORIENTED_EDGE ( 'NONE', *, *, #1669, .T. ) ;
#2955 = ORIENTED_EDGE ( 'NONE', *, *, #1579, .F. ) ;
#2956 =( GEOMETRIC_REPRESENTATION_CONTEXT ( 3 ) GLOBAL_UNCERTAINTY_ASSIGNED_CONTEXT ( ( #3600 ) ) GLOBAL_UNIT_ASSIGNED_CONTEXT ( ( #158, #2726, #3094 ) ) REPRESENTATION_CONTEXT ( 'NONE', 'WORKASPACE' ) );
#2957 = CARTESIAN_POINT ( 'NONE',  ( -0.4999999999999998890, -0.4999999999999998890, -0.1248999999999999971 ) ) ;
#2958 = ORIENTED_EDGE ( 'NONE', *, *, #4112, .F. ) ;
#2959 = VERTEX_POINT ( 'NONE', #3630 ) ;
#2961 = SURFACE_STYLE_FILL_AREA ( #3595 ) ;
#2960 = UNCERTAINTY_MEASURE_WITH_UNIT (LENGTH_MEASURE( 1.000000000000000082E-05 ), #55, 'distance_accuracy_value', 'NONE');
#2962 = SURFACE_SIDE_STYLE ('',( #3949 ) ) ;
#2963 = ADVANCED_FACE ( 'NONE', ( #2809, #1937 ), #3966, .T. ) ;
#2964 = PRESENTATION_STYLE_ASSIGNMENT (( #4468 ) ) ;
#2965 = ORIENTED_EDGE ( 'NONE', *, *, #1529, .F. ) ;
#2966 = DIRECTION ( 'NONE',  ( 0.7071067811865474617, -0.7071067811865474617, 0.0000000000000000000 ) ) ;
#2967 = SURFACE_STYLE_USAGE ( .BOTH. , #2324 ) ;
#2968 = SURFACE_STYLE_USAGE ( .BOTH. , #1127 ) ;
#2969 = LINE ( 'NONE', #133, #2119 ) ;
#2970 = EDGE_CURVE ( 'NONE', #1681, #547, #1701, .T. ) ;
#2971 = CARTESIAN_POINT ( 'NONE',  ( 0.1998000000000001997, -0.1998000000000001997, 0.1100000000000000006 ) ) ;
#2972 = DIRECTION ( 'NONE',  ( 1.549318638402482068E-15, 1.000000000000000000, -0.0000000000000000000 ) ) ;
#2973 = LINE ( 'NONE', #828, #1261 ) ;
#2974 = CARTESIAN_POINT ( 'NONE',  ( 0.5000000000000001110, -0.4999999999999998890, 0.1250000000000000000 ) ) ;
#2975 = SURFACE_SIDE_STYLE ('',( #1429 ) ) ;
#2976 =( GEOMETRIC_REPRESENTATION_CONTEXT ( 3 ) GLOBAL_UNCERTAINTY_ASSIGNED_CONTEXT ( ( #1395 ) ) GLOBAL_UNIT_ASSIGNED_CONTEXT ( ( #2003, #2364, #3461 ) ) REPRESENTATION_CONTEXT ( 'NONE', 'WORKASPACE' ) );
#2977 = EDGE_CURVE ( 'NONE', #1013, #4216, #2692, .T. ) ;
#2978 = EDGE_CURVE ( 'NONE', #773, #2038, #907, .T. ) ;
#2979 = VECTOR ( 'NONE', #601, 1000.000000000000000 ) ;
#2980 = SURFACE_STYLE_USAGE ( .BOTH. , #3046 ) ;
#2981 = ORIENTED_EDGE ( 'NONE', *, *, #4050, .F. ) ;
#2982 = MECHANICAL_DESIGN_GEOMETRIC_PRESENTATION_REPRESENTATION (  '', ( #364 ), #2000 ) ;
#2983 = PLANE ( 'NONE',  #2654 ) ;
#2984 = DIRECTION ( 'NONE',  ( -0.0000000000000000000, -0.0000000000000000000, 1.000000000000000000 ) ) ;
#2985 = CARTESIAN_POINT ( 'NONE',  ( -0.1998000000000001997, -0.4498000000000001997, 0.1100000000000000006 ) ) ;
#2986 = DIRECTION ( 'NONE',  ( 0.7071067811865475727, 0.7071067811865475727, 0.0000000000000000000 ) ) ;
#2987 = DIRECTION ( 'NONE',  ( 0.0000000000000000000, 0.0000000000000000000, 1.000000000000000000 ) ) ;
#2988 = AXIS2_PLACEMENT_3D ( 'NONE', #4337, #2510, #2571 ) ;
#2989 = DIRECTION ( 'NONE',  ( -1.000000000000000000, 0.0000000000000000000, 0.0000000000000000000 ) ) ;
#2990 = LINE ( 'NONE', #4421, #3959 ) ;
#2991 = LINE ( 'NONE', #3087, #1494 ) ;
#2992 =( NAMED_UNIT ( * ) PLANE_ANGLE_UNIT ( ) SI_UNIT ( $, .RADIAN. ) );
#2993 =( NAMED_UNIT ( * ) SI_UNIT ( $, .STERADIAN. ) SOLID_ANGLE_UNIT ( ) );
#2994 = CARTESIAN_POINT ( 'NONE',  ( -0.4496000000000002217, -0.4999999999999998890, -0.1248999999999999971 ) ) ;
#2995 = VECTOR ( 'NONE', #2150, 1000.000000000000114 ) ;
#2996 = STYLED_ITEM ( 'NONE', ( #4328 ), #1381 ) ;
#2997 = DIRECTION ( 'NONE',  ( -1.000000000000000000, 1.549318638402482068E-15, 0.0000000000000000000 ) ) ;
#2998 = LINE ( 'NONE', #126, #4026 ) ;
#2999 = PLANE ( 'NONE',  #2315 ) ;
#3000 = CARTESIAN_POINT ( 'NONE',  ( -0.4498000000000001997, -0.1998000000000001997, 0.1100000000000000006 ) ) ;
#3001 = DIRECTION ( 'NONE',  ( -0.7071067811865474617, -0.7071067811865474617, 0.0000000000000000000 ) ) ;
#3002 = ORIENTED_EDGE ( 'NONE', *, *, #107, .T. ) ;
#3003 = CARTESIAN_POINT ( 'NONE',  ( 0.4998000000000002441, 0.1248000000000002163, 0.1250000000000000000 ) ) ;
#3004 = CARTESIAN_POINT ( 'NONE',  ( 0.0000000000000000000, 0.5000000000000001110, -0.1248999999999999971 ) ) ;
#3005 = VERTEX_POINT ( 'NONE', #2994 ) ;
#3006 = VECTOR ( 'NONE', #2076, 1000.000000000000227 ) ;
#3007 = EDGE_CURVE ( 'NONE', #4414, #4637, #4127, .T. ) ;
#3008 = VERTEX_POINT ( 'NONE', #3760 ) ;
#3009 = VECTOR ( 'NONE', #4324, 1000.000000000000114 ) ;
#3010 = COLOUR_RGB ( '',0.6470588235294117974, 0.6196078431372549211, 0.5882352941176470784 ) ;
#3011 = PRESENTATION_LAYER_ASSIGNMENT (  '', '', ( #2435 ) ) ;
#3012 = ORIENTED_EDGE ( 'NONE', *, *, #2259, .F. ) ;
#3013 = CARTESIAN_POINT ( 'NONE',  ( 0.5000000000000001110, -0.4999999999999998890, -0.1248999999999999971 ) ) ;
#3014 = ORIENTED_EDGE ( 'NONE', *, *, #2123, .T. ) ;
#3015 = FACE_OUTER_BOUND ( 'NONE', #2619, .T. ) ;
#3016 =( GEOMETRIC_REPRESENTATION_CONTEXT ( 3 ) GLOBAL_UNCERTAINTY_ASSIGNED_CONTEXT ( ( #1962 ) ) GLOBAL_UNIT_ASSIGNED_CONTEXT ( ( #2459, #1718, #3185 ) ) REPRESENTATION_CONTEXT ( 'NONE', 'WORKASPACE' ) );
#3017 = CARTESIAN_POINT ( 'NONE',  ( -0.4999999999999998890, -0.4999999999999998890, -0.1250000000000000000 ) ) ;
#3018 = DIRECTION ( 'NONE',  ( 0.0000000000000000000, 1.000000000000000000, 0.0000000000000000000 ) ) ;
#3019 = CARTESIAN_POINT ( 'NONE',  ( 0.4997000000000002551, -0.3098300000000002163, 0.1250000000000000000 ) ) ;
#3020 = ORIENTED_EDGE ( 'NONE', *, *, #2411, .T. ) ;
#3021 = ORIENTED_EDGE ( 'NONE', *, *, #1499, .T. ) ;
#3022 = DIRECTION ( 'NONE',  ( 0.0000000000000000000, 0.0000000000000000000, -1.000000000000000000 ) ) ;
#3023 = ORIENTED_EDGE ( 'NONE', *, *, #2672, .T. ) ;
#3024 = COLOUR_RGB ( '',0.6470588235294117974, 0.6196078431372549211, 0.5882352941176470784 ) ;
#3025 = EDGE_CURVE ( 'NONE', #416, #3677, #3089, .T. ) ;
#3026 = VERTEX_POINT ( 'NONE', #2957 ) ;
#3027 = UNCERTAINTY_MEASURE_WITH_UNIT (LENGTH_MEASURE( 1.000000000000000082E-05 ), #1029, 'distance_accuracy_value', 'NONE');
#3028 = CARTESIAN_POINT ( 'NONE',  ( -0.4998000000000002441, -0.3098000000000002419, 0.1100000000000000006 ) ) ;
#3029 = VECTOR ( 'NONE', #180, 1000.000000000000114 ) ;
#3030 = FILL_AREA_STYLE ('',( #465 ) ) ;
#3031 = VERTEX_POINT ( 'NONE', #4098 ) ;
#3032 = ORIENTED_EDGE ( 'NONE', *, *, #1221, .T. ) ;
#3033 = UNCERTAINTY_MEASURE_WITH_UNIT (LENGTH_MEASURE( 1.000000000000000082E-05 ), #4627, 'distance_accuracy_value', 'NONE');
#3034 = VECTOR ( 'NONE', #4087, 1000.000000000000000 ) ;
#3035 = CARTESIAN_POINT ( 'NONE',  ( 0.1248000000000002163, 0.1248000000000002163, 0.1100000000000000006 ) ) ;
#3036 = ORIENTED_EDGE ( 'NONE', *, *, #3487, .T. ) ;
#3037 =( NAMED_UNIT ( * ) SI_UNIT ( $, .STERADIAN. ) SOLID_ANGLE_UNIT ( ) );
#3038 = SURFACE_SIDE_STYLE ('',( #6 ) ) ;
#3039 = EDGE_CURVE ( 'NONE', #3379, #2182, #2973, .T. ) ;
#3040 = COLOUR_RGB ( '',0.6470588235294117974, 0.6196078431372549211, 0.5882352941176470784 ) ;
#3041 =( NAMED_UNIT ( * ) PLANE_ANGLE_UNIT ( ) SI_UNIT ( $, .RADIAN. ) );
#3042 = SURFACE_STYLE_USAGE ( .BOTH. , #461 ) ;
#3043 = AXIS2_PLACEMENT_3D ( 'NONE', #4189, #4200, #1986 ) ;
#3044 = EDGE_CURVE ( 'NONE', #3108, #1976, #3565, .T. ) ;
#3045 = EDGE_CURVE ( 'NONE', #4641, #416, #1997, .T. ) ;
#3046 = SURFACE_SIDE_STYLE ('',( #4589 ) ) ;
#3047 = EDGE_CURVE ( 'NONE', #2038, #1820, #4068, .T. ) ;
#3048 = PRESENTATION_LAYER_ASSIGNMENT (  '', '', ( #2808 ) ) ;
#3049 = FILL_AREA_STYLE ('',( #3811 ) ) ;
#3050 = CARTESIAN_POINT ( 'NONE',  ( -0.1998000000000001997, 0.1998000000000001997, 0.1100000000000000006 ) ) ;
#3051 = STYLED_ITEM ( 'NONE', ( #3073 ), #1010 ) ;
#3052 = COLOUR_RGB ( '',1.000000000000000000, 1.000000000000000000, 1.000000000000000000 ) ;
#3053 = SURFACE_SIDE_STYLE ('',( #2027 ) ) ;
#3054 = FILL_AREA_STYLE_COLOUR ( '', #4545 ) ;
#3055 = CARTESIAN_POINT ( 'NONE',  ( -0.1499999999999999944, -0.4988000000000001877, 0.1050000000000000239 ) ) ;
#3056 = DIRECTION ( 'NONE',  ( 1.000000000000000000, 0.0000000000000000000, 0.0000000000000000000 ) ) ;
#3057 = DIRECTION ( 'NONE',  ( 0.0000000000000000000, 1.000000000000000000, 0.0000000000000000000 ) ) ;
#3058 = EDGE_CURVE ( 'NONE', #3433, #3491, #3440, .T. ) ;
#3059 = SURFACE_STYLE_FILL_AREA ( #639 ) ;
#3060 = LINE ( 'NONE', #3684, #2833 ) ;
#3061 = DIRECTION ( 'NONE',  ( -0.0000000000000000000, -0.0000000000000000000, 1.000000000000000000 ) ) ;
#3062 = ORIENTED_EDGE ( 'NONE', *, *, #4086, .T. ) ;
#3063 = CARTESIAN_POINT ( 'NONE',  ( -0.4498000000000001997, 0.3248000000000001997, 0.1100000000000000006 ) ) ;
#3064 = VECTOR ( 'NONE', #1124, 1000.000000000000000 ) ;
#3065 = DIRECTION ( 'NONE',  ( -0.0000000000000000000, -0.0000000000000000000, -1.000000000000000000 ) ) ;
#3066 = VECTOR ( 'NONE', #570, 1000.000000000000000 ) ;
#3067 = SURFACE_STYLE_USAGE ( .BOTH. , #2701 ) ;
#3068 = CARTESIAN_POINT ( 'NONE',  ( -0.1499999999999999944, -0.4988000000000001877, 0.1050000000000000239 ) ) ;
#3069 = CARTESIAN_POINT ( 'NONE',  ( 0.1998000000000001997, -0.1998000000000001997, 0.1100000000000000006 ) ) ;
#3070 = ORIENTED_EDGE ( 'NONE', *, *, #3567, .F. ) ;
#3071 = VECTOR ( 'NONE', #2778, 1000.000000000000000 ) ;
#3072 = EDGE_CURVE ( 'NONE', #1166, #3249, #1871, .T. ) ;
#3073 = PRESENTATION_STYLE_ASSIGNMENT (( #1823 ) ) ;
#3074 = FILL_AREA_STYLE_COLOUR ( '', #471 ) ;
#3075 = MECHANICAL_DESIGN_GEOMETRIC_PRESENTATION_REPRESENTATION (  '', ( #2583 ), #4710 ) ;
#3076 = EDGE_LOOP ( 'NONE', ( #3110, #1065, #3127, #4444 ) ) ;
#3077 = ORIENTED_EDGE ( 'NONE', *, *, #2468, .F. ) ;
#3078 = EDGE_LOOP ( 'NONE', ( #14, #2043, #1153, #3002 ) ) ;
#3079 = ORIENTED_EDGE ( 'NONE', *, *, #4557, .T. ) ;
#3080 = AXIS2_PLACEMENT_3D ( 'NONE', #2325, #2987, #3402 ) ;
#3081 = DIRECTION ( 'NONE',  ( 0.0000000000000000000, 0.0000000000000000000, -1.000000000000000000 ) ) ;
#3082 = LINE ( 'NONE', #2813, #38 ) ;
#3083 = DIRECTION ( 'NONE',  ( -0.0000000000000000000, -0.0000000000000000000, 1.000000000000000000 ) ) ;
#3084 = VECTOR ( 'NONE', #1618, 1000.000000000000000 ) ;
#3085 = EDGE_LOOP ( 'NONE', ( #2172, #1279, #1615, #1442 ) ) ;
#3086 = EDGE_LOOP ( 'NONE', ( #1991, #1287, #2661, #4174, #2885 ) ) ;
#3087 = CARTESIAN_POINT ( 'NONE',  ( 0.5000000000000001110, 0.0000000000000000000, -0.1248999999999999971 ) ) ;
#3088 = DIRECTION ( 'NONE',  ( -1.000000000000000000, 0.0000000000000000000, 0.0000000000000000000 ) ) ;
#3089 = LINE ( 'NONE', #4120, #3321 ) ;
#3090 = CARTESIAN_POINT ( 'NONE',  ( 0.1248000000000001608, 0.4998000000000002441, 0.1250000000000000000 ) ) ;
#3091 = ORIENTED_EDGE ( 'NONE', *, *, #2217, .T. ) ;
#3092 = UNCERTAINTY_MEASURE_WITH_UNIT (LENGTH_MEASURE( 1.000000000000000082E-05 ), #908, 'distance_accuracy_value', 'NONE');
#3093 = DIRECTION ( 'NONE',  ( 0.9578262852211516520, -0.2873478855663441078, -0.0000000000000000000 ) ) ;
#3094 =( NAMED_UNIT ( * ) SI_UNIT ( $, .STERADIAN. ) SOLID_ANGLE_UNIT ( ) );
#3095 =( NAMED_UNIT ( * ) SI_UNIT ( $, .STERADIAN. ) SOLID_ANGLE_UNIT ( ) );
#3096 = ORIENTED_EDGE ( 'NONE', *, *, #3222, .F. ) ;
#3097 = EDGE_CURVE ( 'NONE', #2171, #2680, #3945, .T. ) ;
#3098 = CARTESIAN_POINT ( 'NONE',  ( -0.1499999999999999944, -0.4998000000000002441, 0.1050000000000000239 ) ) ;
#3099 = DIRECTION ( 'NONE',  ( -1.000000000000000000, 0.0000000000000000000, -0.0000000000000000000 ) ) ;
#3100 = ADVANCED_FACE ( 'NONE', ( #1359 ), #1129, .T. ) ;
#3101 =( GEOMETRIC_REPRESENTATION_CONTEXT ( 3 ) GLOBAL_UNCERTAINTY_ASSIGNED_CONTEXT ( ( #965 ) ) GLOBAL_UNIT_ASSIGNED_CONTEXT ( ( #1265, #968, #1708 ) ) REPRESENTATION_CONTEXT ( 'NONE', 'WORKASPACE' ) );
#3102 = COLOUR_RGB ( '',0.6470588235294117974, 0.6196078431372549211, 0.5882352941176470784 ) ;
#3103 = AXIS2_PLACEMENT_3D ( 'NONE', #2497, #3980, #4659 ) ;
#3104 = SURFACE_SIDE_STYLE ('',( #671 ) ) ;
#3105 = PRESENTATION_LAYER_ASSIGNMENT (  '', '', ( #1376 ) ) ;
#3106 = CARTESIAN_POINT ( 'NONE',  ( -0.1998000000000001997, -0.1998000000000001997, 0.1250000000000000000 ) ) ;
#3107 = DIRECTION ( 'NONE',  ( 0.0000000000000000000, 0.0000000000000000000, -1.000000000000000000 ) ) ;
#3108 = VERTEX_POINT ( 'NONE', #514 ) ;
#3109 = ORIENTED_EDGE ( 'NONE', *, *, #56, .T. ) ;
#3110 = ORIENTED_EDGE ( 'NONE', *, *, #2826, .F. ) ;
#3111 = VERTEX_POINT ( 'NONE', #4387 ) ;
#3112 = DIRECTION ( 'NONE',  ( -0.0000000000000000000, -0.0000000000000000000, 1.000000000000000000 ) ) ;
#3113 = ADVANCED_FACE ( 'NONE', ( #2721 ), #2192, .F. ) ;
#3114 = EDGE_LOOP ( 'NONE', ( #255, #626, #125, #2096 ) ) ;
#3115 = EDGE_CURVE ( 'NONE', #1914, #3239, #2427, .T. ) ;
#3116 = DIRECTION ( 'NONE',  ( -1.000000000000000000, 0.0000000000000000000, 0.0000000000000000000 ) ) ;
#3117 = CARTESIAN_POINT ( 'NONE',  ( -0.1499999999999999667, -0.4998000000000000220, 0.005000000000000013115 ) ) ;
#3118 = VERTEX_POINT ( 'NONE', #387 ) ;
#3119 = EDGE_LOOP ( 'NONE', ( #154, #4042, #1071, #3868 ) ) ;
#3120 = VECTOR ( 'NONE', #3680, 1000.000000000000000 ) ;
#3121 = STYLED_ITEM ( 'NONE', ( #966 ), #2963 ) ;
#3122 = CARTESIAN_POINT ( 'NONE',  ( -0.4988000000000001877, -0.1499999999999999944, 0.1050000000000000239 ) ) ;
#3123 = FILL_AREA_STYLE ('',( #2592 ) ) ;
#3124 = EDGE_CURVE ( 'NONE', #1663, #298, #4197, .T. ) ;
#3125 = LINE ( 'NONE', #930, #200 ) ;
#3126 = EDGE_LOOP ( 'NONE', ( #786, #2040, #487, #3161 ) ) ;
#3127 = ORIENTED_EDGE ( 'NONE', *, *, #4763, .T. ) ;
#3128 = LINE ( 'NONE', #4241, #4294 ) ;
#3129 = FILL_AREA_STYLE_COLOUR ( '', #2615 ) ;
#3130 = EDGE_CURVE ( 'NONE', #1914, #4622, #3152, .T. ) ;
#3131 = MECHANICAL_DESIGN_GEOMETRIC_PRESENTATION_REPRESENTATION (  '', ( #3578 ), #1019 ) ;
#3132 = EDGE_LOOP ( 'NONE', ( #2178, #282, #3938, #2143 ) ) ;
#3133 = VERTEX_POINT ( 'NONE', #2135 ) ;
#3134 = COLOUR_RGB ( '',0.6470588235294117974, 0.6196078431372549211, 0.5882352941176470784 ) ;
#3135 = MECHANICAL_DESIGN_GEOMETRIC_PRESENTATION_REPRESENTATION (  '', ( #4030 ), #3393 ) ;
#3136 = PLANE ( 'NONE',  #3768 ) ;
#3137 = LINE ( 'NONE', #1410, #4172 ) ;
#3138 = ORIENTED_EDGE ( 'NONE', *, *, #4549, .F. ) ;
#3139 = VERTEX_POINT ( 'NONE', #661 ) ;
#3140 = CARTESIAN_POINT ( 'NONE',  ( 0.4997000000000000330, -0.4497585786437628408, 0.1250000000000000000 ) ) ;
#3141 = CARTESIAN_POINT ( 'NONE',  ( -0.07499999999999996947, -0.07500000000000001110, 0.1100000000000000006 ) ) ;
#3142 = ORIENTED_EDGE ( 'NONE', *, *, #3691, .F. ) ;
#3143 = DIRECTION ( 'NONE',  ( 0.0000000000000000000, 1.000000000000000000, 0.0000000000000000000 ) ) ;
#3144 = ADVANCED_FACE ( 'NONE', ( #3219 ), #447, .F. ) ;
#3145 = ADVANCED_FACE ( 'NONE', ( #1040 ), #1037, .F. ) ;
#3146 = PRODUCT_CONTEXT ( 'NONE', #3529, 'mechanical' ) ;
#3147 = CARTESIAN_POINT ( 'NONE',  ( -0.4498000000000001997, 0.1998000000000001997, 0.1100000000000000006 ) ) ;
#3148 = SURFACE_STYLE_FILL_AREA ( #1843 ) ;
#3149 = DIRECTION ( 'NONE',  ( -1.000000000000000000, 0.0000000000000000000, 0.0000000000000000000 ) ) ;
#3150 = EDGE_CURVE ( 'NONE', #145, #1744, #1891, .T. ) ;
#3151 = CARTESIAN_POINT ( 'NONE',  ( -0.4498000000000001997, -0.3248000000000001997, 0.1100000000000000006 ) ) ;
#3152 = LINE ( 'NONE', #342, #3518 ) ;
#3153 = SURFACE_STYLE_FILL_AREA ( #4606 ) ;
#3154 = AXIS2_PLACEMENT_3D ( 'NONE', #2155, #4322, #2474 ) ;
#3155 = DIRECTION ( 'NONE',  ( -1.000000000000000000, 0.0000000000000000000, -0.0000000000000000000 ) ) ;
#3156 = SURFACE_STYLE_USAGE ( .BOTH. , #239 ) ;
#3157 = CARTESIAN_POINT ( 'NONE',  ( -0.09999999999999985290, -0.1749999999999999334, -0.1250000000000000000 ) ) ;
#3158 =( NAMED_UNIT ( * ) SI_UNIT ( $, .STERADIAN. ) SOLID_ANGLE_UNIT ( ) );
#3159 = PRESENTATION_LAYER_ASSIGNMENT (  '', '', ( #2524 ) ) ;
#3160 = LINE ( 'NONE', #19, #2709 ) ;
#3161 = ORIENTED_EDGE ( 'NONE', *, *, #79, .T. ) ;
#3162 = ADVANCED_FACE ( 'NONE', ( #4256 ), #1972, .T. ) ;
#3163 = ADVANCED_FACE ( 'NONE', ( #227 ), #4503, .F. ) ;
#3164 = DIRECTION ( 'NONE',  ( -1.000000000000000000, 0.0000000000000000000, -0.0000000000000000000 ) ) ;
#3165 = ORIENTED_EDGE ( 'NONE', *, *, #2351, .F. ) ;
#3166 = DIRECTION ( 'NONE',  ( 0.0000000000000000000, -0.0000000000000000000, -1.000000000000000000 ) ) ;
#3167 = AXIS2_PLACEMENT_3D ( 'NONE', #734, #360, #2542 ) ;
#3168 = ORIENTED_EDGE ( 'NONE', *, *, #4331, .F. ) ;
#3169 = DIRECTION ( 'NONE',  ( -0.7071067811865474617, 0.7071067811865474617, 0.0000000000000000000 ) ) ;
#3170 = FILL_AREA_STYLE ('',( #2128 ) ) ;
#3171 = CARTESIAN_POINT ( 'NONE',  ( -0.4497999999999999776, -0.4998000000000002441, 0.1100000000000000144 ) ) ;
#3172 = EDGE_LOOP ( 'NONE', ( #3539, #1255, #897 ) ) ;
#3173 = SURFACE_STYLE_FILL_AREA ( #2840 ) ;
#3174 = PRESENTATION_STYLE_ASSIGNMENT (( #2761 ) ) ;
#3175 = VECTOR ( 'NONE', #4576, 1000.000000000000000 ) ;
#3176 = DIRECTION ( 'NONE',  ( 0.0000000000000000000, -0.0000000000000000000, 1.000000000000000000 ) ) ;
#3177 =( LENGTH_UNIT ( ) NAMED_UNIT ( * ) SI_UNIT ( .MILLI., .METRE. ) );
#3178 = EDGE_LOOP ( 'NONE', ( #3981, #155, #4393, #4164 ) ) ;
#3179 = SURFACE_STYLE_FILL_AREA ( #4044 ) ;
#3180 = VECTOR ( 'NONE', #3973, 1000.000000000000000 ) ;
#3181 = VERTEX_POINT ( 'NONE', #4259 ) ;
#3182 = EDGE_LOOP ( 'NONE', ( #3835, #3690, #716, #4101 ) ) ;
#3183 = PRESENTATION_STYLE_ASSIGNMENT (( #847 ) ) ;
#3184 = EDGE_CURVE ( 'NONE', #4755, #1164, #3697, .T. ) ;
#3185 =( NAMED_UNIT ( * ) SI_UNIT ( $, .STERADIAN. ) SOLID_ANGLE_UNIT ( ) );
#3186 = PRESENTATION_STYLE_ASSIGNMENT (( #3756 ) ) ;
#3187 = CARTESIAN_POINT ( 'NONE',  ( -0.4498000000000001997, -0.1998000000000001997, 0.1100000000000000006 ) ) ;
#3188 =( NAMED_UNIT ( * ) SI_UNIT ( $, .STERADIAN. ) SOLID_ANGLE_UNIT ( ) );
#3189 = EDGE_LOOP ( 'NONE', ( #294, #1262, #3538, #1459 ) ) ;
#3190 = MECHANICAL_DESIGN_GEOMETRIC_PRESENTATION_REPRESENTATION (  '', ( #3925 ), #802 ) ;
#3191 = ORIENTED_EDGE ( 'NONE', *, *, #2735, .F. ) ;
#3192 = COLOUR_RGB ( '',0.6470588235294117974, 0.6196078431372549211, 0.5882352941176470784 ) ;
#3193 = VECTOR ( 'NONE', #3065, 1000.000000000000000 ) ;
#3194 = CARTESIAN_POINT ( 'NONE',  ( 0.1000000000000001582, 0.1749999999999999889, -0.1150000000000000050 ) ) ;
#3195 = DIRECTION ( 'NONE',  ( 0.0000000000000000000, 0.0000000000000000000, -1.000000000000000000 ) ) ;
#3196 =( GEOMETRIC_REPRESENTATION_CONTEXT ( 3 ) GLOBAL_UNCERTAINTY_ASSIGNED_CONTEXT ( ( #3231 ) ) GLOBAL_UNIT_ASSIGNED_CONTEXT ( ( #2656, #3748, #1888 ) ) REPRESENTATION_CONTEXT ( 'NONE', 'WORKASPACE' ) );
#3197 = ADVANCED_FACE ( 'NONE', ( #4664 ), #3857, .F. ) ;
#3198 = EDGE_CURVE ( 'NONE', #1908, #2613, #561, .T. ) ;
#3199 = FACE_BOUND ( 'NONE', #3656, .T. ) ;
#3200 = EDGE_LOOP ( 'NONE', ( #2514, #4280, #3552, #2780 ) ) ;
#3201 = ORIENTED_EDGE ( 'NONE', *, *, #2978, .T. ) ;
#3202 = AXIS2_PLACEMENT_3D ( 'NONE', #1435, #4751, #1072 ) ;
#3203 = SURFACE_SIDE_STYLE ('',( #2378 ) ) ;
#3204 = VECTOR ( 'NONE', #1878, 1000.000000000000000 ) ;
#3205 = SURFACE_STYLE_USAGE ( .BOTH. , #1704 ) ;
#3206 = VECTOR ( 'NONE', #1356, 1000.000000000000000 ) ;
#3207 = FILL_AREA_STYLE_COLOUR ( '', #911 ) ;
#3208 = VECTOR ( 'NONE', #945, 1000.000000000000000 ) ;
#3209 =( NAMED_UNIT ( * ) PLANE_ANGLE_UNIT ( ) SI_UNIT ( $, .RADIAN. ) );
#3210 = DIRECTION ( 'NONE',  ( 1.000000000000000000, 1.355252715606881036E-16, -0.0000000000000000000 ) ) ;
#3211 =( LENGTH_UNIT ( ) NAMED_UNIT ( * ) SI_UNIT ( .MILLI., .METRE. ) );
#3212 = ORIENTED_EDGE ( 'NONE', *, *, #2060, .F. ) ;
#3213 = CARTESIAN_POINT ( 'NONE',  ( -0.4998000000000002441, 0.1499999999999999944, 0.1050000000000000239 ) ) ;
#3215 = PLANE ( 'NONE',  #685 ) ;
#3214 = LINE ( 'NONE', #1882, #285 ) ;
#3216 = EDGE_CURVE ( 'NONE', #92, #2162, #750, .T. ) ;
#3217 = VECTOR ( 'NONE', #858, 1000.000000000000000 ) ;
#3218 = STYLED_ITEM ( 'NONE', ( #3174 ), #2919 ) ;
#3219 = FACE_OUTER_BOUND ( 'NONE', #4747, .T. ) ;
#3220 = SURFACE_SIDE_STYLE ('',( #680 ) ) ;
#3221 = EDGE_CURVE ( 'NONE', #2038, #4238, #1493, .T. ) ;
#3222 = EDGE_CURVE ( 'NONE', #4385, #3781, #2594, .T. ) ;
#3223 = SURFACE_SIDE_STYLE ('',( #3869 ) ) ;
#3224 = MECHANICAL_DESIGN_GEOMETRIC_PRESENTATION_REPRESENTATION (  '', ( #862 ), #1826 ) ;
#3225 = DIRECTION ( 'NONE',  ( -1.000000000000000000, 0.0000000000000000000, -0.0000000000000000000 ) ) ;
#3226 = ORIENTED_EDGE ( 'NONE', *, *, #3668, .T. ) ;
#3227 = PRESENTATION_STYLE_ASSIGNMENT (( #2765 ) ) ;
#3228 = EDGE_LOOP ( 'NONE', ( #4635, #2360, #4232, #1524 ) ) ;
#3229 = PRESENTATION_LAYER_ASSIGNMENT (  '', '', ( #2473 ) ) ;
#3230 = VERTEX_POINT ( 'NONE', #4274 ) ;
#3231 = UNCERTAINTY_MEASURE_WITH_UNIT (LENGTH_MEASURE( 1.000000000000000082E-05 ), #2656, 'distance_accuracy_value', 'NONE');
#3232 =( NAMED_UNIT ( * ) SI_UNIT ( $, .STERADIAN. ) SOLID_ANGLE_UNIT ( ) );
#3233 =( LENGTH_UNIT ( ) NAMED_UNIT ( * ) SI_UNIT ( .MILLI., .METRE. ) );
#3234 = ORIENTED_EDGE ( 'NONE', *, *, #1122, .T. ) ;
#3235 = LINE ( 'NONE', #332, #775 ) ;
#3236 = MECHANICAL_DESIGN_GEOMETRIC_PRESENTATION_REPRESENTATION (  '', ( #4381 ), #438 ) ;
#3237 = LINE ( 'NONE', #857, #2280 ) ;
#3238 = CARTESIAN_POINT ( 'NONE',  ( -0.4999999999999998890, -0.4496000000000002217, -0.1250000000000000000 ) ) ;
#3239 = VERTEX_POINT ( 'NONE', #617 ) ;
#3240 = SURFACE_STYLE_FILL_AREA ( #981 ) ;
#3241 = LINE ( 'NONE', #35, #3120 ) ;
#3242 = SURFACE_SIDE_STYLE ('',( #4370 ) ) ;
#3243 = CARTESIAN_POINT ( 'NONE',  ( 0.4988000000000001877, 0.1499999999999999944, 0.005000000000000013115 ) ) ;
#3244 = SURFACE_STYLE_FILL_AREA ( #944 ) ;
#3245 = ORIENTED_EDGE ( 'NONE', *, *, #3952, .T. ) ;
#3246 = LINE ( 'NONE', #1585, #664 ) ;
#3247 = SURFACE_SIDE_STYLE ('',( #1082 ) ) ;
#3248 = EDGE_CURVE ( 'NONE', #2139, #4173, #1601, .T. ) ;
#3249 = VERTEX_POINT ( 'NONE', #1328 ) ;
#3250 = LINE ( 'NONE', #4550, #1137 ) ;
#3251 = CARTESIAN_POINT ( 'NONE',  ( -0.09999999999999988065, 0.07499999999999999722, -0.1150000000000000050 ) ) ;
#3252 = ORIENTED_EDGE ( 'NONE', *, *, #3124, .F. ) ;
#3253 = FACE_OUTER_BOUND ( 'NONE', #1702, .T. ) ;
#3254 = CARTESIAN_POINT ( 'NONE',  ( -0.4998000000000000220, -0.4998000000000000220, 0.005000000000000013115 ) ) ;
#3255 = PRESENTATION_LAYER_ASSIGNMENT (  '', '', ( #4735 ) ) ;
#3256 = UNCERTAINTY_MEASURE_WITH_UNIT (LENGTH_MEASURE( 1.000000000000000082E-05 ), #4398, 'distance_accuracy_value', 'NONE');
#3257 = VECTOR ( 'NONE', #1044, 1000.000000000000000 ) ;
#3258 = DIRECTION ( 'NONE',  ( 0.0000000000000000000, 0.0000000000000000000, -1.000000000000000000 ) ) ;
#3259 = CARTESIAN_POINT ( 'NONE',  ( 0.1000000000000001582, 0.1749999999999999889, -0.1250000000000000000 ) ) ;
#3260 = FILL_AREA_STYLE_COLOUR ( '', #3836 ) ;
#3261 = FILL_AREA_STYLE_COLOUR ( '', #4285 ) ;
#3262 = AXIS2_PLACEMENT_3D ( 'NONE', #2372, #4602, #2729 ) ;
#3263 = CARTESIAN_POINT ( 'NONE',  ( -0.07499999999999996947, -0.07500000000000001110, 0.1100000000000000006 ) ) ;
#3264 =( NAMED_UNIT ( * ) SI_UNIT ( $, .STERADIAN. ) SOLID_ANGLE_UNIT ( ) );
#3265 = ORIENTED_EDGE ( 'NONE', *, *, #1559, .T. ) ;
#3266 = DIRECTION ( 'NONE',  ( -0.0000000000000000000, -0.0000000000000000000, 1.000000000000000000 ) ) ;
#3267 = DIRECTION ( 'NONE',  ( 1.000000000000000000, 1.445602896647339163E-16, 0.0000000000000000000 ) ) ;
#3268 = CARTESIAN_POINT ( 'NONE',  ( -0.4997000000000000330, -0.4497585786437628408, 0.1250000000000000000 ) ) ;
#3269 = CARTESIAN_POINT ( 'NONE',  ( 0.4988000000000001877, 0.0000000000000000000, 0.0000000000000000000 ) ) ;
#3270 = COLOUR_RGB ( '',0.6470588235294117974, 0.6196078431372549211, 0.5882352941176470784 ) ;
#3271 = CARTESIAN_POINT ( 'NONE',  ( -0.3248000000000000886, 0.4498000000000001997, 0.1250000000000000000 ) ) ;
#3272 = DIRECTION ( 'NONE',  ( 1.000000000000000000, 0.0000000000000000000, 0.0000000000000000000 ) ) ;
#3273 =( NAMED_UNIT ( * ) SI_UNIT ( $, .STERADIAN. ) SOLID_ANGLE_UNIT ( ) );
#3274 =( NAMED_UNIT ( * ) PLANE_ANGLE_UNIT ( ) SI_UNIT ( $, .RADIAN. ) );
#3275 = VECTOR ( 'NONE', #795, 1000.000000000000000 ) ;
#3276 =( NAMED_UNIT ( * ) SI_UNIT ( $, .STERADIAN. ) SOLID_ANGLE_UNIT ( ) );
#3277 = DIRECTION ( 'NONE',  ( 0.0000000000000000000, 0.0000000000000000000, -1.000000000000000000 ) ) ;
#3278 = EDGE_CURVE ( 'NONE', #296, #4341, #4431, .T. ) ;
#3279 =( GEOMETRIC_REPRESENTATION_CONTEXT ( 3 ) GLOBAL_UNCERTAINTY_ASSIGNED_CONTEXT ( ( #1750 ) ) GLOBAL_UNIT_ASSIGNED_CONTEXT ( ( #269, #2464, #205 ) ) REPRESENTATION_CONTEXT ( 'NONE', 'WORKASPACE' ) );
#3280 = CARTESIAN_POINT ( 'NONE',  ( -0.1998000000000001997, -0.1998000000000001997, 0.1100000000000000006 ) ) ;
#3281 = FACE_OUTER_BOUND ( 'NONE', #3285, .T. ) ;
#3282 = CARTESIAN_POINT ( 'NONE',  ( 0.4997000000000000330, 0.4497585786437628408, 0.1100000000000000144 ) ) ;
#3283 = COLOUR_RGB ( '',0.3411764705882353033, 0.8392156862745098200, 0.4117647058823529216 ) ;
#3284 = AXIS2_PLACEMENT_3D ( 'NONE', #2451, #4316, #4762 ) ;
#3285 = EDGE_LOOP ( 'NONE', ( #888, #1223, #1335, #398 ) ) ;
#3286 = CARTESIAN_POINT ( 'NONE',  ( 0.1000000000000001443, -0.07499999999999996947, -0.1250000000000000000 ) ) ;
#3287 = DIRECTION ( 'NONE',  ( 0.0000000000000000000, 0.0000000000000000000, -1.000000000000000000 ) ) ;
#3288 = ORIENTED_EDGE ( 'NONE', *, *, #763, .F. ) ;
#3289 = VECTOR ( 'NONE', #3580, 1000.000000000000000 ) ;
#3290 = CARTESIAN_POINT ( 'NONE',  ( 0.0000000000000000000, 0.0000000000000000000, -0.1250000000000000000 ) ) ;
#3291 = DIRECTION ( 'NONE',  ( 0.0000000000000000000, -1.000000000000000000, 0.0000000000000000000 ) ) ;
#3292 = ORIENTED_EDGE ( 'NONE', *, *, #4053, .F. ) ;
#3293 = VECTOR ( 'NONE', #4383, 1000.000000000000000 ) ;
#3294 = VECTOR ( 'NONE', #2843, 1000.000000000000000 ) ;
#3295 = MECHANICAL_DESIGN_GEOMETRIC_PRESENTATION_REPRESENTATION (  '', ( #4129 ), #245 ) ;
#3296 = ORIENTED_EDGE ( 'NONE', *, *, #4112, .T. ) ;
#3297 = VECTOR ( 'NONE', #4604, 1000.000000000000000 ) ;
#3298 = CARTESIAN_POINT ( 'NONE',  ( 0.1000000000000001582, 0.1749999999999999889, -0.1150000000000000050 ) ) ;
#3299 = ORIENTED_EDGE ( 'NONE', *, *, #1266, .F. ) ;
#3300 = ORIENTED_EDGE ( 'NONE', *, *, #4609, .T. ) ;
#3301 = LINE ( 'NONE', #124, #2345 ) ;
#3302 = DIRECTION ( 'NONE',  ( -0.0000000000000000000, -0.0000000000000000000, -1.000000000000000000 ) ) ;
#3303 = EDGE_CURVE ( 'NONE', #3625, #3489, #3851, .T. ) ;
#3304 = FILL_AREA_STYLE ('',( #1746 ) ) ;
#3305 = EDGE_LOOP ( 'NONE', ( #3762, #4302, #2958, #768 ) ) ;
#3306 = DIRECTION ( 'NONE',  ( -0.0000000000000000000, -0.0000000000000000000, 1.000000000000000000 ) ) ;
#3307 = ORIENTED_EDGE ( 'NONE', *, *, #412, .F. ) ;
#3308 = VERTEX_POINT ( 'NONE', #4081 ) ;
#3309 = LINE ( 'NONE', #1600, #4582 ) ;
#3310 = DIRECTION ( 'NONE',  ( -1.000000000000000000, 0.0000000000000000000, 0.0000000000000000000 ) ) ;
#3311 = CARTESIAN_POINT ( 'NONE',  ( 0.4997000000000002551, -0.3098300000000002719, 0.1100000000000000006 ) ) ;
#3312 = DIRECTION ( 'NONE',  ( 1.549318638402482068E-15, -1.000000000000000000, 0.0000000000000000000 ) ) ;
#3313 = DIRECTION ( 'NONE',  ( 0.0000000000000000000, 1.000000000000000000, 0.0000000000000000000 ) ) ;
#3314 = VECTOR ( 'NONE', #2883, 1000.000000000000000 ) ;
#3315 = ORIENTED_EDGE ( 'NONE', *, *, #2703, .F. ) ;
#3316 = ORIENTED_EDGE ( 'NONE', *, *, #1358, .F. ) ;
#3317 = ADVANCED_FACE ( 'NONE', ( #3458 ), #3328, .F. ) ;
#3318 = EDGE_CURVE ( 'NONE', #2184, #3822, #2990, .T. ) ;
#3319 = PRESENTATION_STYLE_ASSIGNMENT (( #2637 ) ) ;
#3320 = UNCERTAINTY_MEASURE_WITH_UNIT (LENGTH_MEASURE( 1.000000000000000082E-05 ), #300, 'distance_accuracy_value', 'NONE');
#3321 = VECTOR ( 'NONE', #2306, 1000.000000000000000 ) ;
#3322 = CARTESIAN_POINT ( 'NONE',  ( -0.09999999999999985290, 0.1749999999999999889, -0.1250000000000000000 ) ) ;
#3323 = AXIS2_PLACEMENT_3D ( 'NONE', #3520, #2012, #3506 ) ;
#3324 = FACE_OUTER_BOUND ( 'NONE', #3818, .T. ) ;
#3325 = DIRECTION ( 'NONE',  ( 1.000000000000000000, 0.0000000000000000000, -0.0000000000000000000 ) ) ;
#3326 = SURFACE_SIDE_STYLE ('',( #4351 ) ) ;
#3327 = MECHANICAL_DESIGN_GEOMETRIC_PRESENTATION_REPRESENTATION (  '', ( #1749 ), #2267 ) ;
#3328 = PLANE ( 'NONE',  #2377 ) ;
#3329 = DIRECTION ( 'NONE',  ( -0.0000000000000000000, -0.0000000000000000000, 1.000000000000000000 ) ) ;
#3330 = CARTESIAN_POINT ( 'NONE',  ( 0.1499999999999999944, -0.4998000000000002441, 0.1050000000000000239 ) ) ;
#3331 = PLANE ( 'NONE',  #2943 ) ;
#3332 = ORIENTED_EDGE ( 'NONE', *, *, #2014, .T. ) ;
#3333 = ADVANCED_FACE ( 'NONE', ( #2866 ), #4137, .F. ) ;
#3334 = CARTESIAN_POINT ( 'NONE',  ( 0.4998000000000002441, 0.4998000000000002441, 0.005000000000000013115 ) ) ;
#3335 = MECHANICAL_DESIGN_GEOMETRIC_PRESENTATION_REPRESENTATION (  '', ( #1814 ), #3971 ) ;
#3336 =( NAMED_UNIT ( * ) PLANE_ANGLE_UNIT ( ) SI_UNIT ( $, .RADIAN. ) );
#3337 =( NAMED_UNIT ( * ) PLANE_ANGLE_UNIT ( ) SI_UNIT ( $, .RADIAN. ) );
#3338 = VERTEX_POINT ( 'NONE', #3712 ) ;
#3339 = SURFACE_SIDE_STYLE ('',( #776 ) ) ;
#3340 = DIRECTION ( 'NONE',  ( -0.7071067811865474617, 0.7071067811865474617, 0.0000000000000000000 ) ) ;
#3341 = PLANE ( 'NONE',  #2746 ) ;
#3342 = DIRECTION ( 'NONE',  ( -0.0000000000000000000, -0.0000000000000000000, 1.000000000000000000 ) ) ;
#3343 = SURFACE_SIDE_STYLE ('',( #3400 ) ) ;
#3344 = DIRECTION ( 'NONE',  ( 0.0000000000000000000, 0.0000000000000000000, 1.000000000000000000 ) ) ;
#3345 = EDGE_CURVE ( 'NONE', #1093, #1729, #404, .T. ) ;
#3346 = DIRECTION ( 'NONE',  ( 0.0000000000000000000, 0.0000000000000000000, -1.000000000000000000 ) ) ;
#3347 = ORIENTED_EDGE ( 'NONE', *, *, #729, .F. ) ;
#3348 =( GEOMETRIC_REPRESENTATION_CONTEXT ( 3 ) GLOBAL_UNCERTAINTY_ASSIGNED_CONTEXT ( ( #457 ) ) GLOBAL_UNIT_ASSIGNED_CONTEXT ( ( #1712, #3921, #1126 ) ) REPRESENTATION_CONTEXT ( 'NONE', 'WORKASPACE' ) );
#3349 = CARTESIAN_POINT ( 'NONE',  ( -0.4999999999999998890, -0.4999999999999998890, 0.1250000000000000000 ) ) ;
#3350 = EDGE_LOOP ( 'NONE', ( #2485, #655, #4456, #3641 ) ) ;
#3351 = PRESENTATION_LAYER_ASSIGNMENT (  '', '', ( #834 ) ) ;
#3352 = DIRECTION ( 'NONE',  ( -0.2873478855663431086, -0.9578262852211520961, 0.0000000000000000000 ) ) ;
#3353 = VERTEX_POINT ( 'NONE', #3790 ) ;
#3354 = DIRECTION ( 'NONE',  ( -0.7071067811865474617, 0.7071067811865474617, 0.0000000000000000000 ) ) ;
#3355 = LINE ( 'NONE', #4336, #25 ) ;
#3356 = SURFACE_SIDE_STYLE ('',( #2346 ) ) ;
#3357 = FACE_OUTER_BOUND ( 'NONE', #3350, .T. ) ;
#3358 = CARTESIAN_POINT ( 'NONE',  ( 0.07500000000000002498, 0.07499999999999998335, 0.1100000000000000006 ) ) ;
#3359 = CARTESIAN_POINT ( 'NONE',  ( 0.1000000000000001582, -0.1749999999999999334, -0.1150000000000000050 ) ) ;
#3360 = DIRECTION ( 'NONE',  ( 0.0000000000000000000, -0.0000000000000000000, -1.000000000000000000 ) ) ;
#3361 = VERTEX_POINT ( 'NONE', #4519 ) ;
#3362 = FACE_OUTER_BOUND ( 'NONE', #3126, .T. ) ;
#3363 = VECTOR ( 'NONE', #1033, 1000.000000000000000 ) ;
#3364 = ORIENTED_EDGE ( 'NONE', *, *, #2939, .T. ) ;
#3365 = SURFACE_STYLE_FILL_AREA ( #1313 ) ;
#3366 = DIRECTION ( 'NONE',  ( -0.0000000000000000000, -0.0000000000000000000, -1.000000000000000000 ) ) ;
#3367 = VERTEX_POINT ( 'NONE', #1551 ) ;
#3368 = PRESENTATION_STYLE_ASSIGNMENT (( #2606 ) ) ;
#3369 = DIRECTION ( 'NONE',  ( -0.7071067811865490160, 0.7071067811865460184, 0.0000000000000000000 ) ) ;
#3370 = VECTOR ( 'NONE', #4513, 1000.000000000000000 ) ;
#3371 = ORIENTED_EDGE ( 'NONE', *, *, #1896, .F. ) ;
#3372 = SURFACE_SIDE_STYLE ('',( #4237 ) ) ;
#3373 = PLANE ( 'NONE',  #21 ) ;
#3374 = FILL_AREA_STYLE_COLOUR ( '', #1598 ) ;
#3375 = VECTOR ( 'NONE', #3436, 1000.000000000000227 ) ;
#3376 = EDGE_CURVE ( 'NONE', #3924, #4094, #1654, .T. ) ;
#3377 = CARTESIAN_POINT ( 'NONE',  ( -0.09999999999999985290, -0.1749999999999999334, -0.1250000000000000000 ) ) ;
#3378 = VECTOR ( 'NONE', #2522, 1000.000000000000000 ) ;
#3379 = VERTEX_POINT ( 'NONE', #473 ) ;
#3380 = ORIENTED_EDGE ( 'NONE', *, *, #3628, .T. ) ;
#3381 = PRESENTATION_STYLE_ASSIGNMENT (( #2601 ) ) ;
#3382 = AXIS2_PLACEMENT_3D ( 'NONE', #2907, #353, #3710 ) ;
#3383 = UNCERTAINTY_MEASURE_WITH_UNIT (LENGTH_MEASURE( 1.000000000000000082E-05 ), #4737, 'distance_accuracy_value', 'NONE');
#3384 = CARTESIAN_POINT ( 'NONE',  ( 0.1248000000000001608, 0.4998000000000002441, 0.1100000000000000006 ) ) ;
#3385 = VERTEX_POINT ( 'NONE', #1222 ) ;
#3386 = EDGE_CURVE ( 'NONE', #421, #4644, #3513, .T. ) ;
#3387 = CARTESIAN_POINT ( 'NONE',  ( 0.1499999999999999944, 0.4988000000000001877, 0.1050000000000000239 ) ) ;
#3388 = EDGE_CURVE ( 'NONE', #2501, #4641, #2007, .T. ) ;
#3389 = ORIENTED_EDGE ( 'NONE', *, *, #3216, .T. ) ;
#3390 = STYLED_ITEM ( 'NONE', ( #1644 ), #4313 ) ;
#3391 = CARTESIAN_POINT ( 'NONE',  ( -0.3098000000000001863, 0.4998000000000002441, 0.1100000000000000006 ) ) ;
#3392 = DIRECTION ( 'NONE',  ( -0.0000000000000000000, -0.0000000000000000000, 1.000000000000000000 ) ) ;
#3393 =( GEOMETRIC_REPRESENTATION_CONTEXT ( 3 ) GLOBAL_UNCERTAINTY_ASSIGNED_CONTEXT ( ( #2253 ) ) GLOBAL_UNIT_ASSIGNED_CONTEXT ( ( #3457, #1985, #4236 ) ) REPRESENTATION_CONTEXT ( 'NONE', 'WORKASPACE' ) );
#3394 = VECTOR ( 'NONE', #2984, 1000.000000000000000 ) ;
#3395 = DIRECTION ( 'NONE',  ( -0.0000000000000000000, -0.0000000000000000000, -1.000000000000000000 ) ) ;
#3396 =( NAMED_UNIT ( * ) PLANE_ANGLE_UNIT ( ) SI_UNIT ( $, .RADIAN. ) );
#3397 = MECHANICAL_DESIGN_GEOMETRIC_PRESENTATION_REPRESENTATION (  '', ( #3588 ), #2599 ) ;
#3398 = VERTEX_POINT ( 'NONE', #2167 ) ;
#3399 = ORIENTED_EDGE ( 'NONE', *, *, #925, .T. ) ;
#3400 = SURFACE_STYLE_FILL_AREA ( #1150 ) ;
#3401 = SURFACE_SIDE_STYLE ('',( #1092 ) ) ;
#3402 = DIRECTION ( 'NONE',  ( 1.000000000000000000, 0.0000000000000000000, -0.0000000000000000000 ) ) ;
#3403 = FILL_AREA_STYLE_COLOUR ( '', #363 ) ;
#3404 = VERTEX_POINT ( 'NONE', #2910 ) ;
#3405 = CARTESIAN_POINT ( 'NONE',  ( 0.3248000000000000886, 0.4498000000000001997, 0.1100000000000000006 ) ) ;
#3406 = EDGE_LOOP ( 'NONE', ( #2108, #486, #2254, #3879 ) ) ;
#3407 = LINE ( 'NONE', #2496, #1668 ) ;
#3408 = EDGE_CURVE ( 'NONE', #4341, #1463, #2528, .T. ) ;
#3409 = VERTEX_POINT ( 'NONE', #1760 ) ;
#3410 = FACE_OUTER_BOUND ( 'NONE', #2292, .T. ) ;
#3411 = PRESENTATION_LAYER_ASSIGNMENT (  '', '', ( #364 ) ) ;
#3412 = ORIENTED_EDGE ( 'NONE', *, *, #177, .T. ) ;
#3413 = DIRECTION ( 'NONE',  ( -0.0000000000000000000, 0.0000000000000000000, 1.000000000000000000 ) ) ;
#3414 = ADVANCED_FACE ( 'NONE', ( #2822 ), #1289, .F. ) ;
#3415 = ORIENTED_EDGE ( 'NONE', *, *, #1461, .F. ) ;
#3416 = VECTOR ( 'NONE', #1970, 1000.000000000000000 ) ;
#3417 = LINE ( 'NONE', #654, #3363 ) ;
#3418 = MECHANICAL_DESIGN_GEOMETRIC_PRESENTATION_REPRESENTATION (  '', ( #2524 ), #2500 ) ;
#3419 = SURFACE_SIDE_STYLE ('',( #3670 ) ) ;
#3420 = DIRECTION ( 'NONE',  ( 0.0000000000000000000, -0.0000000000000000000, -1.000000000000000000 ) ) ;
#3421 = PLANE ( 'NONE',  #116 ) ;
#3422 = PLANE ( 'NONE',  #3080 ) ;
#3423 = VERTEX_POINT ( 'NONE', #2766 ) ;
#3424 = VERTEX_POINT ( 'NONE', #3511 ) ;
#3425 = ORIENTED_EDGE ( 'NONE', *, *, #1091, .F. ) ;
#3426 = VECTOR ( 'NONE', #870, 1000.000000000000000 ) ;
#3427 = FACE_OUTER_BOUND ( 'NONE', #4149, .T. ) ;
#3428 = DIRECTION ( 'NONE',  ( 0.0000000000000000000, -1.000000000000000000, 0.0000000000000000000 ) ) ;
#3429 = ADVANCED_FACE ( 'NONE', ( #452 ), #174, .F. ) ;
#3430 = DIRECTION ( 'NONE',  ( 0.0000000000000000000, -0.0000000000000000000, 1.000000000000000000 ) ) ;
#3431 =( GEOMETRIC_REPRESENTATION_CONTEXT ( 3 ) GLOBAL_UNCERTAINTY_ASSIGNED_CONTEXT ( ( #381 ) ) GLOBAL_UNIT_ASSIGNED_CONTEXT ( ( #752, #3676, #2190 ) ) REPRESENTATION_CONTEXT ( 'NONE', 'WORKASPACE' ) );
#3432 = EDGE_CURVE ( 'NONE', #3840, #319, #1949, .T. ) ;
#3433 = VERTEX_POINT ( 'NONE', #1112 ) ;
#3434 = PRESENTATION_STYLE_ASSIGNMENT (( #3847 ) ) ;
#3435 =( LENGTH_UNIT ( ) NAMED_UNIT ( * ) SI_UNIT ( .MILLI., .METRE. ) );
#3436 = DIRECTION ( 'NONE',  ( 0.2873478855663431086, 0.9578262852211520961, 0.0000000000000000000 ) ) ;
#3437 = ORIENTED_EDGE ( 'NONE', *, *, #472, .F. ) ;
#3438 = ORIENTED_EDGE ( 'NONE', *, *, #1728, .T. ) ;
#3439 = CARTESIAN_POINT ( 'NONE',  ( -0.4997000000000000330, 0.4497585786437628408, 0.1100000000000000144 ) ) ;
#3440 = LINE ( 'NONE', #3334, #2465 ) ;
#3441 = SURFACE_STYLE_USAGE ( .BOTH. , #3053 ) ;
#3442 = PLANE ( 'NONE',  #926 ) ;
#3443 = DIRECTION ( 'NONE',  ( -0.0000000000000000000, -0.0000000000000000000, 1.000000000000000000 ) ) ;
#3444 = EDGE_CURVE ( 'NONE', #1452, #441, #928, .T. ) ;
#3445 = VECTOR ( 'NONE', #3585, 1000.000000000000000 ) ;
#3446 = DIRECTION ( 'NONE',  ( -0.0000000000000000000, -1.000000000000000000, -0.0000000000000000000 ) ) ;
#3447 =( LENGTH_UNIT ( ) NAMED_UNIT ( * ) SI_UNIT ( .MILLI., .METRE. ) );
#3448 = PRESENTATION_LAYER_ASSIGNMENT (  '', '', ( #3848 ) ) ;
#3449 = LINE ( 'NONE', #2728, #4308 ) ;
#3450 =( NAMED_UNIT ( * ) PLANE_ANGLE_UNIT ( ) SI_UNIT ( $, .RADIAN. ) );
#3451 = PRESENTATION_LAYER_ASSIGNMENT (  '', '', ( #1232 ) ) ;
#3452 = ORIENTED_EDGE ( 'NONE', *, *, #592, .T. ) ;
#3453 = FILL_AREA_STYLE ('',( #4478 ) ) ;
#3454 = CARTESIAN_POINT ( 'NONE',  ( -0.4497585786437626187, -0.4997000000000002551, 0.1100000000000000144 ) ) ;
#3455 = PRESENTATION_STYLE_ASSIGNMENT (( #468 ) ) ;
#3456 = PRODUCT_DEFINITION ( 'UNKNOWN', '', #645, #971 ) ;
#3457 =( LENGTH_UNIT ( ) NAMED_UNIT ( * ) SI_UNIT ( .MILLI., .METRE. ) );
#3458 = FACE_OUTER_BOUND ( 'NONE', #481, .T. ) ;
#3459 = AXIS2_PLACEMENT_3D ( 'NONE', #3280, #2221, #3968 ) ;
#3460 = FACE_BOUND ( 'NONE', #3795, .T. ) ;
#3461 =( NAMED_UNIT ( * ) SI_UNIT ( $, .STERADIAN. ) SOLID_ANGLE_UNIT ( ) );
#3462 = FILL_AREA_STYLE ('',( #3054 ) ) ;
#3463 = DIRECTION ( 'NONE',  ( 0.2873478855663431086, -0.9578262852211520961, 0.0000000000000000000 ) ) ;
#3464 = PRESENTATION_LAYER_ASSIGNMENT (  '', '', ( #2327 ) ) ;
#3465 = FILL_AREA_STYLE ('',( #1629 ) ) ;
#3466 = PLANE ( 'NONE',  #4323 ) ;
#3467 = LINE ( 'NONE', #1495, #1217 ) ;
#3468 = PLANE ( 'NONE',  #2270 ) ;
#3469 = ORIENTED_EDGE ( 'NONE', *, *, #1556, .T. ) ;
#3470 =( NAMED_UNIT ( * ) PLANE_ANGLE_UNIT ( ) SI_UNIT ( $, .RADIAN. ) );
#3471 = ORIENTED_EDGE ( 'NONE', *, *, #2244, .T. ) ;
#3472 = ORIENTED_EDGE ( 'NONE', *, *, #2737, .F. ) ;
#3473 = EDGE_CURVE ( 'NONE', #3886, #2230, #1, .T. ) ;
#3474 = CARTESIAN_POINT ( 'NONE',  ( 0.0000000000000000000, -0.4999999999999998890, -0.1248999999999999971 ) ) ;
#3475 = UNCERTAINTY_MEASURE_WITH_UNIT (LENGTH_MEASURE( 1.000000000000000082E-05 ), #1851, 'distance_accuracy_value', 'NONE');
#3476 = PLANE ( 'NONE',  #3043 ) ;
#3477 = ORIENTED_EDGE ( 'NONE', *, *, #2458, .F. ) ;
#3478 = CARTESIAN_POINT ( 'NONE',  ( 0.5000000000000001110, -0.4999999999999998890, -0.1250000000000000000 ) ) ;
#3479 = PLANE ( 'NONE',  #2103 ) ;
#3480 = PRESENTATION_STYLE_ASSIGNMENT (( #258 ) ) ;
#3481 = PRESENTATION_LAYER_ASSIGNMENT (  '', '', ( #3908 ) ) ;
#3482 = PLANE ( 'NONE',  #4434 ) ;
#3483 = CARTESIAN_POINT ( 'NONE',  ( -0.4998000000000002441, -0.1499999999999999944, 0.005000000000000013115 ) ) ;
#3484 = ORIENTED_EDGE ( 'NONE', *, *, #4639, .T. ) ;
#3485 = VECTOR ( 'NONE', #1409, 1000.000000000000000 ) ;
#3486 = EDGE_CURVE ( 'NONE', #4099, #3781, #2316, .T. ) ;
#3487 = EDGE_CURVE ( 'NONE', #298, #3353, #812, .T. ) ;
#3488 =( GEOMETRIC_REPRESENTATION_CONTEXT ( 3 ) GLOBAL_UNCERTAINTY_ASSIGNED_CONTEXT ( ( #906 ) ) GLOBAL_UNIT_ASSIGNED_CONTEXT ( ( #1211, #4201, #3095 ) ) REPRESENTATION_CONTEXT ( 'NONE', 'WORKASPACE' ) );
#3489 = VERTEX_POINT ( 'NONE', #1162 ) ;
#3490 = VECTOR ( 'NONE', #3116, 1000.000000000000000 ) ;
#3491 = VERTEX_POINT ( 'NONE', #413 ) ;
#3492 = MECHANICAL_DESIGN_GEOMETRIC_PRESENTATION_REPRESENTATION (  '', ( #2473 ), #2956 ) ;
#3493 = DIRECTION ( 'NONE',  ( 0.0000000000000000000, 0.0000000000000000000, -1.000000000000000000 ) ) ;
#3494 = FACE_OUTER_BOUND ( 'NONE', #2408, .T. ) ;
#3495 = SURFACE_STYLE_USAGE ( .BOTH. , #4170 ) ;
#3496 = VECTOR ( 'NONE', #2278, 1000.000000000000000 ) ;
#3497 = ORIENTED_EDGE ( 'NONE', *, *, #4307, .T. ) ;
#3498 = DIRECTION ( 'NONE',  ( 0.0000000000000000000, -0.0000000000000000000, 1.000000000000000000 ) ) ;
#3499 = AXIS2_PLACEMENT_3D ( 'NONE', #613, #4640, #3176 ) ;
#3500 = LINE ( 'NONE', #3991, #850 ) ;
#3501 = ORIENTED_EDGE ( 'NONE', *, *, #28, .T. ) ;
#3502 = LINE ( 'NONE', #633, #621 ) ;
#3503 = PLANE ( 'NONE',  #90 ) ;
#3504 = FILL_AREA_STYLE_COLOUR ( '', #4109 ) ;
#3505 = LINE ( 'NONE', #3140, #2920 ) ;
#3506 = DIRECTION ( 'NONE',  ( 0.0000000000000000000, -0.0000000000000000000, -1.000000000000000000 ) ) ;
#3507 =( NAMED_UNIT ( * ) PLANE_ANGLE_UNIT ( ) SI_UNIT ( $, .RADIAN. ) );
#3508 = ORIENTED_EDGE ( 'NONE', *, *, #1259, .T. ) ;
#3509 = EDGE_CURVE ( 'NONE', #2146, #1387, #1322, .T. ) ;
#3510 = DIRECTION ( 'NONE',  ( -0.0000000000000000000, 1.000000000000000000, 0.0000000000000000000 ) ) ;
#3511 = CARTESIAN_POINT ( 'NONE',  ( -0.4998000000000002441, 0.1248000000000002163, 0.1100000000000000006 ) ) ;
#3512 = MECHANICAL_DESIGN_GEOMETRIC_PRESENTATION_REPRESENTATION (  '', ( #3848 ), #57 ) ;
#3513 = LINE ( 'NONE', #1952, #2136 ) ;
#3515 = CARTESIAN_POINT ( 'NONE',  ( 0.0000000000000000000, 0.0000000000000000000, 0.1250000000000000000 ) ) ;
#3514 = VECTOR ( 'NONE', #2857, 1000.000000000000000 ) ;
#3516 = FILL_AREA_STYLE_COLOUR ( '', #1862 ) ;
#3517 = AXIS2_PLACEMENT_3D ( 'NONE', #3941, #4670, #3164 ) ;
#3518 = VECTOR ( 'NONE', #2198, 1000.000000000000000 ) ;
#3519 = PLANE ( 'NONE',  #3517 ) ;
#3520 = CARTESIAN_POINT ( 'NONE',  ( 0.1000000000000001443, 0.07499999999999999722, -0.1150000000000000050 ) ) ;
#3521 = DIRECTION ( 'NONE',  ( -1.000000000000000000, 0.0000000000000000000, -0.0000000000000000000 ) ) ;
#3522 = VECTOR ( 'NONE', #1245, 1000.000000000000000 ) ;
#3523 =( NAMED_UNIT ( * ) PLANE_ANGLE_UNIT ( ) SI_UNIT ( $, .RADIAN. ) );
#3524 = DIRECTION ( 'NONE',  ( 0.0000000000000000000, -0.0000000000000000000, 1.000000000000000000 ) ) ;
#3525 = FACE_OUTER_BOUND ( 'NONE', #3078, .T. ) ;
#3526 = ORIENTED_EDGE ( 'NONE', *, *, #2873, .F. ) ;
#3527 = ORIENTED_EDGE ( 'NONE', *, *, #4674, .T. ) ;
#3528 = ORIENTED_EDGE ( 'NONE', *, *, #2977, .T. ) ;
#3529 = APPLICATION_CONTEXT ( 'automotive_design' ) ;
#3530 = UNCERTAINTY_MEASURE_WITH_UNIT (LENGTH_MEASURE( 1.000000000000000082E-05 ), #1534, 'distance_accuracy_value', 'NONE');
#3531 = ORIENTED_EDGE ( 'NONE', *, *, #884, .T. ) ;
#3532 = FACE_OUTER_BOUND ( 'NONE', #3189, .T. ) ;
#3533 = EDGE_CURVE ( 'NONE', #4388, #2443, #4252, .T. ) ;
#3534 =( NAMED_UNIT ( * ) SI_UNIT ( $, .STERADIAN. ) SOLID_ANGLE_UNIT ( ) );
#3535 = ORIENTED_EDGE ( 'NONE', *, *, #1067, .F. ) ;
#3536 = DIRECTION ( 'NONE',  ( 0.2873478855663431086, -0.9578262852211520961, -0.0000000000000000000 ) ) ;
#3537 = DIRECTION ( 'NONE',  ( -0.7071067811865474617, -0.7071067811865474617, -0.0000000000000000000 ) ) ;
#3538 = ORIENTED_EDGE ( 'NONE', *, *, #2545, .T. ) ;
#3539 = ORIENTED_EDGE ( 'NONE', *, *, #4547, .T. ) ;
#3540 = LINE ( 'NONE', #2763, #4043 ) ;
#3541 = PRESENTATION_LAYER_ASSIGNMENT (  '', '', ( #3218 ) ) ;
#3542 = VECTOR ( 'NONE', #4039, 1000.000000000000114 ) ;
#3543 = DIRECTION ( 'NONE',  ( -0.0000000000000000000, -0.0000000000000000000, 1.000000000000000000 ) ) ;
#3544 = CARTESIAN_POINT ( 'NONE',  ( -0.4999999999999998890, -0.4496000000000001107, -0.1248999999999999971 ) ) ;
#3545 = DIRECTION ( 'NONE',  ( 0.7071067811865474617, 0.7071067811865474617, -0.0000000000000000000 ) ) ;
#3546 = DIRECTION ( 'NONE',  ( -0.7071067811865472397, 0.7071067811865479058, 0.0000000000000000000 ) ) ;
#3547 = PRESENTATION_LAYER_ASSIGNMENT (  '', '', ( #2946 ) ) ;
#3548 = VERTEX_POINT ( 'NONE', #341 ) ;
#3549 = ADVANCED_FACE ( 'NONE', ( #1090 ), #3331, .F. ) ;
#3550 = SURFACE_STYLE_FILL_AREA ( #3658 ) ;
#3551 = CARTESIAN_POINT ( 'NONE',  ( -0.1499999999999999944, 0.4988000000000001877, 0.1050000000000000239 ) ) ;
#3552 = ORIENTED_EDGE ( 'NONE', *, *, #874, .T. ) ;
#3553 = ORIENTED_EDGE ( 'NONE', *, *, #1501, .F. ) ;
#3554 = ORIENTED_EDGE ( 'NONE', *, *, #2151, .F. ) ;
#3555 = VECTOR ( 'NONE', #1707, 1000.000000000000000 ) ;
#3556 = SURFACE_STYLE_FILL_AREA ( #1643 ) ;
#3557 = AXIS2_PLACEMENT_3D ( 'NONE', #2569, #10, #4402 ) ;
#3558 = DIRECTION ( 'NONE',  ( 0.2873478855663441633, -0.9578262852211517631, 0.0000000000000000000 ) ) ;
#3559 = PRESENTATION_LAYER_ASSIGNMENT (  '', '', ( #682 ) ) ;
#3560 = CARTESIAN_POINT ( 'NONE',  ( -0.4498000000000001997, -0.3248000000000001997, 0.1100000000000000006 ) ) ;
#3561 = SURFACE_STYLE_FILL_AREA ( #34 ) ;
#3562 = ORIENTED_EDGE ( 'NONE', *, *, #2483, .T. ) ;
#3563 = ORIENTED_EDGE ( 'NONE', *, *, #115, .F. ) ;
#3564 =( NAMED_UNIT ( * ) SI_UNIT ( $, .STERADIAN. ) SOLID_ANGLE_UNIT ( ) );
#3565 = LINE ( 'NONE', #800, #159 ) ;
#3566 = CARTESIAN_POINT ( 'NONE',  ( 0.07500000000000002498, 0.07499999999999998335, 0.1100000000000000006 ) ) ;
#3567 = EDGE_CURVE ( 'NONE', #3423, #3924, #4011, .T. ) ;
#3568 = CARTESIAN_POINT ( 'NONE',  ( -0.3098000000000001863, 0.4998000000000002441, 0.1250000000000000000 ) ) ;
#3569 = FACE_OUTER_BOUND ( 'NONE', #1642, .T. ) ;
#3570 = ORIENTED_EDGE ( 'NONE', *, *, #28, .F. ) ;
#3571 =( NAMED_UNIT ( * ) PLANE_ANGLE_UNIT ( ) SI_UNIT ( $, .RADIAN. ) );
#3572 = CARTESIAN_POINT ( 'NONE',  ( 0.4998000000000002441, 0.3098000000000002419, 0.1100000000000000006 ) ) ;
#3573 = EDGE_CURVE ( 'NONE', #1676, #2772, #228, .T. ) ;
#3574 = DIRECTION ( 'NONE',  ( 1.000000000000000000, -1.355252715606880789E-16, 0.0000000000000000000 ) ) ;
#3575 = COLOUR_RGB ( '',1.000000000000000000, 0.1686274509803921684, 0.1686274509803921684 ) ;
#3576 = DIRECTION ( 'NONE',  ( -1.000000000000000000, 0.0000000000000000000, -0.0000000000000000000 ) ) ;
#3577 = LINE ( 'NONE', #3384, #3961 ) ;
#3578 = STYLED_ITEM ( 'NONE', ( #3898 ), #4260 ) ;
#3579 = CARTESIAN_POINT ( 'NONE',  ( -0.4498000000000001997, -0.3248000000000001997, 0.1100000000000000006 ) ) ;
#3580 = DIRECTION ( 'NONE',  ( -0.0000000000000000000, -0.0000000000000000000, 1.000000000000000000 ) ) ;
#3581 = VECTOR ( 'NONE', #3266, 1000.000000000000000 ) ;
#3582 = ORIENTED_EDGE ( 'NONE', *, *, #788, .T. ) ;
#3583 = DIRECTION ( 'NONE',  ( -0.7071067811865461294, 0.7071067811865490160, 0.0000000000000000000 ) ) ;
#3584 = ORIENTED_EDGE ( 'NONE', *, *, #756, .T. ) ;
#3585 = DIRECTION ( 'NONE',  ( 1.000000000000000000, -0.0000000000000000000, -0.0000000000000000000 ) ) ;
#3586 = CARTESIAN_POINT ( 'NONE',  ( 0.1248000000000002163, -0.1248000000000002163, 0.1100000000000000006 ) ) ;
#3587 = LINE ( 'NONE', #291, #2662 ) ;
#3588 = STYLED_ITEM ( 'NONE', ( #2879 ), #1562 ) ;
#3589 = ORIENTED_EDGE ( 'NONE', *, *, #3058, .T. ) ;
#3590 =( LENGTH_UNIT ( ) NAMED_UNIT ( * ) SI_UNIT ( .MILLI., .METRE. ) );
#3591 = DIRECTION ( 'NONE',  ( -0.9578262852211516520, 0.2873478855663441078, 0.0000000000000000000 ) ) ;
#3592 = ORIENTED_EDGE ( 'NONE', *, *, #3817, .F. ) ;
#3593 = CARTESIAN_POINT ( 'NONE',  ( -0.4998999999999999555, -0.4998999999999999555, -0.02499999999999998404 ) ) ;
#3594 = ADVANCED_FACE ( 'NONE', ( #2068 ), #390, .F. ) ;
#3595 = FILL_AREA_STYLE ('',( #3260 ) ) ;
#3596 = CARTESIAN_POINT ( 'NONE',  ( 0.1998000000000001997, 0.4498000000000001997, 0.1100000000000000006 ) ) ;
#3597 = FILL_AREA_STYLE_COLOUR ( '', #2657 ) ;
#3598 = ORIENTED_EDGE ( 'NONE', *, *, #1012, .F. ) ;
#3599 = FACE_OUTER_BOUND ( 'NONE', #3086, .T. ) ;
#3600 = UNCERTAINTY_MEASURE_WITH_UNIT (LENGTH_MEASURE( 1.000000000000000082E-05 ), #158, 'distance_accuracy_value', 'NONE');
#3601 = EDGE_LOOP ( 'NONE', ( #998, #3842, #3646 ) ) ;
#3602 = LINE ( 'NONE', #4500, #1628 ) ;
#3603 = EDGE_CURVE ( 'NONE', #2582, #1431, #3803, .T. ) ;
#3604 = PRESENTATION_STYLE_ASSIGNMENT (( #4497 ) ) ;
#3605 =( NAMED_UNIT ( * ) PLANE_ANGLE_UNIT ( ) SI_UNIT ( $, .RADIAN. ) );
#3606 = VERTEX_POINT ( 'NONE', #3662 ) ;
#3607 = VERTEX_POINT ( 'NONE', #2071 ) ;
#3608 = DIRECTION ( 'NONE',  ( -1.000000000000000000, 0.0000000000000000000, -0.0000000000000000000 ) ) ;
#3609 = CARTESIAN_POINT ( 'NONE',  ( 0.4997000000000000330, -0.4497585786437628408, 0.1250000000000000000 ) ) ;
#3610 =( GEOMETRIC_REPRESENTATION_CONTEXT ( 3 ) GLOBAL_UNCERTAINTY_ASSIGNED_CONTEXT ( ( #4544 ) ) GLOBAL_UNIT_ASSIGNED_CONTEXT ( ( #2669, #3041, #414 ) ) REPRESENTATION_CONTEXT ( 'NONE', 'WORKASPACE' ) );
#3611 = ORIENTED_EDGE ( 'NONE', *, *, #974, .F. ) ;
#3612 = LINE ( 'NONE', #3560, #723 ) ;
#3613 = FILL_AREA_STYLE_COLOUR ( '', #762 ) ;
#3614 = AXIS2_PLACEMENT_3D ( 'NONE', #2308, #422, #88 ) ;
#3615 = LINE ( 'NONE', #1076, #2516 ) ;
#3616 = ORIENTED_EDGE ( 'NONE', *, *, #4306, .F. ) ;
#3617 = DIRECTION ( 'NONE',  ( 0.9578262852211516520, 0.2873478855663441078, 0.0000000000000000000 ) ) ;
#3618 = SURFACE_STYLE_FILL_AREA ( #2930 ) ;
#3619 = ADVANCED_FACE ( 'NONE', ( #976 ), #2784, .F. ) ;
#3620 = CARTESIAN_POINT ( 'NONE',  ( 0.1998000000000001997, 0.4498000000000001997, 0.1100000000000000006 ) ) ;
#3621 = SURFACE_STYLE_USAGE ( .BOTH. , #1383 ) ;
#3622 = UNCERTAINTY_MEASURE_WITH_UNIT (LENGTH_MEASURE( 1.000000000000000082E-05 ), #4107, 'distance_accuracy_value', 'NONE');
#3623 = LINE ( 'NONE', #1324, #4479 ) ;
#3624 = CARTESIAN_POINT ( 'NONE',  ( 0.4997000000000000330, 0.4497585786437628408, 0.1250000000000000000 ) ) ;
#3625 = VERTEX_POINT ( 'NONE', #3872 ) ;
#3626 = VECTOR ( 'NONE', #4254, 1000.000000000000000 ) ;
#3627 = FILL_AREA_STYLE ('',( #3597 ) ) ;
#3628 = EDGE_CURVE ( 'NONE', #2950, #1793, #2137, .T. ) ;
#3629 = VECTOR ( 'NONE', #65, 1000.000000000000000 ) ;
#3630 = CARTESIAN_POINT ( 'NONE',  ( 0.4498000000000001997, 0.1998000000000001997, 0.1100000000000000006 ) ) ;
#3631 = STYLED_ITEM ( 'NONE', ( #1292 ), #3113 ) ;
#3632 = CARTESIAN_POINT ( 'NONE',  ( 0.4998000000000002441, 0.4998000000000002441, 0.005000000000000013115 ) ) ;
#3633 =( NAMED_UNIT ( * ) SI_UNIT ( $, .STERADIAN. ) SOLID_ANGLE_UNIT ( ) );
#3634 = EDGE_CURVE ( 'NONE', #4228, #92, #1715, .T. ) ;
#3635 = DIRECTION ( 'NONE',  ( 0.7071067811865475727, -0.7071067811865475727, 0.0000000000000000000 ) ) ;
#3636 = DIRECTION ( 'NONE',  ( -0.0000000000000000000, -0.0000000000000000000, 1.000000000000000000 ) ) ;
#3637 = EDGE_CURVE ( 'NONE', #3423, #2153, #3577, .T. ) ;
#3638 = DIRECTION ( 'NONE',  ( -0.7071067811865474617, -0.7071067811865474617, 0.0000000000000000000 ) ) ;
#3639 = LINE ( 'NONE', #1064, #4264 ) ;
#3640 = VECTOR ( 'NONE', #511, 1000.000000000000000 ) ;
#3641 = ORIENTED_EDGE ( 'NONE', *, *, #3573, .F. ) ;
#3642 = STYLED_ITEM ( 'NONE', ( #2736 ), #2322 ) ;
#3643 = DIRECTION ( 'NONE',  ( 1.000000000000000000, 0.0000000000000000000, -0.0000000000000000000 ) ) ;
#3644 = ORIENTED_EDGE ( 'NONE', *, *, #412, .T. ) ;
#3645 = VECTOR ( 'NONE', #226, 1000.000000000000000 ) ;
#3646 = ORIENTED_EDGE ( 'NONE', *, *, #142, .T. ) ;
#3647 = CARTESIAN_POINT ( 'NONE',  ( 0.3248000000000000886, -0.4498000000000001997, 0.1100000000000000006 ) ) ;
#3648 = DIRECTION ( 'NONE',  ( 1.000000000000000000, -0.0000000000000000000, -0.0000000000000000000 ) ) ;
#3649 = ORIENTED_EDGE ( 'NONE', *, *, #272, .F. ) ;
#3650 = PRESENTATION_STYLE_ASSIGNMENT (( #3441 ) ) ;
#3651 = LINE ( 'NONE', #694, #831 ) ;
#3652 = EDGE_LOOP ( 'NONE', ( #1310, #3109, #262, #2421, #2488, #3553, #4501, #141 ) ) ;
#3653 = FILL_AREA_STYLE_COLOUR ( '', #1789 ) ;
#3654 = CARTESIAN_POINT ( 'NONE',  ( 0.4498000000000001997, 0.1998000000000001997, 0.1100000000000000006 ) ) ;
#3655 = SURFACE_STYLE_USAGE ( .BOTH. , #2588 ) ;
#3656 = EDGE_LOOP ( 'NONE', ( #2895, #749, #3649, #97, #2176, #3315, #2570, #4075, #2223, #4382, #785, #1753, #3978, #3316, #4400, #2277, #4528, #3212, #370, #903, #4036, #4508, #2434, #1049 ) ) ;
#3657 = FACE_OUTER_BOUND ( 'NONE', #3999, .T. ) ;
#3658 = FILL_AREA_STYLE ('',( #1148 ) ) ;
#3659 = CARTESIAN_POINT ( 'NONE',  ( -0.4498000000000001997, 0.1998000000000001997, 0.1100000000000000006 ) ) ;
#3660 = DIRECTION ( 'NONE',  ( 1.000000000000000000, -0.0000000000000000000, -0.0000000000000000000 ) ) ;
#3661 = PLANE ( 'NONE',  #1709 ) ;
#3662 = CARTESIAN_POINT ( 'NONE',  ( 0.5000000000000003331, 0.5000000000000001110, -0.02499999999999998404 ) ) ;
#3663 = ORIENTED_EDGE ( 'NONE', *, *, #1740, .F. ) ;
#3664 = CARTESIAN_POINT ( 'NONE',  ( -0.4498000000000001997, 0.3248000000000001997, 0.1250000000000000000 ) ) ;
#3665 = ORIENTED_EDGE ( 'NONE', *, *, #1737, .F. ) ;
#3666 = VECTOR ( 'NONE', #1513, 1000.000000000000000 ) ;
#3667 = COLOUR_RGB ( '',1.000000000000000000, 1.000000000000000000, 1.000000000000000000 ) ;
#3668 = EDGE_CURVE ( 'NONE', #1284, #2117, #60, .T. ) ;
#3669 = ORIENTED_EDGE ( 'NONE', *, *, #571, .F. ) ;
#3670 = SURFACE_STYLE_FILL_AREA ( #3049 ) ;
#3671 = ORIENTED_EDGE ( 'NONE', *, *, #1259, .F. ) ;
#3672 = VECTOR ( 'NONE', #4663, 1000.000000000000114 ) ;
#3673 = VECTOR ( 'NONE', #2743, 1000.000000000000000 ) ;
#3674 = STYLED_ITEM ( 'NONE', ( #2131 ), #3896 ) ;
#3675 = LINE ( 'NONE', #3960, #1641 ) ;
#3676 =( NAMED_UNIT ( * ) PLANE_ANGLE_UNIT ( ) SI_UNIT ( $, .RADIAN. ) );
#3677 = VERTEX_POINT ( 'NONE', #1497 ) ;
#3678 = DIRECTION ( 'NONE',  ( 1.000000000000000000, -0.0000000000000000000, -0.0000000000000000000 ) ) ;
#3679 = EDGE_LOOP ( 'NONE', ( #4684, #1220, #3769, #3023 ) ) ;
#3680 = DIRECTION ( 'NONE',  ( 1.000000000000000000, 0.0000000000000000000, 0.0000000000000000000 ) ) ;
#3681 = FILL_AREA_STYLE_COLOUR ( '', #1244 ) ;
#3682 = VECTOR ( 'NONE', #1170, 1000.000000000000000 ) ;
#3683 = PRESENTATION_LAYER_ASSIGNMENT (  '', '', ( #1830 ) ) ;
#3684 = CARTESIAN_POINT ( 'NONE',  ( -0.3098000000000001863, -0.4997000000000002551, 0.1100000000000000144 ) ) ;
#3685 = CARTESIAN_POINT ( 'NONE',  ( -0.4998000000000000220, -0.4498000000000001997, 0.1100000000000000144 ) ) ;
#3686 = AXIS2_PLACEMENT_3D ( 'NONE', #566, #1315, #2054 ) ;
#3687 = EDGE_CURVE ( 'NONE', #2950, #581, #1546, .T. ) ;
#3688 = SURFACE_SIDE_STYLE ('',( #1237 ) ) ;
#3689 = LINE ( 'NONE', #1655, #2697 ) ;
#3690 = ORIENTED_EDGE ( 'NONE', *, *, #2572, .F. ) ;
#3691 = EDGE_CURVE ( 'NONE', #525, #1651, #4552, .T. ) ;
#3692 = CARTESIAN_POINT ( 'NONE',  ( 0.1248000000000001608, -0.4998000000000002441, 0.1100000000000000006 ) ) ;
#3693 = FILL_AREA_STYLE_COLOUR ( '', #1472 ) ;
#3694 = UNCERTAINTY_MEASURE_WITH_UNIT (LENGTH_MEASURE( 1.000000000000000082E-05 ), #3933, 'distance_accuracy_value', 'NONE');
#3695 = CARTESIAN_POINT ( 'NONE',  ( 0.0000000000000000000, 0.0000000000000000000, -0.1150000000000000050 ) ) ;
#3696 = ADVANCED_FACE ( 'NONE', ( #3460, #2595 ), #771, .T. ) ;
#3697 = LINE ( 'NONE', #4154, #2477 ) ;
#3698 = DIRECTION ( 'NONE',  ( 0.0000000000000000000, 0.0000000000000000000, 1.000000000000000000 ) ) ;
#3699 = FILL_AREA_STYLE ('',( #2863 ) ) ;
#3700 = EDGE_CURVE ( 'NONE', #4265, #1989, #4433, .T. ) ;
#3701 = CARTESIAN_POINT ( 'NONE',  ( 0.1998000000000001997, -0.4498000000000001997, 0.1100000000000000006 ) ) ;
#3702 = LINE ( 'NONE', #3867, #1833 ) ;
#3703 = EDGE_CURVE ( 'NONE', #1793, #4727, #3852, .T. ) ;
#3704 = CARTESIAN_POINT ( 'NONE',  ( -0.4497585786437626187, 0.4997000000000002551, 0.1250000000000000000 ) ) ;
#3705 =( NAMED_UNIT ( * ) PLANE_ANGLE_UNIT ( ) SI_UNIT ( $, .RADIAN. ) );
#3706 = PRESENTATION_STYLE_ASSIGNMENT (( #2511 ) ) ;
#3707 = PRESENTATION_LAYER_ASSIGNMENT (  '', '', ( #1476 ) ) ;
#3708 =( NAMED_UNIT ( * ) SI_UNIT ( $, .STERADIAN. ) SOLID_ANGLE_UNIT ( ) );
#3709 =( LENGTH_UNIT ( ) NAMED_UNIT ( * ) SI_UNIT ( .MILLI., .METRE. ) );
#3710 = DIRECTION ( 'NONE',  ( -1.000000000000000000, 0.0000000000000000000, -0.0000000000000000000 ) ) ;
#3711 = EDGE_LOOP ( 'NONE', ( #2005, #4671, #4069, #2461 ) ) ;
#3712 = CARTESIAN_POINT ( 'NONE',  ( -0.4998000000000002441, -0.1499999999999999944, 0.1050000000000000239 ) ) ;
#3713 =( LENGTH_UNIT ( ) NAMED_UNIT ( * ) SI_UNIT ( .MILLI., .METRE. ) );
#3714 = AXIS2_PLACEMENT_3D ( 'NONE', #3194, #3574, #994 ) ;
#3715 = CARTESIAN_POINT ( 'NONE',  ( 0.4999000000000001775, 0.4999000000000001775, -0.02499999999999998404 ) ) ;
#3716 = ORIENTED_EDGE ( 'NONE', *, *, #675, .T. ) ;
#3717 = LINE ( 'NONE', #2394, #1115 ) ;
#3718 = MECHANICAL_DESIGN_GEOMETRIC_PRESENTATION_REPRESENTATION (  '', ( #2327 ), #4286 ) ;
#3719 = EDGE_LOOP ( 'NONE', ( #721, #29, #305, #1003, #2385, #1581, #2842, #3288, #2724 ) ) ;
#3720 = PRESENTATION_STYLE_ASSIGNMENT (( #2386 ) ) ;
#3721 = COLOUR_RGB ( '',0.6470588235294117974, 0.6196078431372549211, 0.5882352941176470784 ) ;
#3722 = CARTESIAN_POINT ( 'NONE',  ( -0.3098300000000002163, -0.4997000000000002551, 0.1100000000000000006 ) ) ;
#3723 = ORIENTED_EDGE ( 'NONE', *, *, #3386, .F. ) ;
#3724 = SURFACE_STYLE_FILL_AREA ( #1176 ) ;
#3725 = PLANE ( 'NONE',  #746 ) ;
#3726 = SURFACE_SIDE_STYLE ('',( #3550 ) ) ;
#3727 = VERTEX_POINT ( 'NONE', #4720 ) ;
#3728 = PRESENTATION_STYLE_ASSIGNMENT (( #1283 ) ) ;
#3729 = VERTEX_POINT ( 'NONE', #3405 ) ;
#3730 = ORIENTED_EDGE ( 'NONE', *, *, #479, .T. ) ;
#3731 = EDGE_CURVE ( 'NONE', #2363, #2875, #2991, .T. ) ;
#3732 = DIRECTION ( 'NONE',  ( 0.0000000000000000000, -0.0000000000000000000, -1.000000000000000000 ) ) ;
#3733 = FILL_AREA_STYLE ('',( #4009 ) ) ;
#3734 = CARTESIAN_POINT ( 'NONE',  ( 0.1998000000000001997, 0.1998000000000001997, 0.1250000000000000000 ) ) ;
#3735 = LINE ( 'NONE', #93, #1635 ) ;
#3736 =( GEOMETRIC_REPRESENTATION_CONTEXT ( 3 ) GLOBAL_UNCERTAINTY_ASSIGNED_CONTEXT ( ( #3383 ) ) GLOBAL_UNIT_ASSIGNED_CONTEXT ( ( #4737, #2932, #3708 ) ) REPRESENTATION_CONTEXT ( 'NONE', 'WORKASPACE' ) );
#3737 = VERTEX_POINT ( 'NONE', #2646 ) ;
#3738 = EDGE_CURVE ( 'NONE', #379, #1855, #4320, .T. ) ;
#3739 = DIRECTION ( 'NONE',  ( 0.0000000000000000000, -0.0000000000000000000, -1.000000000000000000 ) ) ;
#3740 = EDGE_CURVE ( 'NONE', #2230, #4524, #630, .T. ) ;
#3741 = CARTESIAN_POINT ( 'NONE',  ( 0.4998000000000002441, 0.1499999999999999944, 0.1050000000000000239 ) ) ;
#3742 = AXIS2_PLACEMENT_3D ( 'NONE', #4601, #2429, #3166 ) ;
#3743 = VECTOR ( 'NONE', #751, 1000.000000000000000 ) ;
#3744 = DIRECTION ( 'NONE',  ( -0.0000000000000000000, -0.0000000000000000000, 1.000000000000000000 ) ) ;
#3745 = DIRECTION ( 'NONE',  ( 0.0000000000000000000, 0.0000000000000000000, 1.000000000000000000 ) ) ;
#3746 = DIRECTION ( 'NONE',  ( -1.000000000000000000, 0.0000000000000000000, 0.0000000000000000000 ) ) ;
#3747 = PLANE ( 'NONE',  #4477 ) ;
#3748 =( NAMED_UNIT ( * ) PLANE_ANGLE_UNIT ( ) SI_UNIT ( $, .RADIAN. ) );
#3749 = VERTEX_POINT ( 'NONE', #1661 ) ;
#3750 = UNCERTAINTY_MEASURE_WITH_UNIT (LENGTH_MEASURE( 1.000000000000000082E-05 ), #2624, 'distance_accuracy_value', 'NONE');
#3751 = PRESENTATION_LAYER_ASSIGNMENT (  '', '', ( #1814 ) ) ;
#3752 = DIRECTION ( 'NONE',  ( 0.0000000000000000000, 0.0000000000000000000, -1.000000000000000000 ) ) ;
#3753 = SURFACE_STYLE_USAGE ( .BOTH. , #1107 ) ;
#3754 = VECTOR ( 'NONE', #1907, 1000.000000000000000 ) ;
#3755 = FILL_AREA_STYLE_COLOUR ( '', #1738 ) ;
#3756 = SURFACE_STYLE_USAGE ( .BOTH. , #410 ) ;
#3757 = CARTESIAN_POINT ( 'NONE',  ( 0.1998000000000001997, 0.4498000000000001997, 0.1250000000000000000 ) ) ;
#3758 = DIRECTION ( 'NONE',  ( 0.0000000000000000000, 0.0000000000000000000, -1.000000000000000000 ) ) ;
#3759 = EDGE_CURVE ( 'NONE', #1858, #1908, #4716, .T. ) ;
#3760 = CARTESIAN_POINT ( 'NONE',  ( -0.4999999999999998890, 0.5000000000000003331, -0.02499999999999998404 ) ) ;
#3761 = LINE ( 'NONE', #3715, #3581 ) ;
#3762 = ORIENTED_EDGE ( 'NONE', *, *, #4460, .T. ) ;
#3763 = ADVANCED_FACE ( 'NONE', ( #289 ), #3905, .F. ) ;
#3764 =( NAMED_UNIT ( * ) SI_UNIT ( $, .STERADIAN. ) SOLID_ANGLE_UNIT ( ) );
#3765 = ORIENTED_EDGE ( 'NONE', *, *, #1764, .F. ) ;
#3766 = SURFACE_STYLE_FILL_AREA ( #1111 ) ;
#3767 = ORIENTED_EDGE ( 'NONE', *, *, #1286, .T. ) ;
#3768 = AXIS2_PLACEMENT_3D ( 'NONE', #266, #2811, #2079 ) ;
#3769 = ORIENTED_EDGE ( 'NONE', *, *, #2539, .F. ) ;
#3770 = LINE ( 'NONE', #3268, #3485 ) ;
#3771 =( NAMED_UNIT ( * ) SI_UNIT ( $, .STERADIAN. ) SOLID_ANGLE_UNIT ( ) );
#3772 = CARTESIAN_POINT ( 'NONE',  ( 0.4998000000000002441, 0.1499999999999999944, 0.1050000000000000239 ) ) ;
#3773 = VECTOR ( 'NONE', #904, 1000.000000000000000 ) ;
#3774 = CARTESIAN_POINT ( 'NONE',  ( 0.1499999999999999667, -0.04999999999999999584, -0.1150000000000000050 ) ) ;
#3775 = DIRECTION ( 'NONE',  ( 0.7071067811865490160, 0.7071067811865460184, 0.0000000000000000000 ) ) ;
#3776 = EDGE_LOOP ( 'NONE', ( #2396, #2271, #3497, #485, #3438, #2366, #132, #4624, #431, #2023, #2334, #1917 ) ) ;
#3777 = CARTESIAN_POINT ( 'NONE',  ( 0.1000000000000001443, -0.07499999999999996947, -0.1150000000000000050 ) ) ;
#3778 = ORIENTED_EDGE ( 'NONE', *, *, #1122, .F. ) ;
#3779 = VECTOR ( 'NONE', #4397, 1000.000000000000000 ) ;
#3780 = CARTESIAN_POINT ( 'NONE',  ( -0.4498000000000001997, -0.1998000000000001997, 0.1100000000000000006 ) ) ;
#3781 = VERTEX_POINT ( 'NONE', #3003 ) ;
#3782 = ORIENTED_EDGE ( 'NONE', *, *, #1136, .F. ) ;
#3783 = CARTESIAN_POINT ( 'NONE',  ( -0.4998000000000000220, 0.4498000000000001997, -0.06571067811865477504 ) ) ;
#3784 = EDGE_LOOP ( 'NONE', ( #1582, #2402, #1066, #2744 ) ) ;
#3785 = ORIENTED_EDGE ( 'NONE', *, *, #418, .F. ) ;
#3786 = CARTESIAN_POINT ( 'NONE',  ( 0.4496000000000002217, 0.5000000000000002220, -0.1250000000000000000 ) ) ;
#3787 = LINE ( 'NONE', #632, #3672 ) ;
#3788 = CARTESIAN_POINT ( 'NONE',  ( -0.09999999999999988065, -0.07499999999999996947, -0.1150000000000000050 ) ) ;
#3789 = EDGE_CURVE ( 'NONE', #816, #773, #2262, .T. ) ;
#3790 = CARTESIAN_POINT ( 'NONE',  ( -0.4997000000000002551, 0.3098300000000002719, 0.1100000000000000144 ) ) ;
#3791 = VECTOR ( 'NONE', #1125, 1000.000000000000000 ) ;
#3792 = ORIENTED_EDGE ( 'NONE', *, *, #382, .T. ) ;
#3793 = ORIENTED_EDGE ( 'NONE', *, *, #1363, .T. ) ;
#3794 = CARTESIAN_POINT ( 'NONE',  ( -0.4988000000000001877, -0.1499999999999999944, 0.005000000000000013115 ) ) ;
#3795 = EDGE_LOOP ( 'NONE', ( #2901, #1354, #3191, #4630 ) ) ;
#3796 =( GEOMETRIC_REPRESENTATION_CONTEXT ( 3 ) GLOBAL_UNCERTAINTY_ASSIGNED_CONTEXT ( ( #676 ) ) GLOBAL_UNIT_ASSIGNED_CONTEXT ( ( #2527, #322, #3276 ) ) REPRESENTATION_CONTEXT ( 'NONE', 'WORKASPACE' ) );
#3797 =( LENGTH_UNIT ( ) NAMED_UNIT ( * ) SI_UNIT ( .MILLI., .METRE. ) );
#3798 = AXIS2_PLACEMENT_3D ( 'NONE', #1558, #4144, #3413 ) ;
#3799 = MECHANICAL_DESIGN_GEOMETRIC_PRESENTATION_REPRESENTATION (  '', ( #4025 ), #2444 ) ;
#3800 =( LENGTH_UNIT ( ) NAMED_UNIT ( * ) SI_UNIT ( .MILLI., .METRE. ) );
#3801 = DIRECTION ( 'NONE',  ( 0.0000000000000000000, 1.000000000000000000, -0.0000000000000000000 ) ) ;
#3802 = ORIENTED_EDGE ( 'NONE', *, *, #1994, .T. ) ;
#3803 = LINE ( 'NONE', #3151, #4718 ) ;
#3804 = CARTESIAN_POINT ( 'NONE',  ( -0.1499999999999999944, 0.4988000000000001877, 0.005000000000000013115 ) ) ;
#3805 = VECTOR ( 'NONE', #2089, 1000.000000000000000 ) ;
#3806 = VECTOR ( 'NONE', #1909, 1000.000000000000000 ) ;
#3807 = UNCERTAINTY_MEASURE_WITH_UNIT (LENGTH_MEASURE( 1.000000000000000082E-05 ), #2059, 'distance_accuracy_value', 'NONE');
#3808 = DIRECTION ( 'NONE',  ( -0.0000000000000000000, -0.0000000000000000000, -1.000000000000000000 ) ) ;
#3809 = EDGE_CURVE ( 'NONE', #4727, #1744, #4372, .T. ) ;
#3810 = ORIENTED_EDGE ( 'NONE', *, *, #2075, .T. ) ;
#3811 = FILL_AREA_STYLE_COLOUR ( '', #789 ) ;
#3812 = FILL_AREA_STYLE_COLOUR ( '', #3010 ) ;
#3813 = EDGE_LOOP ( 'NONE', ( #4506, #175, #909, #1560 ) ) ;
#3814 = CARTESIAN_POINT ( 'NONE',  ( 0.1499999999999999944, -0.4988000000000001877, 0.005000000000000013115 ) ) ;
#3815 = DIRECTION ( 'NONE',  ( 1.000000000000000000, -1.445602896647339163E-16, 0.0000000000000000000 ) ) ;
#3816 = LINE ( 'NONE', #1441, #4146 ) ;
#3817 = EDGE_CURVE ( 'NONE', #674, #4094, #1430, .T. ) ;
#3818 = EDGE_LOOP ( 'NONE', ( #3802, #578, #585, #1298 ) ) ;
#3819 = FILL_AREA_STYLE ('',( #3129 ) ) ;
#3820 = ORIENTED_EDGE ( 'NONE', *, *, #1038, .T. ) ;
#3821 = AXIS2_PLACEMENT_3D ( 'NONE', #4079, #1539, #3745 ) ;
#3822 = VERTEX_POINT ( 'NONE', #4409 ) ;
#3823 = PRESENTATION_STYLE_ASSIGNMENT (( #1777 ) ) ;
#3824 = FACE_OUTER_BOUND ( 'NONE', #4051, .T. ) ;
#3825 = STYLED_ITEM ( 'NONE', ( #2118 ), #2480 ) ;
#3826 = CARTESIAN_POINT ( 'NONE',  ( -0.1248000000000001608, 0.4998000000000002441, 0.1100000000000000006 ) ) ;
#3827 = CARTESIAN_POINT ( 'NONE',  ( -0.1998000000000001997, 0.4498000000000001997, 0.1100000000000000006 ) ) ;
#3828 = DIRECTION ( 'NONE',  ( -0.0000000000000000000, -0.0000000000000000000, 1.000000000000000000 ) ) ;
#3829 = CARTESIAN_POINT ( 'NONE',  ( -0.5000000000000000000, 0.4496000000000001107, -0.1248999999999999971 ) ) ;
#3830 = ORIENTED_EDGE ( 'NONE', *, *, #4518, .F. ) ;
#3831 = DIRECTION ( 'NONE',  ( -1.445602896647339163E-16, -1.000000000000000000, -0.0000000000000000000 ) ) ;
#3832 = CARTESIAN_POINT ( 'NONE',  ( -0.4999999999999998890, 0.5000000000000001110, -0.02499999999999998404 ) ) ;
#3833 = AXIS2_PLACEMENT_3D ( 'NONE', #189, #3815, #934 ) ;
#3834 = FACE_OUTER_BOUND ( 'NONE', #801, .T. ) ;
#3835 = ORIENTED_EDGE ( 'NONE', *, *, #2803, .T. ) ;
#3836 = COLOUR_RGB ( '',0.6470588235294117974, 0.6196078431372549211, 0.5882352941176470784 ) ;
#3837 = DIRECTION ( 'NONE',  ( 1.445602896647339163E-16, -1.000000000000000000, 0.0000000000000000000 ) ) ;
#3838 = LINE ( 'NONE', #1965, #3370 ) ;
#3839 = ORIENTED_EDGE ( 'NONE', *, *, #2794, .F. ) ;
#3840 = VERTEX_POINT ( 'NONE', #3019 ) ;
#3841 = LINE ( 'NONE', #3783, #3204 ) ;
#3842 = ORIENTED_EDGE ( 'NONE', *, *, #4518, .T. ) ;
#3843 =( LENGTH_UNIT ( ) NAMED_UNIT ( * ) SI_UNIT ( .MILLI., .METRE. ) );
#3844 = CARTESIAN_POINT ( 'NONE',  ( 0.1248000000000001608, -0.4998000000000002441, 0.1100000000000000006 ) ) ;
#3845 = CARTESIAN_POINT ( 'NONE',  ( -0.3098000000000001863, -0.4998000000000002441, 0.1100000000000000006 ) ) ;
#3846 = EDGE_CURVE ( 'NONE', #4216, #3181, #1825, .T. ) ;
#3847 = SURFACE_STYLE_USAGE ( .BOTH. , #1278 ) ;
#3848 = STYLED_ITEM ( 'NONE', ( #2195 ), #3163 ) ;
#3849 = PRESENTATION_STYLE_ASSIGNMENT (( #669 ) ) ;
#3850 = STYLED_ITEM ( 'NONE', ( #2225 ), #283 ) ;
#3851 = LINE ( 'NONE', #2971, #866 ) ;
#3852 = LINE ( 'NONE', #11, #1274 ) ;
#3853 = CARTESIAN_POINT ( 'NONE',  ( -0.4998999999999999555, 0.4999000000000001775, -0.02499999999999998404 ) ) ;
#3854 = SURFACE_SIDE_STYLE ('',( #697 ) ) ;
#3855 = ORIENTED_EDGE ( 'NONE', *, *, #89, .T. ) ;
#3856 = ADVANCED_FACE ( 'NONE', ( #562 ), #1147, .F. ) ;
#3857 = PLANE ( 'NONE',  #1706 ) ;
#3858 = CARTESIAN_POINT ( 'NONE',  ( 0.1499999999999999667, 0.05000000000000000971, -0.1250000000000000000 ) ) ;
#3859 = SURFACE_STYLE_FILL_AREA ( #3123 ) ;
#3860 = EDGE_CURVE ( 'NONE', #2959, #3118, #1489, .T. ) ;
#3861 = DIRECTION ( 'NONE',  ( 1.000000000000000000, 0.0000000000000000000, 0.0000000000000000000 ) ) ;
#3862 = ORIENTED_EDGE ( 'NONE', *, *, #4208, .T. ) ;
#3863 = CARTESIAN_POINT ( 'NONE',  ( 0.4998000000000000220, -0.4498000000000001997, -0.06571067811865477504 ) ) ;
#3864 = SURFACE_STYLE_FILL_AREA ( #937 ) ;
#3865 = AXIS2_PLACEMENT_3D ( 'NONE', #3695, #4006, #2246 ) ;
#3866 = DIRECTION ( 'NONE',  ( 0.0000000000000000000, -0.0000000000000000000, 1.000000000000000000 ) ) ;
#3867 = CARTESIAN_POINT ( 'NONE',  ( -0.4498000000000001997, 0.3248000000000001997, 0.1100000000000000006 ) ) ;
#3868 = ORIENTED_EDGE ( 'NONE', *, *, #3386, .T. ) ;
#3869 = SURFACE_STYLE_FILL_AREA ( #1016 ) ;
#3870 = AXIS2_PLACEMENT_3D ( 'NONE', #2936, #1834, #1084 ) ;
#3871 = LINE ( 'NONE', #1483, #4686 ) ;
#3872 = CARTESIAN_POINT ( 'NONE',  ( 0.1998000000000001997, -0.1998000000000001997, 0.1100000000000000006 ) ) ;
#3873 = EDGE_CURVE ( 'NONE', #1787, #2417, #509, .T. ) ;
#3874 = ORIENTED_EDGE ( 'NONE', *, *, #3303, .F. ) ;
#3875 = PRESENTATION_STYLE_ASSIGNMENT (( #114 ) ) ;
#3876 = LINE ( 'NONE', #3904, #4104 ) ;
#3877 = VECTOR ( 'NONE', #719, 1000.000000000000000 ) ;
#3878 = UNCERTAINTY_MEASURE_WITH_UNIT (LENGTH_MEASURE( 1.000000000000000082E-05 ), #541, 'distance_accuracy_value', 'NONE');
#3879 = ORIENTED_EDGE ( 'NONE', *, *, #2848, .T. ) ;
#3880 = AXIS2_PLACEMENT_3D ( 'NONE', #625, #3195, #3576 ) ;
#3881 = SURFACE_SIDE_STYLE ('',( #3365 ) ) ;
#3882 = PLANE ( 'NONE',  #3154 ) ;
#3883 = UNCERTAINTY_MEASURE_WITH_UNIT (LENGTH_MEASURE( 1.000000000000000082E-05 ), #658, 'distance_accuracy_value', 'NONE');
#3884 = PRESENTATION_STYLE_ASSIGNMENT (( #4643 ) ) ;
#3885 = VERTEX_POINT ( 'NONE', #1507 ) ;
#3886 = VERTEX_POINT ( 'NONE', #4106 ) ;
#3887 = SURFACE_SIDE_STYLE ('',( #1407 ) ) ;
#3888 = PRESENTATION_LAYER_ASSIGNMENT (  '', '', ( #3588 ) ) ;
#3889 = SURFACE_STYLE_FILL_AREA ( #199 ) ;
#3890 = ORIENTED_EDGE ( 'NONE', *, *, #4306, .T. ) ;
#3891 = CARTESIAN_POINT ( 'NONE',  ( 0.4498000000000001997, -0.1998000000000001997, 0.1250000000000000000 ) ) ;
#3892 = ORIENTED_EDGE ( 'NONE', *, *, #3115, .F. ) ;
#3893 = VECTOR ( 'NONE', #2898, 1000.000000000000000 ) ;
#3894 = CARTESIAN_POINT ( 'NONE',  ( 0.3098300000000002163, -0.4997000000000002551, 0.1100000000000000144 ) ) ;
#3895 = ORIENTED_EDGE ( 'NONE', *, *, #2518, .F. ) ;
#3896 = ADVANCED_FACE ( 'NONE', ( #4077 ), #66, .F. ) ;
#3897 = DIRECTION ( 'NONE',  ( 1.000000000000000000, -0.0000000000000000000, 0.0000000000000000000 ) ) ;
#3898 = PRESENTATION_STYLE_ASSIGNMENT (( #3621 ) ) ;
#3899 = CARTESIAN_POINT ( 'NONE',  ( 0.1998000000000001997, -0.4498000000000001997, 0.1100000000000000006 ) ) ;
#3900 = EDGE_CURVE ( 'NONE', #2582, #1284, #977, .T. ) ;
#3901 = SURFACE_SIDE_STYLE ('',( #3240 ) ) ;
#3902 = CARTESIAN_POINT ( 'NONE',  ( -0.07499999999999996947, -0.07500000000000001110, 0.1250000000000000000 ) ) ;
#3903 = PRESENTATION_LAYER_ASSIGNMENT (  '', '', ( #678 ) ) ;
#3904 = CARTESIAN_POINT ( 'NONE',  ( -0.1248000000000001608, -0.4998000000000002441, 0.1100000000000000006 ) ) ;
#3905 = PLANE ( 'NONE',  #610 ) ;
#3906 = VECTOR ( 'NONE', #2298, 1000.000000000000000 ) ;
#3907 = SURFACE_SIDE_STYLE ('',( #3889 ) ) ;
#3908 = STYLED_ITEM ( 'NONE', ( #2100 ), #2752 ) ;
#3909 = VECTOR ( 'NONE', #3313, 1000.000000000000000 ) ;
#3910 = EDGE_CURVE ( 'NONE', #1809, #1059, #1368, .T. ) ;
#3911 = DIRECTION ( 'NONE',  ( -0.0000000000000000000, 1.000000000000000000, -0.0000000000000000000 ) ) ;
#3912 = VECTOR ( 'NONE', #1024, 1000.000000000000000 ) ;
#3913 = SURFACE_STYLE_USAGE ( .BOTH. , #3887 ) ;
#3914 = ADVANCED_FACE ( 'NONE', ( #2257 ), #2625, .F. ) ;
#3915 = DIRECTION ( 'NONE',  ( -1.549318638402482068E-15, -1.000000000000000000, 0.0000000000000000000 ) ) ;
#3916 =( NAMED_UNIT ( * ) PLANE_ANGLE_UNIT ( ) SI_UNIT ( $, .RADIAN. ) );
#3917 = CARTESIAN_POINT ( 'NONE',  ( 0.4998000000000000220, -0.4498000000000001997, 0.005000000000000013115 ) ) ;
#3918 = EDGE_LOOP ( 'NONE', ( #3020, #3671, #2130, #4125 ) ) ;
#3919 = FACE_OUTER_BOUND ( 'NONE', #1516, .T. ) ;
#3920 = EDGE_CURVE ( 'NONE', #1976, #1999, #3214, .T. ) ;
#3921 =( NAMED_UNIT ( * ) PLANE_ANGLE_UNIT ( ) SI_UNIT ( $, .RADIAN. ) );
#3922 = PLANE ( 'NONE',  #2650 ) ;
#3923 = DIRECTION ( 'NONE',  ( 1.000000000000000000, 0.0000000000000000000, 0.0000000000000000000 ) ) ;
#3924 = VERTEX_POINT ( 'NONE', #2641 ) ;
#3925 = STYLED_ITEM ( 'NONE', ( #516 ), #3145 ) ;
#3926 = DIRECTION ( 'NONE',  ( 0.0000000000000000000, 0.0000000000000000000, -1.000000000000000000 ) ) ;
#3927 = DIRECTION ( 'NONE',  ( -1.000000000000000000, -0.0000000000000000000, -0.0000000000000000000 ) ) ;
#3928 = AXIS2_PLACEMENT_3D ( 'NONE', #2314, #2283, #4441 ) ;
#3929 = ORIENTED_EDGE ( 'NONE', *, *, #1286, .F. ) ;
#3930 = ORIENTED_EDGE ( 'NONE', *, *, #1358, .T. ) ;
#3931 = VECTOR ( 'NONE', #3395, 1000.000000000000000 ) ;
#3932 = EDGE_CURVE ( 'NONE', #3548, #359, #4429, .T. ) ;
#3933 =( LENGTH_UNIT ( ) NAMED_UNIT ( * ) SI_UNIT ( .MILLI., .METRE. ) );
#3934 = MECHANICAL_DESIGN_GEOMETRIC_PRESENTATION_REPRESENTATION (  '', ( #2808 ), #4185 ) ;
#3935 =( NAMED_UNIT ( * ) SI_UNIT ( $, .STERADIAN. ) SOLID_ANGLE_UNIT ( ) );
#3936 = ORIENTED_EDGE ( 'NONE', *, *, #3278, .T. ) ;
#3937 = CARTESIAN_POINT ( 'NONE',  ( -0.4498000000000001997, -0.3248000000000001997, 0.1100000000000000006 ) ) ;
#3938 = ORIENTED_EDGE ( 'NONE', *, *, #3473, .F. ) ;
#3939 = AXIS2_PLACEMENT_3D ( 'NONE', #2226, #2584, #1433 ) ;
#3940 = UNCERTAINTY_MEASURE_WITH_UNIT (LENGTH_MEASURE( 1.000000000000000082E-05 ), #995, 'distance_accuracy_value', 'NONE');
#3941 = CARTESIAN_POINT ( 'NONE',  ( 0.0000000000000000000, 0.0000000000000000000, 0.1250000000000000000 ) ) ;
#3942 = EDGE_LOOP ( 'NONE', ( #4084, #1623, #2563, #4709, #2573, #2628, #3839, #3477, #599, #3535, #2681, #2233 ) ) ;
#3943 = DIRECTION ( 'NONE',  ( 1.000000000000000000, 0.0000000000000000000, 0.0000000000000000000 ) ) ;
#3944 = COLOUR_RGB ( '',0.6470588235294117974, 0.6196078431372549211, 0.5882352941176470784 ) ;
#3945 = LINE ( 'NONE', #2166, #217 ) ;
#3946 =( NAMED_UNIT ( * ) SI_UNIT ( $, .STERADIAN. ) SOLID_ANGLE_UNIT ( ) );
#3947 =( LENGTH_UNIT ( ) NAMED_UNIT ( * ) SI_UNIT ( .MILLI., .METRE. ) );
#3948 = DIRECTION ( 'NONE',  ( 1.000000000000000000, 0.0000000000000000000, 0.0000000000000000000 ) ) ;
#3949 = SURFACE_STYLE_FILL_AREA ( #2201 ) ;
#3950 = FILL_AREA_STYLE ('',( #3613 ) ) ;
#3951 =( NAMED_UNIT ( * ) PLANE_ANGLE_UNIT ( ) SI_UNIT ( $, .RADIAN. ) );
#3952 = EDGE_CURVE ( 'NONE', #3108, #75, #167, .T. ) ;
#3953 = ORIENTED_EDGE ( 'NONE', *, *, #3130, .T. ) ;
#3954 = AXIS2_PLACEMENT_3D ( 'NONE', #317, #2604, #2575 ) ;
#3955 = PLANE ( 'NONE',  #424 ) ;
#3956 = EDGE_CURVE ( 'NONE', #4209, #2171, #1946, .T. ) ;
#3957 = EDGE_CURVE ( 'NONE', #4311, #3424, #4548, .T. ) ;
#3958 = PLANE ( 'NONE',  #462 ) ;
#3959 = VECTOR ( 'NONE', #2313, 1000.000000000000114 ) ;
#3960 = CARTESIAN_POINT ( 'NONE',  ( 0.3098000000000001863, 0.4998000000000002441, 0.1250000000000000000 ) ) ;
#3961 = VECTOR ( 'NONE', #22, 1000.000000000000000 ) ;
#3962 = FILL_AREA_STYLE_COLOUR ( '', #249 ) ;
#3963 = ADVANCED_FACE ( 'NONE', ( #747 ), #3421, .F. ) ;
#3964 = CARTESIAN_POINT ( 'NONE',  ( 0.4998000000000002441, -0.1499999999999999944, 0.1050000000000000239 ) ) ;
#3965 = STYLED_ITEM ( 'NONE', ( #263 ), #1762 ) ;
#3966 = PLANE ( 'NONE',  #2154 ) ;
#3967 = ORIENTED_EDGE ( 'NONE', *, *, #4435, .F. ) ;
#3968 = DIRECTION ( 'NONE',  ( 0.0000000000000000000, 0.0000000000000000000, -1.000000000000000000 ) ) ;
#3969 = COLOUR_RGB ( '',0.3411764705882353033, 0.8392156862745098200, 0.4117647058823529216 ) ;
#3970 = VECTOR ( 'NONE', #388, 1000.000000000000000 ) ;
#3971 =( GEOMETRIC_REPRESENTATION_CONTEXT ( 3 ) GLOBAL_UNCERTAINTY_ASSIGNED_CONTEXT ( ( #2021 ) ) GLOBAL_UNIT_ASSIGNED_CONTEXT ( ( #3713, #1096, #1817 ) ) REPRESENTATION_CONTEXT ( 'NONE', 'WORKASPACE' ) );
#3972 = ORIENTED_EDGE ( 'NONE', *, *, #4547, .F. ) ;
#3973 = DIRECTION ( 'NONE',  ( 0.0000000000000000000, 0.0000000000000000000, 1.000000000000000000 ) ) ;
#3974 = CARTESIAN_POINT ( 'NONE',  ( 0.3098300000000002163, -0.4997000000000002551, 0.1250000000000000000 ) ) ;
#3975 = ORIENTED_EDGE ( 'NONE', *, *, #1797, .F. ) ;
#3976 = SURFACE_STYLE_USAGE ( .BOTH. , #679 ) ;
#3977 = DIRECTION ( 'NONE',  ( -1.000000000000000000, -1.549318638402482068E-15, 0.0000000000000000000 ) ) ;
#3978 = ORIENTED_EDGE ( 'NONE', *, *, #693, .F. ) ;
#3979 = CARTESIAN_POINT ( 'NONE',  ( -0.4498000000000001997, -0.3248000000000001997, 0.1250000000000000000 ) ) ;
#3980 = DIRECTION ( 'NONE',  ( 0.9578262852211520961, 0.2873478855663431086, 0.0000000000000000000 ) ) ;
#3981 = ORIENTED_EDGE ( 'NONE', *, *, #3318, .F. ) ;
#3982 = VERTEX_POINT ( 'NONE', #4169 ) ;
#3983 = ORIENTED_EDGE ( 'NONE', *, *, #2249, .T. ) ;
#3984 = EDGE_CURVE ( 'NONE', #1651, #4349, #1944, .T. ) ;
#3985 =( NAMED_UNIT ( * ) PLANE_ANGLE_UNIT ( ) SI_UNIT ( $, .RADIAN. ) );
#3986 = FILL_AREA_STYLE_COLOUR ( '', #3040 ) ;
#3987 = AXIS2_PLACEMENT_3D ( 'NONE', #3774, #3428, #1925 ) ;
#3988 = ORIENTED_EDGE ( 'NONE', *, *, #2580, .F. ) ;
#3989 = ORIENTED_EDGE ( 'NONE', *, *, #1171, .T. ) ;
#3990 = DIRECTION ( 'NONE',  ( -0.0000000000000000000, -0.0000000000000000000, 1.000000000000000000 ) ) ;
#3991 = CARTESIAN_POINT ( 'NONE',  ( -0.4498000000000001997, 0.1998000000000001997, 0.1250000000000000000 ) ) ;
#3992 = ORIENTED_EDGE ( 'NONE', *, *, #3789, .F. ) ;
#3993 =( NAMED_UNIT ( * ) PLANE_ANGLE_UNIT ( ) SI_UNIT ( $, .RADIAN. ) );
#3994 = ORIENTED_EDGE ( 'NONE', *, *, #3007, .T. ) ;
#3995 = STYLED_ITEM ( 'NONE', ( #4408 ), #2503 ) ;
#3996 = SURFACE_STYLE_FILL_AREA ( #868 ) ;
#3997 = ADVANCED_FACE ( 'NONE', ( #3569 ), #1625, .F. ) ;
#3998 = SHAPE_DEFINITION_REPRESENTATION ( #572, #4014 ) ;
#3999 = EDGE_LOOP ( 'NONE', ( #4191, #2881, #3723, #2954 ) ) ;
#4000 = ORIENTED_EDGE ( 'NONE', *, *, #3045, .T. ) ;
#4001 = FACE_OUTER_BOUND ( 'NONE', #3305, .T. ) ;
#4002 = CARTESIAN_POINT ( 'NONE',  ( -0.4998000000000000220, -0.4498000000000001997, -0.06571067811865477504 ) ) ;
#4003 = DIRECTION ( 'NONE',  ( 0.0000000000000000000, 1.000000000000000000, -0.0000000000000000000 ) ) ;
#4004 = CARTESIAN_POINT ( 'NONE',  ( -0.4999999999999998890, -0.4999999999999998890, 0.1250000000000000000 ) ) ;
#4005 = CARTESIAN_POINT ( 'NONE',  ( 0.1000000000000001582, 0.1749999999999999889, -0.1150000000000000050 ) ) ;
#4006 = DIRECTION ( 'NONE',  ( 0.0000000000000000000, 0.0000000000000000000, 1.000000000000000000 ) ) ;
#4007 = DIRECTION ( 'NONE',  ( 1.000000000000000000, 0.0000000000000000000, 0.0000000000000000000 ) ) ;
#4008 = DIRECTION ( 'NONE',  ( 0.0000000000000000000, 1.000000000000000000, 0.0000000000000000000 ) ) ;
#4009 = FILL_AREA_STYLE_COLOUR ( '', #4327 ) ;
#4010 = EDGE_CURVE ( 'NONE', #2447, #4586, #2422, .T. ) ;
#4011 = LINE ( 'NONE', #1085, #4490 ) ;
#4012 =( GEOMETRIC_REPRESENTATION_CONTEXT ( 3 ) GLOBAL_UNCERTAINTY_ASSIGNED_CONTEXT ( ( #542 ) ) GLOBAL_UNIT_ASSIGNED_CONTEXT ( ( #2248, #777, #1439 ) ) REPRESENTATION_CONTEXT ( 'NONE', 'WORKASPACE' ) );
#4013 = DIRECTION ( 'NONE',  ( 0.7071067811865475727, -0.7071067811865475727, 0.0000000000000000000 ) ) ;
#4014 = ADVANCED_BREP_SHAPE_REPRESENTATION ( 'SML-LX0404SIUPGUSB', ( #738, #400 ), #2949 ) ;
#4015 = SURFACE_STYLE_FILL_AREA ( #1248 ) ;
#4016 = PRESENTATION_STYLE_ASSIGNMENT (( #1135 ) ) ;
#4017 = MECHANICAL_DESIGN_GEOMETRIC_PRESENTATION_REPRESENTATION (  '', ( #1232 ), #4338 ) ;
#4018 = EDGE_CURVE ( 'NONE', #475, #1729, #808, .T. ) ;
#4019 = PLANE ( 'NONE',  #3939 ) ;
#4020 = CARTESIAN_POINT ( 'NONE',  ( 0.07500000000000002498, -0.07500000000000001110, 0.1250000000000000000 ) ) ;
#4021 = UNCERTAINTY_MEASURE_WITH_UNIT (LENGTH_MEASURE( 1.000000000000000082E-05 ), #1841, 'distance_accuracy_value', 'NONE');
#4022 = CARTESIAN_POINT ( 'NONE',  ( 0.4988000000000001877, 0.1499999999999999944, 0.1050000000000000239 ) ) ;
#4023 = CARTESIAN_POINT ( 'NONE',  ( 0.4498000000000001997, 0.1998000000000001997, 0.1100000000000000006 ) ) ;
#4024 = PRESENTATION_STYLE_ASSIGNMENT (( #1481 ) ) ;
#4025 = STYLED_ITEM ( 'NONE', ( #3823 ), #738 ) ;
#4026 = VECTOR ( 'NONE', #724, 1000.000000000000000 ) ;
#4027 = DIRECTION ( 'NONE',  ( 0.0000000000000000000, 0.0000000000000000000, -1.000000000000000000 ) ) ;
#4028 = DIRECTION ( 'NONE',  ( -0.0000000000000000000, -0.0000000000000000000, 1.000000000000000000 ) ) ;
#4029 = ORIENTED_EDGE ( 'NONE', *, *, #2373, .F. ) ;
#4030 = STYLED_ITEM ( 'NONE', ( #2294 ), #2303 ) ;
#4031 = ORIENTED_EDGE ( 'NONE', *, *, #26, .T. ) ;
#4032 = VECTOR ( 'NONE', #4713, 1000.000000000000000 ) ;
#4033 = ORIENTED_EDGE ( 'NONE', *, *, #3860, .F. ) ;
#4034 = PLANE ( 'NONE',  #1480 ) ;
#4035 = CARTESIAN_POINT ( 'NONE',  ( 0.1000000000000001582, -0.1749999999999999334, -0.1150000000000000050 ) ) ;
#4036 = ORIENTED_EDGE ( 'NONE', *, *, #1403, .F. ) ;
#4037 = LINE ( 'NONE', #4004, #3064 ) ;
#4038 = SURFACE_STYLE_FILL_AREA ( #3733 ) ;
#4039 = DIRECTION ( 'NONE',  ( 0.7071067811865474617, 0.7071067811865474617, -0.0000000000000000000 ) ) ;
#4040 = DIRECTION ( 'NONE',  ( -1.000000000000000000, 0.0000000000000000000, 0.0000000000000000000 ) ) ;
#4041 = FILL_AREA_STYLE_COLOUR ( '', #3024 ) ;
#4042 = ORIENTED_EDGE ( 'NONE', *, *, #3932, .T. ) ;
#4043 = VECTOR ( 'NONE', #3169, 1000.000000000000114 ) ;
#4044 = FILL_AREA_STYLE ('',( #3261 ) ) ;
#4045 = PRESENTATION_STYLE_ASSIGNMENT (( #4754 ) ) ;
#4046 = DIRECTION ( 'NONE',  ( 0.0000000000000000000, -0.0000000000000000000, 1.000000000000000000 ) ) ;
#4047 = CARTESIAN_POINT ( 'NONE',  ( -0.1998000000000001997, 0.1998000000000001997, 0.1250000000000000000 ) ) ;
#4048 = EDGE_LOOP ( 'NONE', ( #2878, #3892, #4636, #1852 ) ) ;
#4049 = VECTOR ( 'NONE', #2208, 1000.000000000000000 ) ;
#4050 = EDGE_CURVE ( 'NONE', #3489, #1005, #4130, .T. ) ;
#4051 = EDGE_LOOP ( 'NONE', ( #329, #1379, #745, #208 ) ) ;
#4052 = VECTOR ( 'NONE', #4199, 1000.000000000000000 ) ;
#4053 = EDGE_CURVE ( 'NONE', #1387, #3139, #3449, .T. ) ;
#4054 = VERTEX_POINT ( 'NONE', #3063 ) ;
#4055 = PRESENTATION_STYLE_ASSIGNMENT (( #2513 ) ) ;
#4056 = ADVANCED_FACE ( 'NONE', ( #2647 ), #3442, .F. ) ;
#4057 = CARTESIAN_POINT ( 'NONE',  ( -0.1500000000000000222, 0.05000000000000000971, -0.1250000000000000000 ) ) ;
#4058 = VECTOR ( 'NONE', #3112, 1000.000000000000000 ) ;
#4059 = CARTESIAN_POINT ( 'NONE',  ( -0.09999999999999985290, -0.1749999999999999334, -0.1150000000000000050 ) ) ;
#4060 = EDGE_LOOP ( 'NONE', ( #2633, #996, #790, #1419 ) ) ;
#4061 = DIRECTION ( 'NONE',  ( 1.000000000000000000, 0.0000000000000000000, 0.0000000000000000000 ) ) ;
#4062 = VERTEX_POINT ( 'NONE', #1968 ) ;
#4063 = CARTESIAN_POINT ( 'NONE',  ( 0.1998000000000001997, 0.1998000000000001997, 0.1100000000000000006 ) ) ;
#4064 =( NAMED_UNIT ( * ) SI_UNIT ( $, .STERADIAN. ) SOLID_ANGLE_UNIT ( ) );
#4065 = LINE ( 'NONE', #3387, #1357 ) ;
#4066 = ADVANCED_FACE ( 'NONE', ( #4768 ), #2371, .F. ) ;
#4067 =( GEOMETRIC_REPRESENTATION_CONTEXT ( 3 ) GLOBAL_UNCERTAINTY_ASSIGNED_CONTEXT ( ( #2937 ) ) GLOBAL_UNIT_ASSIGNED_CONTEXT ( ( #2082, #1667, #3188 ) ) REPRESENTATION_CONTEXT ( 'NONE', 'WORKASPACE' ) );
#4068 = LINE ( 'NONE', #2598, #4535 ) ;
#4069 = ORIENTED_EDGE ( 'NONE', *, *, #1499, .F. ) ;
#4070 = SURFACE_SIDE_STYLE ('',( #234 ) ) ;
#4071 = LINE ( 'NONE', #2138, #3206 ) ;
#4072 =( LENGTH_UNIT ( ) NAMED_UNIT ( * ) SI_UNIT ( .MILLI., .METRE. ) );
#4073 = VECTOR ( 'NONE', #4333, 1000.000000000000114 ) ;
#4074 = CARTESIAN_POINT ( 'NONE',  ( -0.09999999999999985290, 0.1749999999999999889, -0.1250000000000000000 ) ) ;
#4075 = ORIENTED_EDGE ( 'NONE', *, *, #2648, .F. ) ;
#4076 = FILL_AREA_STYLE ('',( #4041 ) ) ;
#4077 = FACE_OUTER_BOUND ( 'NONE', #2295, .T. ) ;
#4078 = DIRECTION ( 'NONE',  ( 1.000000000000000000, -0.0000000000000000000, -0.0000000000000000000 ) ) ;
#4079 = CARTESIAN_POINT ( 'NONE',  ( -0.1500000000000000222, -0.04999999999999999584, -0.1150000000000000050 ) ) ;
#4080 = FILL_AREA_STYLE ('',( #4136 ) ) ;
#4081 = CARTESIAN_POINT ( 'NONE',  ( -0.4998000000000000220, 0.1248000000000002163, 0.1250000000000000000 ) ) ;
#4082 = FILL_AREA_STYLE_COLOUR ( '', #646 ) ;
#4083 = ADVANCED_FACE ( 'NONE', ( #2922 ), #963, .F. ) ;
#4084 = ORIENTED_EDGE ( 'NONE', *, *, #1341, .T. ) ;
#4085 = PLANE ( 'NONE',  #238 ) ;
#4086 = EDGE_CURVE ( 'NONE', #366, #3727, #1816, .T. ) ;
#4087 = DIRECTION ( 'NONE',  ( -0.0000000000000000000, -0.0000000000000000000, 1.000000000000000000 ) ) ;
#4088 =( GEOMETRIC_REPRESENTATION_CONTEXT ( 3 ) GLOBAL_UNCERTAINTY_ASSIGNED_CONTEXT ( ( #2338 ) ) GLOBAL_UNIT_ASSIGNED_CONTEXT ( ( #2690, #474, #1670 ) ) REPRESENTATION_CONTEXT ( 'NONE', 'WORKASPACE' ) );
#4089 = UNCERTAINTY_MEASURE_WITH_UNIT (LENGTH_MEASURE( 1.000000000000000082E-05 ), #98, 'distance_accuracy_value', 'NONE');
#4090 = ORIENTED_EDGE ( 'NONE', *, *, #2430, .F. ) ;
#4091 = CARTESIAN_POINT ( 'NONE',  ( 0.4497999999999999776, -0.4998000000000002441, -0.06571067811865477504 ) ) ;
#4092 = ORIENTED_EDGE ( 'NONE', *, *, #2915, .F. ) ;
#4093 = MECHANICAL_DESIGN_GEOMETRIC_PRESENTATION_REPRESENTATION (  '', ( #834 ), #1798 ) ;
#4094 = VERTEX_POINT ( 'NONE', #530 ) ;
#4095 = FILL_AREA_STYLE ('',( #1200 ) ) ;
#4096 = ORIENTED_EDGE ( 'NONE', *, *, #3920, .F. ) ;
#4097 = ORIENTED_EDGE ( 'NONE', *, *, #1785, .F. ) ;
#4098 = CARTESIAN_POINT ( 'NONE',  ( -0.4999999999999998890, -0.4999999999999998890, -0.02499999999999998404 ) ) ;
#4099 = VERTEX_POINT ( 'NONE', #582 ) ;
#4100 = VECTOR ( 'NONE', #420, 1000.000000000000000 ) ;
#4101 = ORIENTED_EDGE ( 'NONE', *, *, #1038, .F. ) ;
#4102 = ORIENTED_EDGE ( 'NONE', *, *, #4618, .T. ) ;
#4103 = VECTOR ( 'NONE', #2733, 1000.000000000000000 ) ;
#4104 = VECTOR ( 'NONE', #1020, 1000.000000000000000 ) ;
#4105 = FILL_AREA_STYLE_COLOUR ( '', #2804 ) ;
#4106 = CARTESIAN_POINT ( 'NONE',  ( 0.4496000000000001107, -0.5000000000000000000, -0.1248999999999999971 ) ) ;
#4107 =( LENGTH_UNIT ( ) NAMED_UNIT ( * ) SI_UNIT ( .MILLI., .METRE. ) );
#4108 = ORIENTED_EDGE ( 'NONE', *, *, #4373, .F. ) ;
#4109 = COLOUR_RGB ( '',0.6470588235294117974, 0.6196078431372549211, 0.5882352941176470784 ) ;
#4110 = ORIENTED_EDGE ( 'NONE', *, *, #4363, .F. ) ;
#4111 = LINE ( 'NONE', #235, #2173 ) ;
#4112 = EDGE_CURVE ( 'NONE', #379, #3139, #2759, .T. ) ;
#4114 = LINE ( 'NONE', #3586, #1469 ) ;
#4113 = UNCERTAINTY_MEASURE_WITH_UNIT (LENGTH_MEASURE( 1.000000000000000082E-05 ), #2812, 'distance_accuracy_value', 'NONE');
#4115 = DIRECTION ( 'NONE',  ( 1.000000000000000000, 0.0000000000000000000, 0.0000000000000000000 ) ) ;
#4116 = EDGE_LOOP ( 'NONE', ( #4738, #1733, #33, #3292 ) ) ;
#4117 = VECTOR ( 'NONE', #1238, 1000.000000000000227 ) ;
#4118 = MECHANICAL_DESIGN_GEOMETRIC_PRESENTATION_REPRESENTATION (  '', ( #1070 ), #2732 ) ;
#4119 = ORIENTED_EDGE ( 'NONE', *, *, #3984, .T. ) ;
#4120 = CARTESIAN_POINT ( 'NONE',  ( -0.1499999999999999944, -0.4988000000000001877, 0.005000000000000013115 ) ) ;
#4121 = STYLED_ITEM ( 'NONE', ( #4379 ), #54 ) ;
#4122 = LINE ( 'NONE', #4196, #4058 ) ;
#4123 = FACE_OUTER_BOUND ( 'NONE', #1332, .T. ) ;
#4124 = CARTESIAN_POINT ( 'NONE',  ( 0.5000000000000001110, 0.4496000000000004992, -0.1250000000000000000 ) ) ;
#4125 = ORIENTED_EDGE ( 'NONE', *, *, #822, .T. ) ;
#4126 = EDGE_CURVE ( 'NONE', #3367, #1304, #3689, .T. ) ;
#4127 = LINE ( 'NONE', #748, #2121 ) ;
#4128 =( NAMED_UNIT ( * ) SI_UNIT ( $, .STERADIAN. ) SOLID_ANGLE_UNIT ( ) );
#4129 = STYLED_ITEM ( 'NONE', ( #2047 ), #2036 ) ;
#4130 = LINE ( 'NONE', #110, #4422 ) ;
#4131 = PRESENTATION_LAYER_ASSIGNMENT (  '', '', ( #4227 ) ) ;
#4132 = VECTOR ( 'NONE', #1151, 1000.000000000000000 ) ;
#4133 = PLANE ( 'NONE',  #3614 ) ;
#4134 = CARTESIAN_POINT ( 'NONE',  ( 0.1248000000000002163, 0.1248000000000002163, 0.1100000000000000006 ) ) ;
#4135 = CARTESIAN_POINT ( 'NONE',  ( -0.4998000000000002441, 0.3098000000000002419, 0.1100000000000000006 ) ) ;
#4136 = FILL_AREA_STYLE_COLOUR ( '', #4288 ) ;
#4137 = PLANE ( 'NONE',  #3987 ) ;
#4138 =( NAMED_UNIT ( * ) PLANE_ANGLE_UNIT ( ) SI_UNIT ( $, .RADIAN. ) );
#4139 = EDGE_CURVE ( 'NONE', #805, #2864, #1877, .T. ) ;
#4140 = LINE ( 'NONE', #4726, #875 ) ;
#4141 = LINE ( 'NONE', #2576, #1282 ) ;
#4142 = ORIENTED_EDGE ( 'NONE', *, *, #3731, .F. ) ;
#4143 =( GEOMETRIC_REPRESENTATION_CONTEXT ( 3 ) GLOBAL_UNCERTAINTY_ASSIGNED_CONTEXT ( ( #4471 ) ) GLOBAL_UNIT_ASSIGNED_CONTEXT ( ( #3709, #1922, #4128 ) ) REPRESENTATION_CONTEXT ( 'NONE', 'WORKASPACE' ) );
#4144 = DIRECTION ( 'NONE',  ( -1.000000000000000000, 0.0000000000000000000, -0.0000000000000000000 ) ) ;
#4145 = ORIENTED_EDGE ( 'NONE', *, *, #798, .T. ) ;
#4146 = VECTOR ( 'NONE', #4361, 1000.000000000000000 ) ;
#4147 = AXIS2_PLACEMENT_3D ( 'NONE', #2686, #3801, #4305 ) ;
#4148 = CARTESIAN_POINT ( 'NONE',  ( 0.1998000000000001997, 0.4498000000000001997, 0.1250000000000000000 ) ) ;
#4149 = EDGE_LOOP ( 'NONE', ( #3531, #63, #731, #1189, #3014 ) ) ;
#4150 = FACE_OUTER_BOUND ( 'NONE', #3942, .T. ) ;
#4151 = SURFACE_STYLE_FILL_AREA ( #4211 ) ;
#4152 = CARTESIAN_POINT ( 'NONE',  ( -0.3098300000000002163, 0.4997000000000002551, 0.1250000000000000000 ) ) ;
#4153 = CARTESIAN_POINT ( 'NONE',  ( -0.4998000000000000220, 0.4998000000000002441, 0.1250000000000000000 ) ) ;
#4154 = CARTESIAN_POINT ( 'NONE',  ( 0.3098000000000001863, -0.4997000000000002551, 0.1100000000000000144 ) ) ;
#4155 = ORIENTED_EDGE ( 'NONE', *, *, #3432, .T. ) ;
#4156 = EDGE_CURVE ( 'NONE', #2941, #1123, #105, .T. ) ;
#4157 = LINE ( 'NONE', #3692, #3877 ) ;
#4158 = CARTESIAN_POINT ( 'NONE',  ( -0.1998000000000001997, -0.4498000000000001997, 0.1100000000000000006 ) ) ;
#4159 = EDGE_LOOP ( 'NONE', ( #4110, #202, #3598, #138 ) ) ;
#4160 = ORIENTED_EDGE ( 'NONE', *, *, #3097, .F. ) ;
#4161 = COLOUR_RGB ( '',0.6470588235294117974, 0.6196078431372549211, 0.5882352941176470784 ) ;
#4162 = CARTESIAN_POINT ( 'NONE',  ( 0.1499999999999999944, 0.4988000000000001877, 0.1050000000000000239 ) ) ;
#4163 = ORIENTED_EDGE ( 'NONE', *, *, #4584, .F. ) ;
#4164 = ORIENTED_EDGE ( 'NONE', *, *, #392, .F. ) ;
#4165 = VECTOR ( 'NONE', #275, 1000.000000000000114 ) ;
#4166 = DIRECTION ( 'NONE',  ( -1.000000000000000000, -0.0000000000000000000, -0.0000000000000000000 ) ) ;
#4167 = LINE ( 'NONE', #1302, #3193 ) ;
#4168 = PLANE ( 'NONE',  #508 ) ;
#4169 = CARTESIAN_POINT ( 'NONE',  ( -0.1998000000000001997, -0.4498000000000001997, 0.1250000000000000000 ) ) ;
#4170 = SURFACE_SIDE_STYLE ('',( #3996 ) ) ;
#4171 = EDGE_CURVE ( 'NONE', #4173, #379, #3623, .T. ) ;
#4172 = VECTOR ( 'NONE', #4721, 1000.000000000000000 ) ;
#4173 = VERTEX_POINT ( 'NONE', #2405 ) ;
#4174 = ORIENTED_EDGE ( 'NONE', *, *, #3637, .T. ) ;
#4175 = CARTESIAN_POINT ( 'NONE',  ( 0.4997000000000002551, 0.3098300000000002163, 0.1250000000000000000 ) ) ;
#4176 = CARTESIAN_POINT ( 'NONE',  ( -0.1998000000000001997, 0.4498000000000001997, 0.1100000000000000006 ) ) ;
#4177 =( NAMED_UNIT ( * ) SI_UNIT ( $, .STERADIAN. ) SOLID_ANGLE_UNIT ( ) );
#4178 = FACE_OUTER_BOUND ( 'NONE', #244, .T. ) ;
#4179 = PRESENTATION_LAYER_ASSIGNMENT (  '', '', ( #1293 ) ) ;
#4180 = SURFACE_STYLE_USAGE ( .BOTH. , #1649 ) ;
#4181 = SURFACE_STYLE_USAGE ( .BOTH. , #1254 ) ;
#4182 = EDGE_CURVE ( 'NONE', #958, #2443, #2307, .T. ) ;
#4183 = VECTOR ( 'NONE', #2917, 1000.000000000000000 ) ;
#4184 = CARTESIAN_POINT ( 'NONE',  ( 0.1499999999999999667, 0.05000000000000000971, -0.1150000000000000050 ) ) ;
#4185 =( GEOMETRIC_REPRESENTATION_CONTEXT ( 3 ) GLOBAL_UNCERTAINTY_ASSIGNED_CONTEXT ( ( #3530 ) ) GLOBAL_UNIT_ASSIGNED_CONTEXT ( ( #1534, #2617, #453 ) ) REPRESENTATION_CONTEXT ( 'NONE', 'WORKASPACE' ) );
#4186 = SURFACE_STYLE_USAGE ( .BOTH. , #3419 ) ;
#4187 = COLOUR_RGB ( '',1.000000000000000000, 1.000000000000000000, 1.000000000000000000 ) ;
#4188 = MECHANICAL_DESIGN_GEOMETRIC_PRESENTATION_REPRESENTATION (  '', ( #964 ), #839 ) ;
#4189 = CARTESIAN_POINT ( 'NONE',  ( 0.0000000000000000000, 0.0000000000000000000, -0.1248999999999999971 ) ) ;
#4190 = SURFACE_STYLE_USAGE ( .BOTH. , #2343 ) ;
#4191 = ORIENTED_EDGE ( 'NONE', *, *, #1951, .T. ) ;
#4192 = VECTOR ( 'NONE', #1868, 1000.000000000000227 ) ;
#4193 = CARTESIAN_POINT ( 'NONE',  ( -0.1499999999999999944, 0.4998000000000002441, 0.005000000000000013115 ) ) ;
#4194 = FILL_AREA_STYLE_COLOUR ( '', #3283 ) ;
#4195 = CARTESIAN_POINT ( 'NONE',  ( -0.1248000000000002163, 0.1248000000000002163, 0.1250000000000000000 ) ) ;
#4196 = CARTESIAN_POINT ( 'NONE',  ( 0.4497999999999999776, 0.4998000000000002441, -0.06571067811865477504 ) ) ;
#4197 = LINE ( 'NONE', #3664, #2995 ) ;
#4198 = EDGE_CURVE ( 'NONE', #3840, #1959, #3505, .T. ) ;
#4199 = DIRECTION ( 'NONE',  ( -0.0000000000000000000, -0.0000000000000000000, -1.000000000000000000 ) ) ;
#4200 = DIRECTION ( 'NONE',  ( 0.0000000000000000000, 0.0000000000000000000, -1.000000000000000000 ) ) ;
#4201 =( NAMED_UNIT ( * ) PLANE_ANGLE_UNIT ( ) SI_UNIT ( $, .RADIAN. ) );
#4202 = DIRECTION ( 'NONE',  ( 0.0000000000000000000, 0.0000000000000000000, 1.000000000000000000 ) ) ;
#4203 = ORIENTED_EDGE ( 'NONE', *, *, #1550, .T. ) ;
#4204 = PRESENTATION_LAYER_ASSIGNMENT (  '', '', ( #1070 ) ) ;
#4205 = SURFACE_SIDE_STYLE ('',( #2163 ) ) ;
#4206 = VERTEX_POINT ( 'NONE', #3117 ) ;
#4207 = CARTESIAN_POINT ( 'NONE',  ( -0.1248000000000001608, -0.4998000000000002441, 0.1250000000000000000 ) ) ;
#4208 = EDGE_CURVE ( 'NONE', #1257, #3606, #50, .T. ) ;
#4209 = VERTEX_POINT ( 'NONE', #2069 ) ;
#4210 = EDGE_CURVE ( 'NONE', #1013, #1059, #969, .T. ) ;
#4211 = FILL_AREA_STYLE ('',( #3074 ) ) ;
#4212 = ORIENTED_EDGE ( 'NONE', *, *, #2260, .F. ) ;
#4213 =( GEOMETRIC_REPRESENTATION_CONTEXT ( 3 ) GLOBAL_UNCERTAINTY_ASSIGNED_CONTEXT ( ( #195 ) ) GLOBAL_UNIT_ASSIGNED_CONTEXT ( ( #219, #915, #1285 ) ) REPRESENTATION_CONTEXT ( 'NONE', 'WORKASPACE' ) );
#4214 = PRESENTATION_STYLE_ASSIGNMENT (( #3156 ) ) ;
#4215 = CARTESIAN_POINT ( 'NONE',  ( -0.4999999999999998890, 0.5000000000000001110, -0.1248999999999999971 ) ) ;
#4216 = VERTEX_POINT ( 'NONE', #3899 ) ;
#4217 = VECTOR ( 'NONE', #3948, 1000.000000000000000 ) ;
#4218 = SURFACE_STYLE_FILL_AREA ( #1154 ) ;
#4219 = AXIS2_PLACEMENT_3D ( 'NONE', #2431, #3210, #4634 ) ;
#4220 = DIRECTION ( 'NONE',  ( 0.0000000000000000000, -0.0000000000000000000, 1.000000000000000000 ) ) ;
#4221 = CARTESIAN_POINT ( 'NONE',  ( 0.1000000000000001443, 0.07499999999999999722, -0.1150000000000000050 ) ) ;
#4222 =( NAMED_UNIT ( * ) PLANE_ANGLE_UNIT ( ) SI_UNIT ( $, .RADIAN. ) );
#4223 = PLANE ( 'NONE',  #917 ) ;
#4224 = ORIENTED_EDGE ( 'NONE', *, *, #230, .T. ) ;
#4225 = COLOUR_RGB ( '',0.3411764705882353033, 0.8392156862745098200, 0.4117647058823529216 ) ;
#4226 = VECTOR ( 'NONE', #2904, 1000.000000000000000 ) ;
#4227 = STYLED_ITEM ( 'NONE', ( #2147 ), #1519 ) ;
#4228 = VERTEX_POINT ( 'NONE', #2050 ) ;
#4229 = LINE ( 'NONE', #2144, #489 ) ;
#4230 = CARTESIAN_POINT ( 'NONE',  ( -0.09999999999999985290, 0.1749999999999999889, -0.1150000000000000050 ) ) ;
#4231 = VERTEX_POINT ( 'NONE', #2420 ) ;
#4232 = ORIENTED_EDGE ( 'NONE', *, *, #2380, .T. ) ;
#4233 = UNCERTAINTY_MEASURE_WITH_UNIT (LENGTH_MEASURE( 1.000000000000000082E-05 ), #1570, 'distance_accuracy_value', 'NONE');
#4234 = LINE ( 'NONE', #4595, #2913 ) ;
#4235 = ADVANCED_FACE ( 'NONE', ( #859 ), #3882, .F. ) ;
#4236 =( NAMED_UNIT ( * ) SI_UNIT ( $, .STERADIAN. ) SOLID_ANGLE_UNIT ( ) );
#4237 = SURFACE_STYLE_FILL_AREA ( #1865 ) ;
#4238 = VERTEX_POINT ( 'NONE', #2775 ) ;
#4239 = DIRECTION ( 'NONE',  ( 0.0000000000000000000, -1.000000000000000000, -0.0000000000000000000 ) ) ;
#4240 = CARTESIAN_POINT ( 'NONE',  ( 0.4497585786437626187, 0.4997000000000002551, 0.1250000000000000000 ) ) ;
#4241 = CARTESIAN_POINT ( 'NONE',  ( 0.4497585786437626187, -0.4997000000000002551, 0.1250000000000000000 ) ) ;
#4242 = EDGE_CURVE ( 'NONE', #4349, #760, #2058, .T. ) ;
#4243 = PRESENTATION_STYLE_ASSIGNMENT (( #1813 ) ) ;
#4244 = DIRECTION ( 'NONE',  ( -0.0000000000000000000, -0.0000000000000000000, 1.000000000000000000 ) ) ;
#4245 = CARTESIAN_POINT ( 'NONE',  ( -0.4988000000000001877, -0.1499999999999999944, 0.1050000000000000239 ) ) ;
#4246 = EDGE_LOOP ( 'NONE', ( #1916, #1291, #214, #4330 ) ) ;
#4247 =( GEOMETRIC_REPRESENTATION_CONTEXT ( 3 ) GLOBAL_UNCERTAINTY_ASSIGNED_CONTEXT ( ( #2120 ) ) GLOBAL_UNIT_ASSIGNED_CONTEXT ( ( #2888, #1061, #1805 ) ) REPRESENTATION_CONTEXT ( 'NONE', 'WORKASPACE' ) );
#4248 = CARTESIAN_POINT ( 'NONE',  ( 0.5000000000000003331, -0.4999999999999998890, -0.02499999999999998404 ) ) ;
#4249 = ADVANCED_FACE ( 'NONE', ( #4658 ), #3955, .T. ) ;
#4250 = DIRECTION ( 'NONE',  ( 0.0000000000000000000, -0.0000000000000000000, -1.000000000000000000 ) ) ;
#4251 = SURFACE_SIDE_STYLE ('',( #4691 ) ) ;
#4252 = LINE ( 'NONE', #3734, #3909 ) ;
#4253 = VECTOR ( 'NONE', #4569, 1000.000000000000000 ) ;
#4254 = DIRECTION ( 'NONE',  ( -1.000000000000000000, 0.0000000000000000000, 0.0000000000000000000 ) ) ;
#4255 =( NAMED_UNIT ( * ) SI_UNIT ( $, .STERADIAN. ) SOLID_ANGLE_UNIT ( ) );
#4256 = FACE_OUTER_BOUND ( 'NONE', #3813, .T. ) ;
#4257 = CARTESIAN_POINT ( 'NONE',  ( -0.09999999999999988065, -0.07499999999999996947, -0.1250000000000000000 ) ) ;
#4258 = ADVANCED_FACE ( 'NONE', ( #1149 ), #3922, .T. ) ;
#4259 = CARTESIAN_POINT ( 'NONE',  ( 0.1998000000000001997, -0.4498000000000001997, 0.1250000000000000000 ) ) ;
#4260 = ADVANCED_FACE ( 'NONE', ( #165 ), #1402, .F. ) ;
#4261 = PLANE ( 'NONE',  #3499 ) ;
#4262 = FILL_AREA_STYLE ('',( #1450 ) ) ;
#4263 =( LENGTH_UNIT ( ) NAMED_UNIT ( * ) SI_UNIT ( .MILLI., .METRE. ) );
#4264 = VECTOR ( 'NONE', #1098, 1000.000000000000000 ) ;
#4265 = VERTEX_POINT ( 'NONE', #1041 ) ;
#4266 = EDGE_CURVE ( 'NONE', #1535, #2774, #2859, .T. ) ;
#4267 = SURFACE_STYLE_USAGE ( .BOTH. , #3881 ) ;
#4268 = ORIENTED_EDGE ( 'NONE', *, *, #3910, .F. ) ;
#4269 = DIRECTION ( 'NONE',  ( -0.0000000000000000000, -0.0000000000000000000, 1.000000000000000000 ) ) ;
#4270 = VECTOR ( 'NONE', #2806, 1000.000000000000000 ) ;
#4271 = AXIS2_PLACEMENT_3D ( 'NONE', #4023, #2209, #2232 ) ;
#4272 = CARTESIAN_POINT ( 'NONE',  ( 0.4997000000000000330, 0.4497585786437628408, 0.1100000000000000144 ) ) ;
#4273 = FILL_AREA_STYLE_COLOUR ( '', #1350 ) ;
#4274 = CARTESIAN_POINT ( 'NONE',  ( 0.4497999999999999776, -0.4998000000000002441, 0.1100000000000000144 ) ) ;
#4275 = ORIENTED_EDGE ( 'NONE', *, *, #1669, .F. ) ;
#4276 = LINE ( 'NONE', #3704, #3542 ) ;
#4277 = SURFACE_STYLE_FILL_AREA ( #139 ) ;
#4278 = ORIENTED_EDGE ( 'NONE', *, *, #3376, .F. ) ;
#4279 = SURFACE_SIDE_STYLE ('',( #1233 ) ) ;
#4280 = ORIENTED_EDGE ( 'NONE', *, *, #358, .T. ) ;
#4281 = VECTOR ( 'NONE', #3911, 1000.000000000000000 ) ;
#4282 = FACE_OUTER_BOUND ( 'NONE', #1188, .T. ) ;
#4283 = VERTEX_POINT ( 'NONE', #2179 ) ;
#4284 = ORIENTED_EDGE ( 'NONE', *, *, #3952, .F. ) ;
#4285 = COLOUR_RGB ( '',0.6470588235294117974, 0.6196078431372549211, 0.5882352941176470784 ) ;
#4286 =( GEOMETRIC_REPRESENTATION_CONTEXT ( 3 ) GLOBAL_UNCERTAINTY_ASSIGNED_CONTEXT ( ( #1811 ) ) GLOBAL_UNIT_ASSIGNED_CONTEXT ( ( #3947, #3523, #1316 ) ) REPRESENTATION_CONTEXT ( 'NONE', 'WORKASPACE' ) );
#4287 =( LENGTH_UNIT ( ) NAMED_UNIT ( * ) SI_UNIT ( .MILLI., .METRE. ) );
#4288 = COLOUR_RGB ( '',1.000000000000000000, 0.1686274509803921684, 0.1686274509803921684 ) ;
#4289 = SURFACE_STYLE_USAGE ( .BOTH. , #247 ) ;
#4290 = SURFACE_STYLE_USAGE ( .BOTH. , #1338 ) ;
#4291 = FACE_OUTER_BOUND ( 'NONE', #1781, .T. ) ;
#4292 = EDGE_LOOP ( 'NONE', ( #4537, #4505, #1027, #781 ) ) ;
#4293 = VECTOR ( 'NONE', #3545, 1000.000000000000114 ) ;
#4294 = VECTOR ( 'NONE', #3537, 1000.000000000000114 ) ;
#4295 = PLANE ( 'NONE',  #3880 ) ;
#4296 = CARTESIAN_POINT ( 'NONE',  ( 0.1248000000000002163, 0.1248000000000002163, 0.1250000000000000000 ) ) ;
#4297 = ORIENTED_EDGE ( 'NONE', *, *, #2217, .F. ) ;
#4298 = EDGE_CURVE ( 'NONE', #1164, #1299, #3502, .T. ) ;
#4299 = CARTESIAN_POINT ( 'NONE',  ( 0.4498000000000001997, 0.1998000000000001997, 0.1250000000000000000 ) ) ;
#4300 =( LENGTH_UNIT ( ) NAMED_UNIT ( * ) SI_UNIT ( .MILLI., .METRE. ) );
#4301 = EDGE_CURVE ( 'NONE', #3338, #1686, #4071, .T. ) ;
#4302 = ORIENTED_EDGE ( 'NONE', *, *, #4053, .T. ) ;
#4303 = DIRECTION ( 'NONE',  ( 0.9578262852211516520, -0.2873478855663441078, -0.0000000000000000000 ) ) ;
#4304 = DIRECTION ( 'NONE',  ( 1.000000000000000000, 0.0000000000000000000, 0.0000000000000000000 ) ) ;
#4305 = DIRECTION ( 'NONE',  ( 0.0000000000000000000, 0.0000000000000000000, 1.000000000000000000 ) ) ;
#4306 = EDGE_CURVE ( 'NONE', #2796, #581, #2750, .T. ) ;
#4307 = EDGE_CURVE ( 'NONE', #2730, #3338, #2579, .T. ) ;
#4308 = VECTOR ( 'NONE', #520, 1000.000000000000000 ) ;
#4309 = CARTESIAN_POINT ( 'NONE',  ( -0.4988000000000001877, 0.1499999999999999944, 0.1050000000000000239 ) ) ;
#4310 = CARTESIAN_POINT ( 'NONE',  ( -0.4988000000000001877, 0.1499999999999999944, 0.005000000000000013115 ) ) ;
#4311 = VERTEX_POINT ( 'NONE', #4672 ) ;
#4312 = PRESENTATION_LAYER_ASSIGNMENT (  '', '', ( #2493 ) ) ;
#4313 = ADVANCED_FACE ( 'NONE', ( #1876 ), #649, .F. ) ;
#4314 = CARTESIAN_POINT ( 'NONE',  ( 0.4997000000000000330, 0.4497585786437628408, -0.2479448892945115002 ) ) ;
#4315 =( NAMED_UNIT ( * ) PLANE_ANGLE_UNIT ( ) SI_UNIT ( $, .RADIAN. ) );
#4316 = DIRECTION ( 'NONE',  ( 1.000000000000000000, -1.549318638402482068E-15, 0.0000000000000000000 ) ) ;
#4317 = CARTESIAN_POINT ( 'NONE',  ( 0.4999000000000001775, -0.4998999999999999555, -0.02499999999999998404 ) ) ;
#4318 = FILL_AREA_STYLE_COLOUR ( '', #323 ) ;
#4319 = AXIS2_PLACEMENT_3D ( 'NONE', #4665, #627, #2469 ) ;
#4320 = LINE ( 'NONE', #2790, #810 ) ;
#4321 = VECTOR ( 'NONE', #891, 1000.000000000000000 ) ;
#4322 = DIRECTION ( 'NONE',  ( -1.000000000000000000, -1.445602896647339163E-16, 0.0000000000000000000 ) ) ;
#4323 = AXIS2_PLACEMENT_3D ( 'NONE', #4245, #2376, #3498 ) ;
#4324 = DIRECTION ( 'NONE',  ( -0.7071067811865474617, 0.7071067811865474617, 0.0000000000000000000 ) ) ;
#4325 = DIRECTION ( 'NONE',  ( 0.7071067811865472397, -0.7071067811865479058, 0.0000000000000000000 ) ) ;
#4326 = DIRECTION ( 'NONE',  ( 1.549318638402482068E-15, -1.000000000000000000, 0.0000000000000000000 ) ) ;
#4327 = COLOUR_RGB ( '',0.6470588235294117974, 0.6196078431372549211, 0.5882352941176470784 ) ;
#4328 = PRESENTATION_STYLE_ASSIGNMENT (( #2889 ) ) ;
#4329 = FILL_AREA_STYLE_COLOUR ( '', #346 ) ;
#4330 = ORIENTED_EDGE ( 'NONE', *, *, #3687, .T. ) ;
#4331 = EDGE_CURVE ( 'NONE', #2184, #525, #1705, .T. ) ;
#4332 = ADVANCED_FACE ( 'NONE', ( #442 ), #347, .F. ) ;
#4333 = DIRECTION ( 'NONE',  ( 0.7071067811865474617, -0.7071067811865474617, 0.0000000000000000000 ) ) ;
#4334 = EDGE_LOOP ( 'NONE', ( #1175, #1680, #4700, #1620 ) ) ;
#4335 = LINE ( 'NONE', #3722, #4625 ) ;
#4336 = CARTESIAN_POINT ( 'NONE',  ( -0.4998000000000002441, 0.1248000000000002163, 0.1100000000000000006 ) ) ;
#4337 = CARTESIAN_POINT ( 'NONE',  ( 2.168404344971008868E-16, 2.168404344971008868E-16, 0.005000000000000013115 ) ) ;
#4338 =( GEOMETRIC_REPRESENTATION_CONTEXT ( 3 ) GLOBAL_UNCERTAINTY_ASSIGNED_CONTEXT ( ( #4089 ) ) GLOBAL_UNIT_ASSIGNED_CONTEXT ( ( #98, #2992, #797 ) ) REPRESENTATION_CONTEXT ( 'NONE', 'WORKASPACE' ) );
#4339 = CARTESIAN_POINT ( 'NONE',  ( 0.0000000000000000000, 0.0000000000000000000, 0.1100000000000000006 ) ) ;
#4340 = PLANE ( 'NONE',  #3954 ) ;
#4341 = VERTEX_POINT ( 'NONE', #4035 ) ;
#4342 = LINE ( 'NONE', #1953, #306 ) ;
#4343 =( NAMED_UNIT ( * ) SI_UNIT ( $, .STERADIAN. ) SOLID_ANGLE_UNIT ( ) );
#4344 = LINE ( 'NONE', #2549, #4226 ) ;
#4345 = CARTESIAN_POINT ( 'NONE',  ( 0.07500000000000002498, -0.07500000000000001110, 0.1100000000000000006 ) ) ;
#4346 =( GEOMETRIC_REPRESENTATION_CONTEXT ( 3 ) GLOBAL_UNCERTAINTY_ASSIGNED_CONTEXT ( ( #757 ) ) GLOBAL_UNIT_ASSIGNED_CONTEXT ( ( #767, #3336, #1102 ) ) REPRESENTATION_CONTEXT ( 'NONE', 'WORKASPACE' ) );
#4347 = SURFACE_STYLE_USAGE ( .BOTH. , #3203 ) ;
#4348 = LINE ( 'NONE', #960, #1297 ) ;
#4349 = VERTEX_POINT ( 'NONE', #1088 ) ;
#4350 = FACE_OUTER_BOUND ( 'NONE', #212, .T. ) ;
#4351 = SURFACE_STYLE_FILL_AREA ( #3304 ) ;
#4352 = VECTOR ( 'NONE', #1936, 1000.000000000000114 ) ;
#4353 = DIRECTION ( 'NONE',  ( -0.0000000000000000000, -0.0000000000000000000, 1.000000000000000000 ) ) ;
#4354 = ORIENTED_EDGE ( 'NONE', *, *, #3809, .T. ) ;
#4355 = DIRECTION ( 'NONE',  ( 0.0000000000000000000, 1.000000000000000000, 0.0000000000000000000 ) ) ;
#4356 = FACE_OUTER_BOUND ( 'NONE', #4451, .T. ) ;
#4357 = FACE_OUTER_BOUND ( 'NONE', #659, .T. ) ;
#4358 = CARTESIAN_POINT ( 'NONE',  ( -0.4497585786437626187, 0.4997000000000002551, -0.2479448892945115002 ) ) ;
#4359 = CARTESIAN_POINT ( 'NONE',  ( -0.1499999999999999944, -0.4988000000000001877, 0.1050000000000000239 ) ) ;
#4360 = ORIENTED_EDGE ( 'NONE', *, *, #107, .F. ) ;
#4361 = DIRECTION ( 'NONE',  ( -0.0000000000000000000, -1.000000000000000000, -0.0000000000000000000 ) ) ;
#4362 = ORIENTED_EDGE ( 'NONE', *, *, #3047, .T. ) ;
#4363 = EDGE_CURVE ( 'NONE', #2182, #4443, #4475, .T. ) ;
#4364 =( LENGTH_UNIT ( ) NAMED_UNIT ( * ) SI_UNIT ( .MILLI., .METRE. ) );
#4365 = PRESENTATION_LAYER_ASSIGNMENT (  '', '', ( #3121 ) ) ;
#4366 = PLANE ( 'NONE',  #243 ) ;
#4367 = VECTOR ( 'NONE', #3083, 1000.000000000000000 ) ;
#4368 = MECHANICAL_DESIGN_GEOMETRIC_PRESENTATION_REPRESENTATION (  '', ( #2056 ), #737 ) ;
#4369 =( NAMED_UNIT ( * ) PLANE_ANGLE_UNIT ( ) SI_UNIT ( $, .RADIAN. ) );
#4370 = SURFACE_STYLE_FILL_AREA ( #2871 ) ;
#4371 = DIRECTION ( 'NONE',  ( -0.2873478855663431086, 0.9578262852211520961, -0.0000000000000000000 ) ) ;
#4372 = LINE ( 'NONE', #3659, #3394 ) ;
#4373 = EDGE_CURVE ( 'NONE', #3424, #73, #739, .T. ) ;
#4374 = AXIS2_PLACEMENT_3D ( 'NONE', #1915, #2997, #804 ) ;
#4375 = AXIS2_PLACEMENT_3D ( 'NONE', #1500, #4459, #3739 ) ;
#4376 = DIRECTION ( 'NONE',  ( 1.000000000000000000, 0.0000000000000000000, 0.0000000000000000000 ) ) ;
#4377 = CARTESIAN_POINT ( 'NONE',  ( -0.4495999999999998331, 0.5000000000000002220, -0.1248999999999999971 ) ) ;
#4378 = UNCERTAINTY_MEASURE_WITH_UNIT (LENGTH_MEASURE( 1.000000000000000082E-05 ), #2605, 'distance_accuracy_value', 'NONE');
#4379 = PRESENTATION_STYLE_ASSIGNMENT (( #1377 ) ) ;
#4380 =( NAMED_UNIT ( * ) PLANE_ANGLE_UNIT ( ) SI_UNIT ( $, .RADIAN. ) );
#4381 = STYLED_ITEM ( 'NONE', ( #365 ), #1144 ) ;
#4382 = ORIENTED_EDGE ( 'NONE', *, *, #3932, .F. ) ;
#4383 = DIRECTION ( 'NONE',  ( 1.000000000000000000, -0.0000000000000000000, -0.0000000000000000000 ) ) ;
#4384 = CARTESIAN_POINT ( 'NONE',  ( -0.1499999999999999944, 0.4988000000000001877, 0.005000000000000013115 ) ) ;
#4385 = VERTEX_POINT ( 'NONE', #30 ) ;
#4386 = FACE_OUTER_BOUND ( 'NONE', #1597, .T. ) ;
#4387 = CARTESIAN_POINT ( 'NONE',  ( 0.4498000000000001997, -0.1998000000000001997, 0.1100000000000000006 ) ) ;
#4388 = VERTEX_POINT ( 'NONE', #2242 ) ;
#4389 = DIRECTION ( 'NONE',  ( -0.7071067811865475727, -0.7071067811865475727, 0.0000000000000000000 ) ) ;
#4390 = EDGE_LOOP ( 'NONE', ( #464, #2037, #3091, #3611, #3299, #692, #375, #2344 ) ) ;
#4391 = PRESENTATION_STYLE_ASSIGNMENT (( #4181 ) ) ;
#4392 = ADVANCED_FACE ( 'NONE', ( #3324 ), #396, .F. ) ;
#4393 = ORIENTED_EDGE ( 'NONE', *, *, #2415, .T. ) ;
#4394 = VECTOR ( 'NONE', #2466, 1000.000000000000114 ) ;
#4395 = EDGE_CURVE ( 'NONE', #2026, #3423, #2305, .T. ) ;
#4396 = VECTOR ( 'NONE', #345, 1000.000000000000000 ) ;
#4397 = DIRECTION ( 'NONE',  ( -0.0000000000000000000, -0.0000000000000000000, -1.000000000000000000 ) ) ;
#4398 =( LENGTH_UNIT ( ) NAMED_UNIT ( * ) SI_UNIT ( .MILLI., .METRE. ) );
#4399 = ORIENTED_EDGE ( 'NONE', *, *, #1488, .F. ) ;
#4400 = ORIENTED_EDGE ( 'NONE', *, *, #1394, .F. ) ;
#4401 = FACE_OUTER_BOUND ( 'NONE', #4734, .T. ) ;
#4402 = DIRECTION ( 'NONE',  ( 0.0000000000000000000, -0.0000000000000000000, 1.000000000000000000 ) ) ;
#4403 = DIRECTION ( 'NONE',  ( -0.7071067811865474617, -0.7071067811865474617, 0.0000000000000000000 ) ) ;
#4404 = ADVANCED_FACE ( 'NONE', ( #501 ), #1860, .F. ) ;
#4405 = ORIENTED_EDGE ( 'NONE', *, *, #512, .T. ) ;
#4406 = LINE ( 'NONE', #4655, #4462 ) ;
#4407 = STYLED_ITEM ( 'NONE', ( #3368 ), #2631 ) ;
#4408 = PRESENTATION_STYLE_ASSIGNMENT (( #4290 ) ) ;
#4409 = CARTESIAN_POINT ( 'NONE',  ( 0.4498000000000001997, 0.3248000000000001997, 0.1100000000000000006 ) ) ;
#4410 = PLANE ( 'NONE',  #1660 ) ;
#4411 = DIRECTION ( 'NONE',  ( -0.7071067811865474617, 0.7071067811865474617, 0.0000000000000000000 ) ) ;
#4412 = FACE_OUTER_BOUND ( 'NONE', #1346, .T. ) ;
#4413 = ORIENTED_EDGE ( 'NONE', *, *, #1724, .F. ) ;
#4414 = VERTEX_POINT ( 'NONE', #4057 ) ;
#4415 = PRESENTATION_LAYER_ASSIGNMENT (  '', '', ( #1943 ) ) ;
#4416 = LINE ( 'NONE', #2694, #1995 ) ;
#4417 = CARTESIAN_POINT ( 'NONE',  ( -0.4998000000000000220, -0.4998000000000000220, 0.005000000000000013115 ) ) ;
#4418 = CARTESIAN_POINT ( 'NONE',  ( 0.1248000000000001608, 0.4998000000000002441, 0.1100000000000000006 ) ) ;
#4419 = CARTESIAN_POINT ( 'NONE',  ( -0.4999999999999998890, -0.4999999999999998890, -0.02499999999999998404 ) ) ;
#4420 = CARTESIAN_POINT ( 'NONE',  ( -0.4997000000000002551, -0.3098300000000002163, 0.1250000000000000000 ) ) ;
#4421 = CARTESIAN_POINT ( 'NONE',  ( 0.4498000000000001997, 0.3248000000000001997, 0.1100000000000000006 ) ) ;
#4423 =( NAMED_UNIT ( * ) PLANE_ANGLE_UNIT ( ) SI_UNIT ( $, .RADIAN. ) );
#4422 = VECTOR ( 'NONE', #1607, 1000.000000000000000 ) ;
#4424 = SURFACE_SIDE_STYLE ('',( #3153 ) ) ;
#4425 = ADVANCED_FACE ( 'NONE', ( #1311 ), #2189, .F. ) ;
#4426 = DIRECTION ( 'NONE',  ( -1.000000000000000000, 0.0000000000000000000, 0.0000000000000000000 ) ) ;
#4427 = ORIENTED_EDGE ( 'NONE', *, *, #4171, .T. ) ;
#4428 = EDGE_CURVE ( 'NONE', #3822, #2959, #1935, .T. ) ;
#4429 = LINE ( 'NONE', #2266, #3906 ) ;
#4430 = MECHANICAL_DESIGN_GEOMETRIC_PRESENTATION_REPRESENTATION (  '', ( #1293 ), #3101 ) ;
#4431 = LINE ( 'NONE', #574, #923 ) ;
#4432 = SURFACE_SIDE_STYLE ('',( #3618 ) ) ;
#4433 = LINE ( 'NONE', #1301, #3629 ) ;
#4434 = AXIS2_PLACEMENT_3D ( 'NONE', #510, #4571, #4555 ) ;
#4435 = EDGE_CURVE ( 'NONE', #1820, #3737, #4653, .T. ) ;
#4436 = ADVANCED_FACE ( 'NONE', ( #4757 ), #4133, .F. ) ;
#4437 =( NAMED_UNIT ( * ) SI_UNIT ( $, .STERADIAN. ) SOLID_ANGLE_UNIT ( ) );
#4438 = MECHANICAL_DESIGN_GEOMETRIC_PRESENTATION_REPRESENTATION (  '', ( #1476 ), #2133 ) ;
#4439 = FILL_AREA_STYLE ('',( #3374 ) ) ;
#4440 = FACE_OUTER_BOUND ( 'NONE', #4649, .T. ) ;
#4441 = DIRECTION ( 'NONE',  ( -0.9578262852211516520, -0.2873478855663441078, 0.0000000000000000000 ) ) ;
#4442 =( NAMED_UNIT ( * ) PLANE_ANGLE_UNIT ( ) SI_UNIT ( $, .RADIAN. ) );
#4443 = VERTEX_POINT ( 'NONE', #3322 ) ;
#4444 = ORIENTED_EDGE ( 'NONE', *, *, #675, .F. ) ;
#4445 = ORIENTED_EDGE ( 'NONE', *, *, #3603, .T. ) ;
#4446 = ORIENTED_EDGE ( 'NONE', *, *, #763, .T. ) ;
#4447 = UNCERTAINTY_MEASURE_WITH_UNIT (LENGTH_MEASURE( 1.000000000000000082E-05 ), #519, 'distance_accuracy_value', 'NONE');
#4448 = VECTOR ( 'NONE', #3837, 1000.000000000000000 ) ;
#4449 = CARTESIAN_POINT ( 'NONE',  ( 0.3098000000000001863, -0.4998000000000002441, 0.1100000000000000006 ) ) ;
#4450 = DIRECTION ( 'NONE',  ( -0.7071067811865474617, -0.7071067811865474617, 0.0000000000000000000 ) ) ;
#4451 = EDGE_LOOP ( 'NONE', ( #4090, #851, #3079, #2892 ) ) ;
#4452 = ADVANCED_FACE ( 'NONE', ( #4178 ), #787, .T. ) ;
#4453 = EDGE_CURVE ( 'NONE', #4062, #805, #101, .T. ) ;
#4454 = DIRECTION ( 'NONE',  ( -1.000000000000000000, -0.0000000000000000000, -0.0000000000000000000 ) ) ;
#4455 = SURFACE_STYLE_USAGE ( .BOTH. , #2284 ) ;
#4456 = ORIENTED_EDGE ( 'NONE', *, *, #766, .T. ) ;
#4457 = MECHANICAL_DESIGN_GEOMETRIC_PRESENTATION_REPRESENTATION (  '', ( #2487 ), #83 ) ;
#4458 = EDGE_CURVE ( 'NONE', #3409, #4311, #3841, .T. ) ;
#4459 = DIRECTION ( 'NONE',  ( 0.0000000000000000000, -1.000000000000000000, 0.0000000000000000000 ) ) ;
#4460 = EDGE_CURVE ( 'NONE', #1855, #1387, #2745, .T. ) ;
#4461 = ORIENTED_EDGE ( 'NONE', *, *, #89, .F. ) ;
#4462 = VECTOR ( 'NONE', #4325, 1000.000000000000000 ) ;
#4463 = SURFACE_STYLE_FILL_AREA ( #979 ) ;
#4464 = STYLED_ITEM ( 'NONE', ( #2310 ), #4066 ) ;
#4465 = ADVANCED_FACE ( 'NONE', ( #1080 ), #1895, .F. ) ;
#4466 = VECTOR ( 'NONE', #4534, 1000.000000000000000 ) ;
#4467 = ORIENTED_EDGE ( 'NONE', *, *, #4458, .T. ) ;
#4468 = SURFACE_STYLE_USAGE ( .BOTH. , #1145 ) ;
#4469 =( LENGTH_UNIT ( ) NAMED_UNIT ( * ) SI_UNIT ( .MILLI., .METRE. ) );
#4470 = AXIS2_PLACEMENT_3D ( 'NONE', #2297, #369, #3325 ) ;
#4471 = UNCERTAINTY_MEASURE_WITH_UNIT (LENGTH_MEASURE( 1.000000000000000082E-05 ), #3709, 'distance_accuracy_value', 'NONE');
#4472 = VECTOR ( 'NONE', #687, 1000.000000000000000 ) ;
#4473 = DIRECTION ( 'NONE',  ( 0.0000000000000000000, -1.000000000000000000, 0.0000000000000000000 ) ) ;
#4474 = DIRECTION ( 'NONE',  ( -0.0000000000000000000, -0.0000000000000000000, -1.000000000000000000 ) ) ;
#4475 = LINE ( 'NONE', #4074, #4183 ) ;
#4476 = DIRECTION ( 'NONE',  ( -0.0000000000000000000, -0.0000000000000000000, -1.000000000000000000 ) ) ;
#4477 = AXIS2_PLACEMENT_3D ( 'NONE', #1492, #2989, #1870 ) ;
#4478 = FILL_AREA_STYLE_COLOUR ( '', #778 ) ;
#4479 = VECTOR ( 'NONE', #3149, 1000.000000000000000 ) ;
#4480 = DIRECTION ( 'NONE',  ( 1.000000000000000000, 0.0000000000000000000, 0.0000000000000000000 ) ) ;
#4481 = EDGE_LOOP ( 'NONE', ( #3471, #650, #3830, #3562 ) ) ;
#4482 = CARTESIAN_POINT ( 'NONE',  ( 0.4999000000000001775, 0.4999000000000001775, 0.005000000000000013115 ) ) ;
#4483 = SURFACE_STYLE_FILL_AREA ( #2685 ) ;
#4484 = CARTESIAN_POINT ( 'NONE',  ( 0.4497585786437626187, -0.4997000000000002551, 0.1100000000000000144 ) ) ;
#4485 = DIRECTION ( 'NONE',  ( 1.000000000000000000, -0.0000000000000000000, -0.0000000000000000000 ) ) ;
#4486 = DIRECTION ( 'NONE',  ( 0.0000000000000000000, 0.0000000000000000000, -1.000000000000000000 ) ) ;
#4487 = DIRECTION ( 'NONE',  ( 1.000000000000000000, -0.0000000000000000000, -0.0000000000000000000 ) ) ;
#4488 = FILL_AREA_STYLE ('',( #1874 ) ) ;
#4489 = EDGE_CURVE ( 'NONE', #3133, #2900, #1812, .T. ) ;
#4490 = VECTOR ( 'NONE', #4028, 1000.000000000000000 ) ;
#4491 =( GEOMETRIC_REPRESENTATION_CONTEXT ( 3 ) GLOBAL_UNCERTAINTY_ASSIGNED_CONTEXT ( ( #2960 ) ) GLOBAL_UNIT_ASSIGNED_CONTEXT ( ( #55, #391, #2993 ) ) REPRESENTATION_CONTEXT ( 'NONE', 'WORKASPACE' ) );
#4492 = STYLED_ITEM ( 'NONE', ( #4055 ), #2574 ) ;
#4493 = CARTESIAN_POINT ( 'NONE',  ( 0.4747999999999992227, 0.4748000000000012766, -0.1250000000000000000 ) ) ;
#4494 = PRESENTATION_STYLE_ASSIGNMENT (( #4347 ) ) ;
#4495 =( LENGTH_UNIT ( ) NAMED_UNIT ( * ) SI_UNIT ( .MILLI., .METRE. ) );
#4496 = DIRECTION ( 'NONE',  ( -0.0000000000000000000, 1.000000000000000000, -0.0000000000000000000 ) ) ;
#4497 = SURFACE_STYLE_USAGE ( .BOTH. , #3356 ) ;
#4498 = EDGE_LOOP ( 'NONE', ( #4577, #3592, #2851, #196, #1108, #2955, #829, #2240, #532, #2847, #3096, #3778 ) ) ;
#4499 = ADVANCED_FACE ( 'NONE', ( #4001 ), #1518, .T. ) ;
#4500 = CARTESIAN_POINT ( 'NONE',  ( 0.1000000000000001582, -0.1749999999999999334, -0.1150000000000000050 ) ) ;
#4501 = ORIENTED_EDGE ( 'NONE', *, *, #1647, .F. ) ;
#4502 = FACE_OUTER_BOUND ( 'NONE', #4730, .T. ) ;
#4503 = PLANE ( 'NONE',  #4590 ) ;
#4504 = PRESENTATION_LAYER_ASSIGNMENT (  '', '', ( #1714 ) ) ;
#4505 = ORIENTED_EDGE ( 'NONE', *, *, #753, .F. ) ;
#4506 = ORIENTED_EDGE ( 'NONE', *, *, #4307, .F. ) ;
#4507 = FACE_BOUND ( 'NONE', #496, .T. ) ;
#4508 = ORIENTED_EDGE ( 'NONE', *, *, #3025, .T. ) ;
#4509 = CARTESIAN_POINT ( 'NONE',  ( -0.4998999999999999555, -0.4998999999999999555, -0.02499999999999998404 ) ) ;
#4510 = ADVANCED_FACE ( 'NONE', ( #2051 ), #1215, .F. ) ;
#4511 = ORIENTED_EDGE ( 'NONE', *, *, #512, .F. ) ;
#4512 = LINE ( 'NONE', #1795, #4632 ) ;
#4513 = DIRECTION ( 'NONE',  ( -0.0000000000000000000, -1.000000000000000000, -0.0000000000000000000 ) ) ;
#4514 = SURFACE_SIDE_STYLE ('',( #4483 ) ) ;
#4515 = ORIENTED_EDGE ( 'NONE', *, *, #2642, .T. ) ;
#4516 = ORIENTED_EDGE ( 'NONE', *, *, #3567, .T. ) ;
#4517 = FACE_OUTER_BOUND ( 'NONE', #1565, .T. ) ;
#4518 = EDGE_CURVE ( 'NONE', #2875, #3385, #1258, .T. ) ;
#4519 = CARTESIAN_POINT ( 'NONE',  ( -0.1499999999999999944, -0.4998000000000002441, 0.1050000000000000239 ) ) ;
#4520 = CARTESIAN_POINT ( 'NONE',  ( 0.1499999999999999944, 0.4998000000000002441, 0.1050000000000000239 ) ) ;
#4521 = ORIENTED_EDGE ( 'NONE', *, *, #1822, .T. ) ;
#4522 = MECHANICAL_DESIGN_GEOMETRIC_PRESENTATION_REPRESENTATION (  '', ( #3121 ), #1165 ) ;
#4523 = EDGE_LOOP ( 'NONE', ( #2122, #1571, #2838, #1503, #2981, #4675, #292, #4268, #2321 ) ) ;
#4524 = VERTEX_POINT ( 'NONE', #3013 ) ;
#4525 = LINE ( 'NONE', #3902, #2354 ) ;
#4526 = LINE ( 'NONE', #620, #1990 ) ;
#4527 = EDGE_CURVE ( 'NONE', #4644, #2149, #4065, .T. ) ;
#4528 = ORIENTED_EDGE ( 'NONE', *, *, #1639, .T. ) ;
#4529 = VECTOR ( 'NONE', #3302, 1000.000000000000000 ) ;
#4530 = FILL_AREA_STYLE_COLOUR ( '', #854 ) ;
#4531 = ORIENTED_EDGE ( 'NONE', *, *, #4139, .T. ) ;
#4532 = ORIENTED_EDGE ( 'NONE', *, *, #4669, .T. ) ;
#4533 = STYLED_ITEM ( 'NONE', ( #1532 ), #4741 ) ;
#4534 = DIRECTION ( 'NONE',  ( -0.0000000000000000000, -0.0000000000000000000, -1.000000000000000000 ) ) ;
#4535 = VECTOR ( 'NONE', #4476, 1000.000000000000000 ) ;
#4536 =( GEOMETRIC_REPRESENTATION_CONTEXT ( 3 ) GLOBAL_UNCERTAINTY_ASSIGNED_CONTEXT ( ( #615 ) ) GLOBAL_UNIT_ASSIGNED_CONTEXT ( ( #2562, #3985, #3232 ) ) REPRESENTATION_CONTEXT ( 'NONE', 'WORKASPACE' ) );
#4537 = ORIENTED_EDGE ( 'NONE', *, *, #4363, .T. ) ;
#4538 = DIRECTION ( 'NONE',  ( 1.000000000000000000, 1.549318638402482068E-15, 0.0000000000000000000 ) ) ;
#4539 = DIRECTION ( 'NONE',  ( -0.0000000000000000000, 1.000000000000000000, -0.0000000000000000000 ) ) ;
#4540 = MECHANICAL_DESIGN_GEOMETRIC_PRESENTATION_REPRESENTATION (  '', ( #3642 ), #1323 ) ;
#4541 = VECTOR ( 'NONE', #2261, 1000.000000000000000 ) ;
#4542 = DIRECTION ( 'NONE',  ( -0.0000000000000000000, -0.0000000000000000000, 1.000000000000000000 ) ) ;
#4543 = SURFACE_STYLE_USAGE ( .BOTH. , #758 ) ;
#4544 = UNCERTAINTY_MEASURE_WITH_UNIT (LENGTH_MEASURE( 1.000000000000000082E-05 ), #2669, 'distance_accuracy_value', 'NONE');
#4545 = COLOUR_RGB ( '',0.3411764705882353033, 0.8392156862745098200, 0.4117647058823529216 ) ;
#4546 = ORIENTED_EDGE ( 'NONE', *, *, #874, .F. ) ;
#4547 = EDGE_CURVE ( 'NONE', #3026, #1858, #1477, .T. ) ;
#4548 = LINE ( 'NONE', #4135, #4253 ) ;
#4549 = EDGE_CURVE ( 'NONE', #1389, #2090, #4416, .T. ) ;
#4550 = CARTESIAN_POINT ( 'NONE',  ( -0.1998000000000001997, -0.1998000000000001997, 0.1100000000000000006 ) ) ;
#4551 = VECTOR ( 'NONE', #1727, 1000.000000000000000 ) ;
#4552 = LINE ( 'NONE', #1829, #2479 ) ;
#4553 =( NAMED_UNIT ( * ) SI_UNIT ( $, .STERADIAN. ) SOLID_ANGLE_UNIT ( ) );
#4554 = DIRECTION ( 'NONE',  ( 0.0000000000000000000, 0.0000000000000000000, -1.000000000000000000 ) ) ;
#4555 = DIRECTION ( 'NONE',  ( 1.000000000000000000, 0.0000000000000000000, 0.0000000000000000000 ) ) ;
#4556 = DIRECTION ( 'NONE',  ( -0.9578262852211516520, -0.2873478855663441078, 0.0000000000000000000 ) ) ;
#4557 = EDGE_CURVE ( 'NONE', #2772, #1431, #2969, .T. ) ;
#4558 = EDGE_CURVE ( 'NONE', #3111, #732, #1141, .T. ) ;
#4559 = VECTOR ( 'NONE', #2891, 1000.000000000000000 ) ;
#4560 =( NAMED_UNIT ( * ) SI_UNIT ( $, .STERADIAN. ) SOLID_ANGLE_UNIT ( ) );
#4561 = PRESENTATION_LAYER_ASSIGNMENT (  '', '', ( #2741 ) ) ;
#4562 = DIRECTION ( 'NONE',  ( 0.0000000000000000000, 1.000000000000000000, 0.0000000000000000000 ) ) ;
#4563 = VERTEX_POINT ( 'NONE', #815 ) ;
#4564 = FACE_OUTER_BOUND ( 'NONE', #2301, .T. ) ;
#4565 = AXIS2_PLACEMENT_3D ( 'NONE', #4314, #3977, #4326 ) ;
#4566 = CARTESIAN_POINT ( 'NONE',  ( 0.5000000000000002220, -0.4496000000000001107, -0.1248999999999999971 ) ) ;
#4567 = FILL_AREA_STYLE_COLOUR ( '', #2782 ) ;
#4568 = ORIENTED_EDGE ( 'NONE', *, *, #2481, .F. ) ;
#4569 = DIRECTION ( 'NONE',  ( 0.0000000000000000000, -1.000000000000000000, 0.0000000000000000000 ) ) ;
#4570 = PLANE ( 'NONE',  #3262 ) ;
#4571 = DIRECTION ( 'NONE',  ( -0.0000000000000000000, 0.0000000000000000000, 1.000000000000000000 ) ) ;
#4572 = CARTESIAN_POINT ( 'NONE',  ( -0.4997000000000002551, -0.3098300000000002719, 0.1100000000000000144 ) ) ;
#4573 = ORIENTED_EDGE ( 'NONE', *, *, #1363, .F. ) ;
#4574 = PRESENTATION_LAYER_ASSIGNMENT (  '', '', ( #1119 ) ) ;
#4575 = VECTOR ( 'NONE', #819, 1000.000000000000114 ) ;
#4576 = DIRECTION ( 'NONE',  ( 1.000000000000000000, -0.0000000000000000000, -0.0000000000000000000 ) ) ;
#4577 = ORIENTED_EDGE ( 'NONE', *, *, #3376, .T. ) ;
#4578 = EDGE_LOOP ( 'NONE', ( #2495, #2538, #1473, #123 ) ) ;
#4579 = LINE ( 'NONE', #497, #2620 ) ;
#4580 = CARTESIAN_POINT ( 'NONE',  ( 0.1499999999999999944, 0.4988000000000001877, 0.1050000000000000239 ) ) ;
#4581 = ORIENTED_EDGE ( 'NONE', *, *, #324, .F. ) ;
#4582 = VECTOR ( 'NONE', #2017, 1000.000000000000000 ) ;
#4583 = DIRECTION ( 'NONE',  ( -1.445602896647339163E-16, -1.000000000000000000, 0.0000000000000000000 ) ) ;
#4584 = EDGE_CURVE ( 'NONE', #4283, #4231, #2852, .T. ) ;
#4585 = FACE_OUTER_BOUND ( 'NONE', #4334, .T. ) ;
#4586 = VERTEX_POINT ( 'NONE', #4124 ) ;
#4587 = CARTESIAN_POINT ( 'NONE',  ( 0.1000000000000001443, 0.07499999999999999722, -0.1150000000000000050 ) ) ;
#4588 = CARTESIAN_POINT ( 'NONE',  ( -0.1499999999999999944, -0.4988000000000001877, 0.005000000000000013115 ) ) ;
#4589 = SURFACE_STYLE_FILL_AREA ( #3030 ) ;
#4590 = AXIS2_PLACEMENT_3D ( 'NONE', #1942, #3056, #1226 ) ;
#4591 = VECTOR ( 'NONE', #1116, 1000.000000000000000 ) ;
#4592 =( NAMED_UNIT ( * ) SI_UNIT ( $, .STERADIAN. ) SOLID_ANGLE_UNIT ( ) );
#4593 = ORIENTED_EDGE ( 'NONE', *, *, #115, .T. ) ;
#4594 = AXIS2_PLACEMENT_3D ( 'NONE', #1850, #4389, #2953 ) ;
#4595 = CARTESIAN_POINT ( 'NONE',  ( 0.4997000000000000330, 0.4497585786437628408, -0.2479448892945115002 ) ) ;
#4596 = UNCERTAINTY_MEASURE_WITH_UNIT (LENGTH_MEASURE( 1.000000000000000082E-05 ), #912, 'distance_accuracy_value', 'NONE');
#4597 = AXIS2_PLACEMENT_3D ( 'NONE', #1824, #3267, #715 ) ;
#4598 = CARTESIAN_POINT ( 'NONE',  ( 0.5000000000000001110, 0.5000000000000001110, -0.1248999999999999971 ) ) ;
#4599 = VECTOR ( 'NONE', #4269, 1000.000000000000000 ) ;
#4600 = DIRECTION ( 'NONE',  ( -1.000000000000000000, 0.0000000000000000000, -0.0000000000000000000 ) ) ;
#4601 = CARTESIAN_POINT ( 'NONE',  ( 0.1998000000000001997, -0.1998000000000001997, 0.1100000000000000006 ) ) ;
#4602 = DIRECTION ( 'NONE',  ( -1.000000000000000000, -2.710505431213762071E-16, 0.0000000000000000000 ) ) ;
#4603 = ORIENTED_EDGE ( 'NONE', *, *, #3318, .T. ) ;
#4604 = DIRECTION ( 'NONE',  ( -0.0000000000000000000, 1.000000000000000000, -0.0000000000000000000 ) ) ;
#4605 = CARTESIAN_POINT ( 'NONE',  ( -0.3098300000000002163, 0.4997000000000002551, 0.1100000000000000144 ) ) ;
#4606 = FILL_AREA_STYLE ('',( #2018 ) ) ;
#4607 = VECTOR ( 'NONE', #2597, 1000.000000000000000 ) ;
#4608 = FILL_AREA_STYLE_COLOUR ( '', #1352 ) ;
#4609 = EDGE_CURVE ( 'NONE', #4755, #1013, #609, .T. ) ;
#4610 = ORIENTED_EDGE ( 'NONE', *, *, #1160, .F. ) ;
#4611 = ORIENTED_EDGE ( 'NONE', *, *, #592, .F. ) ;
#4612 = MECHANICAL_DESIGN_GEOMETRIC_PRESENTATION_REPRESENTATION (  '', ( #1400 ), #3736 ) ;
#4613 =( NAMED_UNIT ( * ) PLANE_ANGLE_UNIT ( ) SI_UNIT ( $, .RADIAN. ) );
#4614 = FACE_OUTER_BOUND ( 'NONE', #430, .T. ) ;
#4615 = MECHANICAL_DESIGN_GEOMETRIC_PRESENTATION_REPRESENTATION (  '', ( #2946 ), #3796 ) ;
#4616 = EDGE_LOOP ( 'NONE', ( #303, #1903, #1514, #1227 ) ) ;
#4617 = CARTESIAN_POINT ( 'NONE',  ( 0.3098000000000001863, 0.4998000000000002441, 0.1100000000000000006 ) ) ;
#4618 = EDGE_CURVE ( 'NONE', #732, #319, #1693, .T. ) ;
#4619 = VERTEX_POINT ( 'NONE', #1234 ) ;
#4620 = AXIS2_PLACEMENT_3D ( 'NONE', #3349, #4480, #2274 ) ;
#4621 = LINE ( 'NONE', #1761, #4032 ) ;
#4622 = VERTEX_POINT ( 'NONE', #4215 ) ;
#4623 = MECHANICAL_DESIGN_GEOMETRIC_PRESENTATION_REPRESENTATION (  '', ( #1943 ), #1807 ) ;
#4624 = ORIENTED_EDGE ( 'NONE', *, *, #2318, .T. ) ;
#4625 = VECTOR ( 'NONE', #3752, 1000.000000000000000 ) ;
#4626 = AXIS2_PLACEMENT_3D ( 'NONE', #184, #2028, #4220 ) ;
#4627 =( LENGTH_UNIT ( ) NAMED_UNIT ( * ) SI_UNIT ( .MILLI., .METRE. ) );
#4628 = FILL_AREA_STYLE_COLOUR ( '', #2126 ) ;
#4629 = CARTESIAN_POINT ( 'NONE',  ( 0.4498000000000001997, -0.3248000000000001997, 0.1100000000000000006 ) ) ;
#4630 = ORIENTED_EDGE ( 'NONE', *, *, #3738, .F. ) ;
#4631 = LINE ( 'NONE', #2329, #4103 ) ;
#4632 = VECTOR ( 'NONE', #1486, 1000.000000000000000 ) ;
#4633 = CARTESIAN_POINT ( 'NONE',  ( 0.1248000000000002163, -0.1248000000000002163, 0.1100000000000000006 ) ) ;
#4634 = DIRECTION ( 'NONE',  ( -1.355252715606881036E-16, 1.000000000000000000, 0.0000000000000000000 ) ) ;
#4635 = ORIENTED_EDGE ( 'NONE', *, *, #3216, .F. ) ;
#4636 = ORIENTED_EDGE ( 'NONE', *, *, #2884, .F. ) ;
#4637 = VERTEX_POINT ( 'NONE', #3858 ) ;
#4638 = VECTOR ( 'NONE', #2552, 1000.000000000000000 ) ;
#4639 = EDGE_CURVE ( 'NONE', #3607, #4228, #1638, .T. ) ;
#4640 = DIRECTION ( 'NONE',  ( -0.0000000000000000000, 1.000000000000000000, 0.0000000000000000000 ) ) ;
#4641 = VERTEX_POINT ( 'NONE', #2368 ) ;
#4642 = LINE ( 'NONE', #1260, #2906 ) ;
#4643 = SURFACE_STYLE_USAGE ( .BOTH. , #3907 ) ;
#4644 = VERTEX_POINT ( 'NONE', #4162 ) ;
#4645 = ORIENTED_EDGE ( 'NONE', *, *, #3097, .T. ) ;
#4646 = VECTOR ( 'NONE', #3808, 1000.000000000000000 ) ;
#4647 = DIRECTION ( 'NONE',  ( 0.0000000000000000000, -0.0000000000000000000, 1.000000000000000000 ) ) ;
#4648 = LINE ( 'NONE', #699, #3378 ) ;
#4649 = EDGE_LOOP ( 'NONE', ( #1396, #2523, #4000, #147 ) ) ;
#4650 = EDGE_LOOP ( 'NONE', ( #882, #3245, #3452 ) ) ;
#4651 = SURFACE_SIDE_STYLE ('',( #914 ) ) ;
#4652 = EDGE_CURVE ( 'NONE', #3433, #2026, #4122, .T. ) ;
#4653 = LINE ( 'NONE', #2944, #1699 ) ;
#4654 =( LENGTH_UNIT ( ) NAMED_UNIT ( * ) SI_UNIT ( .MILLI., .METRE. ) );
#4655 = CARTESIAN_POINT ( 'NONE',  ( -0.4748000000000002774, -0.4747999999999998333, -0.1248999999999999971 ) ) ;
#4656 = DIRECTION ( 'NONE',  ( -1.000000000000000000, 0.0000000000000000000, 0.0000000000000000000 ) ) ;
#4657 = AXIS2_PLACEMENT_3D ( 'NONE', #3844, #1584, #4583 ) ;
#4658 = FACE_OUTER_BOUND ( 'NONE', #4678, .T. ) ;
#4659 = DIRECTION ( 'NONE',  ( -0.2873478855663431086, 0.9578262852211520961, 0.0000000000000000000 ) ) ;
#4660 =( NAMED_UNIT ( * ) PLANE_ANGLE_UNIT ( ) SI_UNIT ( $, .RADIAN. ) );
#4661 = PRESENTATION_LAYER_ASSIGNMENT (  '', '', ( #1209 ) ) ;
#4662 = UNCERTAINTY_MEASURE_WITH_UNIT (LENGTH_MEASURE( 1.000000000000000082E-05 ), #4072, 'distance_accuracy_value', 'NONE');
#4663 = DIRECTION ( 'NONE',  ( -0.9578262852211516520, 0.2873478855663441078, -0.0000000000000000000 ) ) ;
#4664 = FACE_OUTER_BOUND ( 'NONE', #1117, .T. ) ;
#4665 = CARTESIAN_POINT ( 'NONE',  ( 0.0000000000000000000, 0.4988000000000001877, 0.0000000000000000000 ) ) ;
#4666 = FILL_AREA_STYLE ('',( #4318 ) ) ;
#4667 = LINE ( 'NONE', #647, #3912 ) ;
#4668 = LINE ( 'NONE', #4310, #1722 ) ;
#4669 = EDGE_CURVE ( 'NONE', #773, #4637, #727, .T. ) ;
#4670 = DIRECTION ( 'NONE',  ( 0.0000000000000000000, 0.0000000000000000000, -1.000000000000000000 ) ) ;
#4671 = ORIENTED_EDGE ( 'NONE', *, *, #1639, .F. ) ;
#4672 = CARTESIAN_POINT ( 'NONE',  ( -0.4998000000000000220, 0.4498000000000001997, 0.1100000000000000144 ) ) ;
#4673 = LINE ( 'NONE', #4345, #1779 ) ;
#4674 = EDGE_CURVE ( 'NONE', #861, #475, #1073, .T. ) ;
#4675 = ORIENTED_EDGE ( 'NONE', *, *, #2700, .F. ) ;
#4676 =( GEOMETRIC_REPRESENTATION_CONTEXT ( 3 ) GLOBAL_UNCERTAINTY_ASSIGNED_CONTEXT ( ( #2015 ) ) GLOBAL_UNIT_ASSIGNED_CONTEXT ( ( #2668, #2347, #869 ) ) REPRESENTATION_CONTEXT ( 'NONE', 'WORKASPACE' ) );
#4677 = DIRECTION ( 'NONE',  ( -1.000000000000000000, -0.0000000000000000000, -0.0000000000000000000 ) ) ;
#4678 = EDGE_LOOP ( 'NONE', ( #3296, #3810, #1506, #4427 ) ) ;
#4679 = VECTOR ( 'NONE', #3927, 1000.000000000000000 ) ;
#4680 = DIRECTION ( 'NONE',  ( 0.0000000000000000000, -1.000000000000000000, 0.0000000000000000000 ) ) ;
#4681 =( NAMED_UNIT ( * ) PLANE_ANGLE_UNIT ( ) SI_UNIT ( $, .RADIAN. ) );
#4682 = MECHANICAL_DESIGN_GEOMETRIC_PRESENTATION_REPRESENTATION (  '', ( #1146 ), #1867 ) ;
#4683 = FILL_AREA_STYLE_COLOUR ( '', #1900 ) ;
#4684 = ORIENTED_EDGE ( 'NONE', *, *, #405, .T. ) ;
#4685 = LINE ( 'NONE', #4633, #2665 ) ;
#4686 = VECTOR ( 'NONE', #1956, 1000.000000000000000 ) ;
#4687 = ORIENTED_EDGE ( 'NONE', *, *, #4428, .T. ) ;
#4688 = CARTESIAN_POINT ( 'NONE',  ( 0.4998000000000000220, 0.4498000000000001997, 0.1100000000000000144 ) ) ;
#4689 = VECTOR ( 'NONE', #1079, 1000.000000000000000 ) ;
#4690 = DIRECTION ( 'NONE',  ( -0.0000000000000000000, -0.0000000000000000000, 1.000000000000000000 ) ) ;
#4691 = SURFACE_STYLE_FILL_AREA ( #2428 ) ;
#4692 = ORIENTED_EDGE ( 'NONE', *, *, #1411, .T. ) ;
#4693 = VECTOR ( 'NONE', #173, 1000.000000000000000 ) ;
#4694 = VECTOR ( 'NONE', #4723, 1000.000000000000000 ) ;
#4695 =( NAMED_UNIT ( * ) PLANE_ANGLE_UNIT ( ) SI_UNIT ( $, .RADIAN. ) );
#4696 = CARTESIAN_POINT ( 'NONE',  ( 0.4998000000000002441, 0.4498000000000001997, 0.005000000000000013115 ) ) ;
#4697 = DIRECTION ( 'NONE',  ( 1.000000000000000000, 0.0000000000000000000, 0.0000000000000000000 ) ) ;
#4698 = CARTESIAN_POINT ( 'NONE',  ( 0.4998000000000002441, 0.4998000000000002441, 0.005000000000000013115 ) ) ;
#4699 = ADVANCED_FACE ( 'NONE', ( #2412 ), #3503, .F. ) ;
#4700 = ORIENTED_EDGE ( 'NONE', *, *, #3910, .T. ) ;
#4701 = DIRECTION ( 'NONE',  ( -0.0000000000000000000, 0.0000000000000000000, 1.000000000000000000 ) ) ;
#4702 = EDGE_CURVE ( 'NONE', #4644, #3548, #2299, .T. ) ;
#4703 = ORIENTED_EDGE ( 'NONE', *, *, #3198, .T. ) ;
#4704 = STYLED_ITEM ( 'NONE', ( #3720 ), #2855 ) ;
#4705 =( NAMED_UNIT ( * ) SI_UNIT ( $, .STERADIAN. ) SOLID_ANGLE_UNIT ( ) );
#4706 = EDGE_CURVE ( 'NONE', #4563, #2239, #2356, .T. ) ;
#4707 = EDGE_CURVE ( 'NONE', #32, #3840, #493, .T. ) ;
#4708 = DIRECTION ( 'NONE',  ( -0.0000000000000000000, -0.0000000000000000000, -1.000000000000000000 ) ) ;
#4709 = ORIENTED_EDGE ( 'NONE', *, *, #2045, .T. ) ;
#4710 =( GEOMETRIC_REPRESENTATION_CONTEXT ( 3 ) GLOBAL_UNCERTAINTY_ASSIGNED_CONTEXT ( ( #403 ) ) GLOBAL_UNIT_ASSIGNED_CONTEXT ( ( #2106, #295, #3633 ) ) REPRESENTATION_CONTEXT ( 'NONE', 'WORKASPACE' ) );
#4711 = DIRECTION ( 'NONE',  ( 0.0000000000000000000, 0.0000000000000000000, 1.000000000000000000 ) ) ;
#4713 = DIRECTION ( 'NONE',  ( -0.0000000000000000000, -0.0000000000000000000, 1.000000000000000000 ) ) ;
#4712 = SURFACE_STYLE_FILL_AREA ( #3462 ) ;
#4714 =( NAMED_UNIT ( * ) SI_UNIT ( $, .STERADIAN. ) SOLID_ANGLE_UNIT ( ) );
#4715 =( GEOMETRIC_REPRESENTATION_CONTEXT ( 3 ) GLOBAL_UNCERTAINTY_ASSIGNED_CONTEXT ( ( #3940 ) ) GLOBAL_UNIT_ASSIGNED_CONTEXT ( ( #995, #984, #2829 ) ) REPRESENTATION_CONTEXT ( 'NONE', 'WORKASPACE' ) );
#4716 = LINE ( 'NONE', #3544, #1768 ) ;
#4717 =( NAMED_UNIT ( * ) SI_UNIT ( $, .STERADIAN. ) SOLID_ANGLE_UNIT ( ) );
#4718 = VECTOR ( 'NONE', #314, 1000.000000000000000 ) ;
#4719 = AXIS2_PLACEMENT_3D ( 'NONE', #1229, #130, #924 ) ;
#4720 = CARTESIAN_POINT ( 'NONE',  ( -0.09999999999999988065, 0.07499999999999999722, -0.1150000000000000050 ) ) ;
#4721 = DIRECTION ( 'NONE',  ( -1.000000000000000000, 0.0000000000000000000, 0.0000000000000000000 ) ) ;
#4722 = EDGE_LOOP ( 'NONE', ( #3936, #1138, #3527, #941 ) ) ;
#4723 = DIRECTION ( 'NONE',  ( 0.0000000000000000000, 1.000000000000000000, 0.0000000000000000000 ) ) ;
#4724 = DIRECTION ( 'NONE',  ( -0.0000000000000000000, -0.0000000000000000000, 1.000000000000000000 ) ) ;
#4725 = FACE_OUTER_BOUND ( 'NONE', #3406, .T. ) ;
#4726 = CARTESIAN_POINT ( 'NONE',  ( -0.1248000000000002163, 0.1248000000000002163, 0.1100000000000000006 ) ) ;
#4727 = VERTEX_POINT ( 'NONE', #515 ) ;
#4728 = ORIENTED_EDGE ( 'NONE', *, *, #1341, .F. ) ;
#4729 = EDGE_CURVE ( 'NONE', #525, #760, #4234, .T. ) ;
#4730 = EDGE_LOOP ( 'NONE', ( #1557, #1397, #3669, #4692 ) ) ;
#4731 = DIRECTION ( 'NONE',  ( -1.355252715606880543E-16, -1.000000000000000000, 0.0000000000000000000 ) ) ;
#4732 = UNCERTAINTY_MEASURE_WITH_UNIT (LENGTH_MEASURE( 1.000000000000000082E-05 ), #2533, 'distance_accuracy_value', 'NONE');
#4733 = DIRECTION ( 'NONE',  ( 0.0000000000000000000, -0.0000000000000000000, 1.000000000000000000 ) ) ;
#4734 = EDGE_LOOP ( 'NONE', ( #1696, #3975, #3663, #3765, #962, #2638, #4610, #4297 ) ) ;
#4735 = STYLED_ITEM ( 'NONE', ( #1948 ), #3414 ) ;
#4736 = UNCERTAINTY_MEASURE_WITH_UNIT (LENGTH_MEASURE( 1.000000000000000082E-05 ), #2931, 'distance_accuracy_value', 'NONE');
#4737 =( LENGTH_UNIT ( ) NAMED_UNIT ( * ) SI_UNIT ( .MILLI., .METRE. ) );
#4738 = ORIENTED_EDGE ( 'NONE', *, *, #3509, .F. ) ;
#4739 = VECTOR ( 'NONE', #4244, 1000.000000000000000 ) ;
#4740 = SURFACE_STYLE_FILL_AREA ( #2869 ) ;
#4741 = ADVANCED_FACE ( 'NONE', ( #2635 ), #1960, .F. ) ;
#4742 =( GEOMETRIC_REPRESENTATION_CONTEXT ( 3 ) GLOBAL_UNCERTAINTY_ASSIGNED_CONTEXT ( ( #3320 ) ) GLOBAL_UNIT_ASSIGNED_CONTEXT ( ( #300, #4681, #4343 ) ) REPRESENTATION_CONTEXT ( 'NONE', 'WORKASPACE' ) );
#4743 = PLANE ( 'NONE',  #1329 ) ;
#4744 = FILL_AREA_STYLE ('',( #2557 ) ) ;
#4745 = VERTEX_POINT ( 'NONE', #1296 ) ;
#4746 = AXIS2_PLACEMENT_3D ( 'NONE', #910, #544, #939 ) ;
#4747 = EDGE_LOOP ( 'NONE', ( #186, #3874, #3554, #2887 ) ) ;
#4748 = DIRECTION ( 'NONE',  ( 1.000000000000000000, 0.0000000000000000000, 0.0000000000000000000 ) ) ;
#4749 = ORIENTED_EDGE ( 'NONE', *, *, #2826, .T. ) ;
#4750 = FACE_OUTER_BOUND ( 'NONE', #2679, .T. ) ;
#4751 = DIRECTION ( 'NONE',  ( -1.000000000000000000, 0.0000000000000000000, -0.0000000000000000000 ) ) ;
#4752 = SURFACE_STYLE_FILL_AREA ( #4666 ) ;
#4753 = VECTOR ( 'NONE', #3744, 1000.000000000000000 ) ;
#4754 = SURFACE_STYLE_USAGE ( .BOTH. , #349 ) ;
#4755 = VERTEX_POINT ( 'NONE', #3894 ) ;
#4756 =( NAMED_UNIT ( * ) PLANE_ANGLE_UNIT ( ) SI_UNIT ( $, .RADIAN. ) );
#4757 = FACE_OUTER_BOUND ( 'NONE', #2715, .T. ) ;
#4758 = SURFACE_STYLE_USAGE ( .BOTH. , #402 ) ;
#4759 = DIRECTION ( 'NONE',  ( -0.0000000000000000000, -0.0000000000000000000, -1.000000000000000000 ) ) ;
#4760 = SURFACE_SIDE_STYLE ('',( #1333 ) ) ;
#4761 = ORIENTED_EDGE ( 'NONE', *, *, #3221, .F. ) ;
#4762 = DIRECTION ( 'NONE',  ( 1.549318638402482068E-15, 1.000000000000000000, 0.0000000000000000000 ) ) ;
#4763 = EDGE_CURVE ( 'NONE', #441, #2796, #2180, .T. ) ;
#4764 = SURFACE_STYLE_FILL_AREA ( #309 ) ;
#4765 = ADVANCED_FACE ( 'NONE', ( #4356 ), #1678, .F. ) ;
#4766 = PRESENTATION_LAYER_ASSIGNMENT (  '', '', ( #1400 ) ) ;
#4767 = FILL_AREA_STYLE ('',( #2897 ) ) ;
#4768 = FACE_OUTER_BOUND ( 'NONE', #4060, .T. ) ;
#4769 = MECHANICAL_DESIGN_GEOMETRIC_PRESENTATION_REPRESENTATION (  '', ( #3850 ), #3196 ) ;
ENDSEC;
END-ISO-10303-21;
